# RBM_complex history | L=6 (N=36) | J1=1.0 | J2=0.6
# n_samples=10000 | n_iter=800 | diag_shift=0.01 | seed=1234
iter,energy_mean,energy_sigma,energy_per_site_mean,energy_per_site_sigma
0,115.120028301648,0.011451952919,3.197778563935,0.000318109803
1,115.087840183924,0.015473693603,3.196884449553,0.000429824822
2,115.041528524662,0.019282297884,3.195598014574,0.000535619386
3,114.990041026951,0.023760404571,3.194167806304,0.000660011238
4,114.894507571472,0.028093105030,3.191514099208,0.000780364029
5,114.730309731631,0.032827840041,3.186953048101,0.000911884446
6,114.631214340193,0.038271527624,3.184200398339,0.001063097990
7,114.425443936088,0.043687529483,3.178484553780,0.001213542486
8,114.181891679361,0.049546895108,3.171719213316,0.001376302642
9,113.896512516794,0.060759296699,3.163792014355,0.001687758242
10,113.511243100783,0.067247970208,3.153090086133,0.001867999172
11,113.117336214818,0.077298187068,3.142148228189,0.002147171863
12,112.645904805866,0.085581533503,3.129052911274,0.002377264820
13,111.968510749279,0.094530143491,3.110236409702,0.002625837319
14,111.297202896190,0.100237704840,3.091588969339,0.002784380690
15,110.597485728279,0.111871610903,3.072152381341,0.003107544747
16,109.501025977075,0.122582742771,3.041695166030,0.003405076188
17,108.459503783777,0.136476393001,3.012763993994,0.003791010917
18,106.995283729895,0.156748943901,2.972091214719,0.004354137331
19,105.262849529784,0.166428187120,2.923968042494,0.004623005198
20,103.589464097417,0.181063153445,2.877485113817,0.005029532040
21,101.805072778518,0.196825588649,2.827918688292,0.005467377462
22,99.578768181857,0.204821706865,2.766076893940,0.005689491857
23,97.072311153678,0.223502794717,2.696453087602,0.006208410964
24,94.329988757131,0.240944254827,2.620277465476,0.006692895967
25,90.943483888613,0.251776206537,2.526207885795,0.006993783515
26,87.575572946708,0.275902775080,2.432654804075,0.007663965974
27,84.377087914803,0.285838306219,2.343807997633,0.007939952951
28,80.033174530915,0.312249145032,2.223143736970,0.008673587362
29,75.586158052557,0.325333139550,2.099615501460,0.009037031654
30,71.311286613637,0.326643434972,1.980869072601,0.009073428749
31,66.697199485387,0.345814501622,1.852699985705,0.009605958378
32,60.868383663564,0.362644874238,1.690788435099,0.010073468729
33,56.986893188887,0.378958564086,1.582969255247,0.010526626780
34,51.262585775466,0.378111930831,1.423960715985,0.010503109190
35,45.473928203235,0.382011712075,1.263164672312,0.010611436447
36,41.520994618941,0.393835369533,1.153360961637,0.010939871376
37,36.315809989825,0.383955933568,1.008772499717,0.010665442599
38,30.983160515394,0.386977007958,0.860643347650,0.010749361332
39,26.709118984728,0.408796237169,0.741919971798,0.011355451032
40,22.937212667568,0.405158865221,0.637144796321,0.011254412923
41,18.844802616147,0.358995609590,0.523466739337,0.009972100266
42,15.124174809069,0.383523933298,0.420115966919,0.010653442592
43,11.854883536008,0.385762908879,0.329302320445,0.010715636358
44,9.063558893131,0.368184484804,0.251765524809,0.010227346800
45,5.728179931869,0.337504018693,0.159116109219,0.009375111630
46,2.943102475914,0.332008067948,0.081752846553,0.009222446332
47,1.290794994294,0.321782729074,0.035855416508,0.008938409141
48,-1.223723248315,0.315756320731,-0.033992312453,0.008771008909
49,-1.999968088820,0.309763658245,-0.055554669134,0.008604546062
50,-4.435802435478,0.284750212788,-0.123216734319,0.007909728133
51,-5.370100588106,0.282891619994,-0.149169460781,0.007858100555
52,-7.352278505324,0.276614981534,-0.204229958481,0.007683749487
53,-8.181773868246,0.265762623675,-0.227271496340,0.007382295102
54,-9.637635290586,0.265251228617,-0.267712091405,0.007368089684
55,-10.624042312240,0.252668989727,-0.295112286451,0.007018583048
56,-11.142025121097,0.260872508534,-0.309500697808,0.007246458570
57,-12.422234612595,0.242960837260,-0.345062072572,0.006748912146
58,-12.661988605292,0.246044858547,-0.351721905703,0.006834579404
59,-13.576354635699,0.240897898766,-0.377120962103,0.006691608299
60,-14.542789344721,0.243169571806,-0.403966370687,0.006754710328
61,-15.078329754182,0.233395521556,-0.418842493172,0.006483208932
62,-15.618001153722,0.228496336865,-0.433833365381,0.006347120468
63,-15.815366144804,0.232050223296,-0.439315726245,0.006445839536
64,-16.370574554551,0.230546489843,-0.454738182071,0.006404069162
65,-16.720923389629,0.225717547482,-0.464470094156,0.006269931875
66,-17.744159691002,0.207590500271,-0.492893324750,0.005766402785
67,-18.241953015369,0.222739060937,-0.506720917094,0.006187196137
68,-18.426606099415,0.215598436233,-0.511850169428,0.005988845451
69,-18.826370883425,0.212864942243,-0.522954746762,0.005912915062
70,-18.711539366755,0.230508688311,-0.519764982410,0.006403019120
71,-18.935480179165,0.213919389071,-0.525985560532,0.005942205252
72,-19.393427924768,0.206309094978,-0.538706331244,0.005730808194
73,-19.945837584399,0.201411140277,-0.554051044011,0.005594753897
74,-19.834627520672,0.217826605958,-0.550961875574,0.006050739054
75,-20.541940943377,0.206844738891,-0.570609470649,0.005745687191
76,-20.595733180987,0.246945696930,-0.572103699472,0.006859602693
77,-20.923639086153,0.207941601900,-0.581212196838,0.005776155608
78,-20.966107773842,0.200988909979,-0.582391882607,0.005583025277
79,-21.470812908560,0.211594934733,-0.596411469682,0.005877637076
80,-21.212813078061,0.207062374139,-0.589244807724,0.005751732615
81,-21.650332143894,0.202167190098,-0.601398115108,0.005615755281
82,-21.888502202142,0.200143959729,-0.608013950059,0.005559554437
83,-22.134805703503,0.184256915522,-0.614855713986,0.005118247653
84,-22.434195457853,0.195382334290,-0.623172096051,0.005427287064
85,-22.269790443687,0.213458316193,-0.618605290102,0.005929397672
86,-23.007602642816,0.194237064633,-0.639100073412,0.005395474018
87,-23.126371534086,0.198037122206,-0.642399209280,0.005501031172
88,-23.017332395092,0.193343078472,-0.639370344308,0.005370641069
89,-23.166784307632,0.187590283315,-0.643521786323,0.005210841203
90,-23.388573410965,0.196013515405,-0.649682594749,0.005444819872
91,-23.575332373958,0.206680492792,-0.654870343721,0.005741124800
92,-23.728992422366,0.192158973343,-0.659138678399,0.005337749260
93,-24.132464895431,0.198133918219,-0.670346247095,0.005503719951
94,-24.313236873255,0.193585299643,-0.675367690924,0.005377369435
95,-24.296937634388,0.187775348914,-0.674914934289,0.005215981914
96,-24.604708495727,0.185424046571,-0.683464124881,0.005150667960
97,-24.488945329609,0.189718304427,-0.680248481378,0.005269952901
98,-24.427252794575,0.197872760454,-0.678534799849,0.005496465568
99,-24.943042438341,0.191112231660,-0.692862289954,0.005308673102
100,-25.230275399008,0.187737338113,-0.700840983306,0.005214926059
101,-25.227938559414,0.194121315447,-0.700776071095,0.005392258762
102,-25.371078903656,0.192917506341,-0.704752191768,0.005358819621
103,-25.542890602511,0.198295563783,-0.709524738959,0.005508210105
104,-26.197283827063,0.184034178480,-0.727702328530,0.005112060513
105,-25.869651757264,0.195481062782,-0.718601437702,0.005430029522
106,-26.086105651618,0.179136683183,-0.724614045878,0.004976018977
107,-26.315268798092,0.186551217846,-0.730979688836,0.005181978274
108,-26.523989795343,0.186178628327,-0.736777494315,0.005171628565
109,-26.381760683430,0.189624694963,-0.732826685651,0.005267352638
110,-26.845867565929,0.198988159483,-0.745718543498,0.005527448875
111,-26.845303676383,0.193741111890,-0.745702879900,0.005381697553
112,-26.948416489924,0.188768533912,-0.748567124720,0.005243570386
113,-27.000741958912,0.190560250130,-0.750020609970,0.005293340281
114,-27.142227788179,0.194232465337,-0.753950771894,0.005395346259
115,-27.291853495166,0.217810488803,-0.758107041532,0.006050291356
116,-27.778004296404,0.189545043241,-0.771611230456,0.005265140090
117,-27.805411617665,0.180710371844,-0.772372544935,0.005019732551
118,-27.636205705647,0.196532537892,-0.767672380712,0.005459237164
119,-27.989015665132,0.194802045369,-0.777472657365,0.005411167927
120,-28.411583285578,0.175789693612,-0.789210646822,0.004883047045
121,-28.699230872833,0.181454482761,-0.797200857579,0.005040402299
122,-28.330479656834,0.189547475751,-0.786957768245,0.005265207660
123,-28.852764370965,0.195621435550,-0.801465676971,0.005433928765
124,-28.773779277918,0.190688335051,-0.799271646609,0.005296898196
125,-28.683854020030,0.184664474413,-0.796773722779,0.005129568734
126,-28.968239011000,0.192310949004,-0.804673305861,0.005341970806
127,-28.932961705806,0.188192496599,-0.803693380717,0.005227569350
128,-29.293251151905,0.185767334776,-0.813701420886,0.005160203744
129,-29.655291343948,0.185381262533,-0.823758092887,0.005149479515
130,-29.617396655419,0.201668255952,-0.822705462651,0.005601895999
131,-30.050847152184,0.176345545576,-0.834745754227,0.004898487377
132,-30.040962366424,0.175781350213,-0.834471176845,0.004882815284
133,-29.928604785794,0.186523385987,-0.831350132939,0.005181205166
134,-30.530533139116,0.178623463223,-0.848070364975,0.004961762867
135,-30.262764947848,0.195792920739,-0.840632359662,0.005438692243
136,-30.781370660555,0.172647014728,-0.855038073904,0.004795750409
137,-30.744841009560,0.191658993470,-0.854023361377,0.005323860930
138,-30.838237992422,0.203559007870,-0.856617722012,0.005654416885
139,-30.837468705041,0.187349151760,-0.856596352918,0.005204143104
140,-31.350630335029,0.191797764313,-0.870850842640,0.005327715675
141,-31.121333812265,0.210382057190,-0.864481494785,0.005843946033
142,-31.247877245567,0.183507965923,-0.867996590155,0.005097443498
143,-31.371265435711,0.186884785208,-0.871424039881,0.005191244034
144,-31.925954668082,0.197193084884,-0.886832074113,0.005477585691
145,-32.152031860217,0.202642551166,-0.893111996117,0.005628959755
146,-32.060122903698,0.184237978627,-0.890558969547,0.005117721629
147,-32.355722403551,0.172505351545,-0.898770066765,0.004791815321
148,-32.196018821939,0.193098918867,-0.894333856165,0.005363858857
149,-32.850089366374,0.194973197055,-0.912502482399,0.005415922140
150,-32.367020885818,0.196353979051,-0.899083913495,0.005454277196
151,-32.707276934744,0.219665190027,-0.908535470410,0.006101810834
152,-32.779182332680,0.195142104300,-0.910532842574,0.005420614008
153,-32.918769366537,0.181522712831,-0.914410260182,0.005042297579
154,-33.202911733397,0.175424771271,-0.922303103705,0.004872910313
155,-33.252470106009,0.180575927563,-0.923679725167,0.005015997988
156,-33.707008385256,0.191008094728,-0.936305788479,0.005305780409
157,-33.524964528968,0.197548973022,-0.931249014694,0.005487471473
158,-33.526775770867,0.189094530957,-0.931299326969,0.005252625860
159,-33.810140875571,0.179881209848,-0.939170579877,0.004996700274
160,-33.802964156167,0.184134608673,-0.938971226560,0.005114850241
161,-34.265648225795,0.189217406965,-0.951823561828,0.005256039082
162,-34.263689266422,0.183276976941,-0.951769146290,0.005091027137
163,-34.412193412570,0.182881835595,-0.955894261460,0.005080050989
164,-34.720292201673,0.193855897775,-0.964452561158,0.005384886049
165,-34.790677814630,0.221269839871,-0.966407717073,0.006146384441
166,-35.064492241418,0.188745281147,-0.974013673373,0.005242924476
167,-34.772949767467,0.183713772684,-0.965915271319,0.005103160352
168,-35.202074469344,0.180196087429,-0.977835401926,0.005005446873
169,-35.104948449869,0.194358164398,-0.975137456941,0.005398837900
170,-35.657299703424,0.226447407794,-0.990480547317,0.006290205772
171,-36.081313588766,0.176115415592,-1.002258710799,0.004892094878
172,-35.810383060523,0.190867662583,-0.994732862792,0.005301879516
173,-36.371696714150,0.179457471425,-1.010324908726,0.004984929762
174,-36.513601624306,0.177854063152,-1.014266711786,0.004940390643
175,-36.157523851671,0.189355828777,-1.004375662546,0.005259884133
176,-36.035450255290,0.194024052329,-1.000984729314,0.005389557009
177,-36.376363972032,0.192002763517,-1.010454554779,0.005333410098
178,-36.600712880654,0.187380427730,-1.016686468907,0.005205011881
179,-36.366743060780,0.183645962995,-1.010187307244,0.005101276750
180,-36.597196225318,0.188842204036,-1.016588784037,0.005245616779
181,-36.692186839049,0.179731499474,-1.019227412196,0.004992541652
182,-37.150839739124,0.185620052783,-1.031967770531,0.005156112577
183,-37.313179395610,0.197223478306,-1.036477205434,0.005478429953
184,-37.723137011765,0.195211482360,-1.047864916993,0.005422541177
185,-37.661727356012,0.182615132307,-1.046159093223,0.005072642564
186,-37.830112633020,0.194708713818,-1.050836462028,0.005408575384
187,-37.819616990919,0.179093162535,-1.050544916414,0.004974810070
188,-38.060324089360,0.190362323222,-1.057231224704,0.005287842312
189,-38.478935493857,0.178803001004,-1.068859319274,0.004966750028
190,-37.991586651007,0.186460044947,-1.055321851417,0.005179445693
191,-38.686935516505,0.178632921583,-1.074637097681,0.004962025600
192,-38.726544668140,0.175917505090,-1.075737351893,0.004886597364
193,-38.853283625972,0.172482352328,-1.079257878499,0.004791176454
194,-38.737780798325,0.185543842638,-1.076049466620,0.005153995629
195,-38.958196027299,0.182539183755,-1.082172111869,0.005070532882
196,-39.096805265425,0.182113519450,-1.086022368484,0.005058708874
197,-39.234057951258,0.188127390986,-1.089834943090,0.005225760861
198,-39.108167480058,0.172428495611,-1.086337985557,0.004789680434
199,-39.758832440946,0.163718744028,-1.104412012248,0.004547742890
200,-39.610149439210,0.171236401773,-1.100281928867,0.004756566716
201,-40.059345468134,0.168559709140,-1.112759596337,0.004682214143
202,-39.878637038363,0.182342390843,-1.107739917732,0.005065066412
203,-39.814992139039,0.189128725214,-1.105972003862,0.005253575700
204,-39.924239807353,0.175088193666,-1.109006661315,0.004863560935
205,-40.347974168231,0.180811431985,-1.120777060229,0.005022539777
206,-40.389854799344,0.175827911360,-1.121940411093,0.004884108649
207,-40.430277544648,0.171639903690,-1.123063265129,0.004767775102
208,-41.107650103306,0.160935887907,-1.141879169536,0.004470441331
209,-40.808098692438,0.172863610109,-1.133558297012,0.004801766947
210,-41.156724350202,0.187327697288,-1.143242343061,0.005203547147
211,-41.425018067276,0.162569453137,-1.150694946313,0.004515818143
212,-40.924875024769,0.183993024666,-1.136802084021,0.005110917352
213,-41.483278719051,0.170131630082,-1.152313297751,0.004725878613
214,-41.679686602507,0.167346374507,-1.157769072292,0.004648510403
215,-41.452165137484,0.169935022390,-1.151449031597,0.004720417289
216,-41.582433024216,0.174062817220,-1.155067584006,0.004835078256
217,-41.824740517553,0.208188318650,-1.161798347710,0.005783008851
218,-41.934924103283,0.189850770321,-1.164859002869,0.005273632509
219,-41.859641028586,0.179742196309,-1.162767806350,0.004992838786
220,-42.471891235582,0.161360145250,-1.179774756544,0.004482226257
221,-42.363632270917,0.164716059580,-1.176767563081,0.004575446099
222,-42.494495083072,0.236882040682,-1.180402641196,0.006580056686
223,-42.524035338645,0.189011559405,-1.181223203851,0.005250321095
224,-42.491792389082,0.184685371530,-1.180327566363,0.005130149209
225,-42.993521955185,0.175181004657,-1.194264498755,0.004866139018
226,-42.895324300313,0.156735118895,-1.191536786120,0.004353753303
227,-43.201951003673,0.164882618899,-1.200054194546,0.004580072747
228,-43.053061732834,0.157430742747,-1.195918381468,0.004373076187
229,-43.416567670412,0.163849912751,-1.206015768623,0.004551386465
230,-42.872035788943,0.172313528598,-1.190889883026,0.004786486905
231,-43.720352445013,0.171958437862,-1.214454234584,0.004776623274
232,-43.762701516552,0.161535860245,-1.215630597682,0.004487107229
233,-43.774379156123,0.155452000287,-1.215954976559,0.004318111119
234,-43.761014302433,0.159846224742,-1.215583730623,0.004440172910
235,-44.133716413774,0.143997315312,-1.225936567049,0.003999925425
236,-44.225165832137,0.136974359894,-1.228476828670,0.003804843330
237,-44.284113421486,0.139119523985,-1.230114261708,0.003864431222
238,-44.273586131718,0.187605836084,-1.229821836992,0.005211273225
239,-44.513093203881,0.161665898666,-1.236474811219,0.004490719407
240,-44.561367729934,0.149086450854,-1.237815770276,0.004141290301
241,-44.975308569410,0.143026446122,-1.249314126928,0.003972956837
242,-44.809926952669,0.138780429219,-1.244720193130,0.003855011923
243,-45.178086691818,0.163067648066,-1.254946852551,0.004529656891
244,-45.375565355667,0.139768205798,-1.260432370991,0.003882450161
245,-45.356444284737,0.129621990766,-1.259901230132,0.003600610855
246,-45.231192150303,0.151950345849,-1.256422004175,0.004220842940
247,-45.522686638794,0.203174474534,-1.264519073300,0.005643735404
248,-45.284381055859,0.153345051772,-1.257899473774,0.004259584771
249,-45.574857870866,0.133218660457,-1.265968274191,0.003700518346
250,-45.838740731879,0.137361252425,-1.273298353663,0.003815590345
251,-45.777334000491,0.126520454314,-1.271592611125,0.003514457064
252,-45.587726148790,0.167821618027,-1.266325726355,0.004661711612
253,-45.940435530732,0.167591144509,-1.276123209187,0.004655309570
254,-46.298424202219,0.156088047641,-1.286067338951,0.004335779101
255,-46.371511177820,0.131836298435,-1.288097532717,0.003662119401
256,-46.415716195916,0.130947947724,-1.289325449887,0.003637442992
257,-46.442695644958,0.118005172526,-1.290074879027,0.003277921459
258,-46.601543483766,0.142192488682,-1.294487318994,0.003949791352
259,-46.743984502351,0.126204379097,-1.298444013954,0.003505677197
260,-46.635245649890,0.128498285264,-1.295423490275,0.003569396813
261,-46.547337074987,0.114426534942,-1.292981585416,0.003178514860
262,-46.652514167076,0.121541764054,-1.295903171308,0.003376160113
263,-46.839031276763,0.126193819830,-1.301084202132,0.003505383884
264,-46.714487385415,0.125704818022,-1.297624649595,0.003491800501
265,-46.761219985815,0.174399034665,-1.298922777384,0.004844417630
266,-47.093922053375,0.148637556263,-1.308164501483,0.004128821007
267,-47.267718591200,0.136631821752,-1.312992183089,0.003795328382
268,-47.351549783381,0.122510747716,-1.315320827316,0.003403076325
269,-47.476085719713,0.119922856636,-1.318780158881,0.003331190462
270,-47.469839383393,0.127965792579,-1.318606649539,0.003554605349
271,-47.392477214072,0.118206990810,-1.316457700391,0.003283527522
272,-47.341011004074,0.127726253204,-1.315028083446,0.003547951478
273,-47.643103401662,0.265435853693,-1.323419538935,0.007373218158
274,-47.799819480939,0.116653505011,-1.327772763359,0.003240375139
275,-47.933246309561,0.114899544133,-1.331479064154,0.003191654004
276,-48.124845189828,0.129335397540,-1.336801255273,0.003592649932
277,-48.246849277822,0.119890892522,-1.340190257717,0.003330302570
278,-48.235059187881,0.109625351863,-1.339862755219,0.003045148663
279,-48.243215984619,0.115679782812,-1.340089332906,0.003213327300
280,-48.337371984811,0.120308812406,-1.342704777356,0.003341911456
281,-48.494316490091,0.110184557104,-1.347064346947,0.003060682142
282,-48.650242507901,0.125985998353,-1.351395625219,0.003499611065
283,-48.618738041685,0.120635626743,-1.350520501158,0.003350989632
284,-48.698176345071,0.109017636883,-1.352727120696,0.003028267691
285,-48.822597995751,0.137822371458,-1.356183277660,0.003828399207
286,-48.849602690851,0.110008285208,-1.356933408079,0.003055785700
287,-48.928670381438,0.106909746929,-1.359129732818,0.002969715192
288,-48.975599491756,0.113518972502,-1.360433319215,0.003153304792
289,-49.015835877517,0.118100930410,-1.361550996598,0.003280581400
290,-48.921248631111,0.117674744645,-1.358923573086,0.003268742907
291,-48.944961748050,0.123056580859,-1.359582270779,0.003418238357
292,-49.101731684007,0.114992303101,-1.363936991222,0.003194230642
293,-49.143800393248,0.119777187737,-1.365105566479,0.003327144104
294,-49.196320614736,0.108812581229,-1.366564461520,0.003022571701
295,-49.296896434843,0.214396204597,-1.369358234301,0.005955450128
296,-49.474250785466,0.121451233498,-1.374284744041,0.003373645375
297,-49.454434753753,0.113897176000,-1.373734298715,0.003163810444
298,-49.527617957161,0.110162013535,-1.375767165477,0.003060055932
299,-49.625662741688,0.104060241510,-1.378490631714,0.002890562264
300,-49.851409396657,0.101735568318,-1.384761372129,0.002825988009
301,-49.848510572535,0.122401099250,-1.384680849237,0.003400030535
302,-49.933390533374,0.103108365426,-1.387038625927,0.002864121262
303,-49.936990384783,0.110484409629,-1.387138621800,0.003069011379
304,-49.966666183966,0.098442738415,-1.387962949555,0.002734520512
305,-50.067143070154,0.114768216485,-1.390753974171,0.003188006013
306,-50.224092315568,0.115652881218,-1.395113675432,0.003212580034
307,-50.400115173045,0.100994817580,-1.400003199251,0.002805411599
308,-50.323576796134,0.113401465812,-1.397877133226,0.003150040717
309,-50.283640619245,0.113617619329,-1.396767794979,0.003156044981
310,-50.413529157519,0.105064436651,-1.400375809931,0.002918456574
311,-50.445755869422,0.107146847573,-1.401270996373,0.002976301321
312,-50.345661391014,0.099958440941,-1.398490594195,0.002776623359
313,-50.571088388731,0.109622184849,-1.404752455243,0.003045060690
314,-50.514642206934,0.103783887815,-1.403184505748,0.002882885773
315,-50.611750280780,0.098419214463,-1.405881952244,0.002733867068
316,-50.842949586705,0.111854914017,-1.412304155186,0.003107080945
317,-50.868119514932,0.113269626235,-1.413003319859,0.003146378507
318,-50.837586466420,0.103219293934,-1.412155179623,0.002867202609
319,-51.053566753202,0.105236598929,-1.418154632033,0.002923238859
320,-51.120086905319,0.111434837119,-1.420002414037,0.003095412142
321,-51.007433409430,0.093840075059,-1.416873150262,0.002606668752
322,-51.130732008976,0.103560849099,-1.420298111360,0.002876690253
323,-51.062798447329,0.125129751041,-1.418411067981,0.003475826418
324,-51.322215094568,0.107789560232,-1.425617085960,0.002994154451
325,-51.391776706052,0.093220871602,-1.427549352946,0.002589468656
326,-51.411633856033,0.098767288003,-1.428100940445,0.002743535778
327,-51.493806046258,0.102868051574,-1.430383501285,0.002857445877
328,-51.487046902911,0.097817484158,-1.430195747303,0.002717152338
329,-51.574292824852,0.097161582869,-1.432619245135,0.002698932857
330,-51.552498048030,0.110667500908,-1.432013834667,0.003074097247
331,-51.591585478890,0.097414484587,-1.433099596636,0.002705957905
332,-51.707776299281,0.092154167465,-1.436327119424,0.002559837985
333,-51.864718187471,0.096783985212,-1.440686616319,0.002688444034
334,-51.811296757485,0.093540133111,-1.439202687708,0.002598337031
335,-51.796172920154,0.096106960818,-1.438782581115,0.002669637801
336,-52.010617031094,0.093930017730,-1.444739361975,0.002609167159
337,-51.980754204675,0.103302210386,-1.443909839019,0.002869505844
338,-52.159756779063,0.100606852198,-1.448882132752,0.002794634783
339,-52.166925163905,0.099781897510,-1.449081254553,0.002771719375
340,-52.165638894449,0.098496581456,-1.449045524846,0.002736016152
341,-52.283399708452,0.136373262803,-1.452316658568,0.003788146189
342,-52.297808389530,0.103666691683,-1.452716899709,0.002879630325
343,-52.358237606712,0.101911012680,-1.454395489075,0.002830861463
344,-52.453709074280,0.093371623182,-1.457047474286,0.002593656199
345,-52.433710748941,0.092208876080,-1.456491965248,0.002561357669
346,-52.588880755563,0.092001573690,-1.460802243210,0.002555599269
347,-52.488165156297,0.114299370357,-1.458004587675,0.003174982510
348,-52.649784976987,0.100501326183,-1.462494027139,0.002791703505
349,-52.647281461070,0.093877583484,-1.462424485030,0.002607710652
350,-52.691461752759,0.088822419493,-1.463651715354,0.002467289430
351,-52.868834083467,0.137623712770,-1.468578724541,0.003822880910
352,-52.651815117343,0.094602489149,-1.462550419926,0.002627846921
353,-52.676093048399,0.095021364952,-1.463224806900,0.002639482360
354,-53.001697285914,0.092833646989,-1.472269369053,0.002578712416
355,-52.957079738399,0.088038630862,-1.471029992733,0.002445517524
356,-53.037110406924,0.093046888939,-1.473253066859,0.002584635804
357,-52.841837426261,0.091551141006,-1.467828817396,0.002543087250
358,-53.090471166577,0.108814969054,-1.474735310183,0.003022638029
359,-53.017911035487,0.090714950902,-1.472719750986,0.002519859747
360,-53.154005379474,0.098803734239,-1.476500149430,0.002744548173
361,-53.133222032173,0.095436228361,-1.475922834227,0.002651006343
362,-53.229084587141,0.089652263669,-1.478585682976,0.002490340657
363,-53.312305413282,0.097021193580,-1.480897372591,0.002695033155
364,-53.343876468168,0.094361877671,-1.481774346338,0.002621163269
365,-53.431280499866,0.086536813770,-1.484202236107,0.002403800382
366,-53.403702907524,0.086579993280,-1.483436191876,0.002404999813
367,-53.453714719624,0.087425881878,-1.484825408878,0.002428496719
368,-53.728902203717,0.226568105156,-1.492469505659,0.006293558477
369,-53.531783440992,0.096623298777,-1.486993984472,0.002683980522
370,-53.612392150469,0.086401694152,-1.489233115291,0.002400047060
371,-53.676191821657,0.093331182166,-1.491005328379,0.002592532838
372,-53.745914291106,0.088953987155,-1.492942063642,0.002470944088
373,-53.751979449465,0.086209394024,-1.493110540263,0.002394705390
374,-53.818490159119,0.080970458644,-1.494958059976,0.002249179407
375,-53.897791897784,0.095630983049,-1.497160886050,0.002656416196
376,-53.906503521416,0.085435224945,-1.497402875595,0.002373200693
377,-53.921600411944,0.082331097229,-1.497822233665,0.002286974923
378,-53.872623763206,0.095317554377,-1.496461771200,0.002647709844
379,-54.022693977896,0.088660433468,-1.500630388275,0.002462789819
380,-54.104680801490,0.081046775039,-1.502907800041,0.002251299307
381,-54.147683620336,0.086607106025,-1.504102322787,0.002405752945
382,-53.987844296343,0.085290103151,-1.499662341565,0.002369169532
383,-54.058018920379,0.090031557927,-1.501611636677,0.002500876609
384,-54.290649060719,0.086946286031,-1.508073585020,0.002415174612
385,-54.318189519718,0.081151313812,-1.508838597770,0.002254203161
386,-54.222606621834,0.095093214208,-1.506183517273,0.002641478172
387,-54.316426311949,0.084248157062,-1.508789619776,0.002340226585
388,-54.291202295679,0.083475494129,-1.508088952658,0.002318763726
389,-54.404600839049,0.085936337472,-1.511238912196,0.002387120485
390,-54.438659845136,0.078931481630,-1.512184995698,0.002192541156
391,-54.538703709993,0.099208240439,-1.514963991944,0.002755784457
392,-54.474626228240,0.085012613759,-1.513184061896,0.002361461493
393,-54.565129348057,0.080053890161,-1.515698037446,0.002223719171
394,-54.641408968211,0.076483192648,-1.517816915784,0.002124533129
395,-54.771516215958,0.102005638620,-1.521431005999,0.002833489962
396,-54.746489862542,0.076642118486,-1.520735829515,0.002128947736
397,-54.684872061180,0.080634225624,-1.519024223922,0.002239839601
398,-54.838990626490,0.079571408325,-1.523305295180,0.002210316898
399,-54.827374239534,0.083025238657,-1.522982617765,0.002306256629
400,-54.849428929103,0.086327029619,-1.523595248031,0.002397973045
401,-54.961238987321,0.080406471806,-1.526701082981,0.002233513106
402,-55.076345166996,0.080804864556,-1.529898476861,0.002244579571
403,-54.986399556805,0.085517255640,-1.527399987689,0.002375479323
404,-55.084889693266,0.109675932812,-1.530135824813,0.003046553689
405,-54.919557757398,0.091771257574,-1.525543271039,0.002549201599
406,-55.124883739331,0.078693338888,-1.531246770537,0.002185926080
407,-55.169252575000,0.083212213522,-1.532479238194,0.002311450376
408,-55.171838472032,0.077651336636,-1.532551068668,0.002156981573
409,-55.150923814190,0.078574209997,-1.531970105950,0.002182616944
410,-55.256447346635,0.071498556057,-1.534901315184,0.001986071002
411,-55.166448681219,0.086010462277,-1.532401352256,0.002389179508
412,-55.269081288369,0.080895400795,-1.535252258010,0.002247094467
413,-55.393998913953,0.085998338484,-1.538722192054,0.002388842736
414,-55.321073944864,0.085733785228,-1.536696498468,0.002381494034
415,-55.378902177925,0.097368342368,-1.538302838276,0.002704676177
416,-55.370101334030,0.083618146411,-1.538058370390,0.002322726289
417,-55.504402979004,0.081368856958,-1.541788971639,0.002260246027
418,-55.411957468312,0.372629758860,-1.539221040786,0.010350826635
419,-55.479195758062,0.074016913398,-1.541088771057,0.002056025372
420,-55.573813763752,0.147867536335,-1.543717048993,0.004107431565
421,-55.624352007900,0.075616216074,-1.545120889108,0.002100450447
422,-55.623444734656,0.077019562845,-1.545095687074,0.002139432301
423,-55.778038199961,0.103652761311,-1.549389949999,0.002879243370
424,-55.689157363500,0.071054136105,-1.546921037875,0.001973726003
425,-55.769513661218,0.077169467845,-1.549153157256,0.002143596329
426,-55.734006963503,0.086108700182,-1.548166860097,0.002391908338
427,-55.778141928117,0.096867618652,-1.549392831337,0.002690767185
428,-55.854652371632,0.085460503316,-1.551518121434,0.002373902870
429,-55.897033409894,0.082101029654,-1.552695372497,0.002280584157
430,-55.901693591422,0.074617590373,-1.552824821984,0.002072710844
431,-56.017596512126,0.087890557807,-1.556044347559,0.002441404384
432,-55.945196973451,0.075612846028,-1.554033249263,0.002100356834
433,-55.953655141142,0.082290322745,-1.554268198365,0.002285842298
434,-55.893270877686,0.087911024073,-1.552590857713,0.002441972891
435,-55.954635774179,0.070811226886,-1.554295438172,0.001966978525
436,-56.096117009771,0.076118094843,-1.558225472494,0.002114391523
437,-56.137241682752,0.082818772748,-1.559367824521,0.002300521465
438,-56.082867810373,0.076402203633,-1.557857439177,0.002122283434
439,-56.140155511394,0.072587483884,-1.559448764205,0.002016318997
440,-56.091894662296,0.075391501756,-1.558108185064,0.002094208382
441,-56.239796062632,0.089958118892,-1.562216557295,0.002498836636
442,-56.273987617876,0.081485035931,-1.563166322719,0.002263473220
443,-56.196410572298,0.085262395428,-1.561011404786,0.002368399873
444,-56.112152881855,0.114480785472,-1.558670913385,0.003180021819
445,-56.394516931736,0.080159037408,-1.566514359215,0.002226639928
446,-56.331811902369,0.092776741430,-1.564772552844,0.002577131706
447,-56.466940445368,0.098426747648,-1.568526123482,0.002734076324
448,-56.485391956548,0.078994749604,-1.569038665460,0.002194298600
449,-56.546124010229,0.079545650641,-1.570725666951,0.002209601407
450,-56.404909769871,0.070541598652,-1.566803049163,0.001959488851
451,-56.437508437299,0.120527228525,-1.567708567703,0.003347978570
452,-56.575448197471,0.076624082327,-1.571540227708,0.002128446731
453,-56.815423541031,0.085697781317,-1.578206209473,0.002380493925
454,-56.745576469660,0.145899941887,-1.576266013046,0.004052776164
455,-56.805819297852,0.081645154196,-1.577939424940,0.002267920950
456,-56.679963003075,0.098879041723,-1.574443416752,0.002746640048
457,-56.720257634539,0.078802866291,-1.575562712071,0.002188968508
458,-56.733437334918,0.073067924114,-1.575928814859,0.002029664559
459,-56.785933916893,0.074924442221,-1.577387053247,0.002081234506
460,-56.844894159533,0.073422905993,-1.579024837765,0.002039525166
461,-56.827760491755,0.082511652479,-1.578548902549,0.002291990347
462,-56.916401825875,0.073375774259,-1.581011161830,0.002038215952
463,-56.890874934296,0.078059165092,-1.580302081508,0.002168310141
464,-56.965740474989,0.074225402576,-1.582381679861,0.002061816738
465,-56.991303028017,0.082712631624,-1.583091750778,0.002297573101
466,-56.950531887158,0.073152000139,-1.581959219088,0.002032000004
467,-57.137886469678,0.070699982365,-1.587163513047,0.001963888399
468,-57.063606490420,0.073902760568,-1.585100180289,0.002052854460
469,-57.087170578425,0.071341806763,-1.585754738290,0.001981716855
470,-57.081132745269,0.089023015789,-1.585587020702,0.002472861550
471,-57.129761082578,0.067468276805,-1.586937807849,0.001874118800
472,-57.112761780669,0.081789997231,-1.586465605019,0.002271944368
473,-57.203715629956,0.070376260424,-1.588992100832,0.001954896123
474,-57.169952212480,0.067614281724,-1.588054228124,0.001878174492
475,-57.316542477159,0.078374304160,-1.592126179921,0.002177064004
476,-57.284036032498,0.072819574167,-1.591223223125,0.002022765949
477,-57.366199686088,0.074350962103,-1.593505546836,0.002065304503
478,-57.245747530110,0.068923817520,-1.590159653614,0.001914550487
479,-57.347179892522,0.073115512157,-1.592977219237,0.002030986449
480,-57.388194126791,0.069415917549,-1.594116503522,0.001928219932
481,-57.335561020340,0.071190430697,-1.592654472787,0.001977511964
482,-57.331278367875,0.072104861864,-1.592535510219,0.002002912830
483,-57.418320944676,0.078342397931,-1.594953359574,0.002176177720
484,-57.436853916808,0.076133186844,-1.595468164356,0.002114810746
485,-57.470529335350,0.071298627759,-1.596403592649,0.001980517438
486,-57.448135556749,0.073949177644,-1.595781543243,0.002054143823
487,-57.470109860638,0.076785775693,-1.596391940573,0.002132938214
488,-57.479790395480,0.106908031882,-1.596660844319,0.002969667552
489,-57.513612278771,0.089905853759,-1.597600341077,0.002497384827
490,-57.636529017391,0.098087467400,-1.601014694928,0.002724651872
491,-57.563216388911,0.083512428069,-1.598978233025,0.002319789669
492,-57.621570056377,0.070256628338,-1.600599168233,0.001951573009
493,-57.568027732411,0.069334260058,-1.599111881456,0.001925951668
494,-57.648157748070,0.081537394018,-1.601337715224,0.002264927612
495,-57.655217217531,0.098279396594,-1.601533811598,0.002729983239
496,-57.525747146448,0.087314517745,-1.597937420735,0.002425403271
497,-57.841734366499,0.069111168806,-1.606714843514,0.001919754689
498,-57.716740266609,0.072354443415,-1.603242785184,0.002009845650
499,-57.826718777327,0.070688875973,-1.606297743815,0.001963579888
500,-57.746163112285,0.069300727084,-1.604060086452,0.001925020197
501,-57.845099761612,0.071777868269,-1.606808326711,0.001993829674
502,-57.676927054507,0.075515185177,-1.602136862625,0.002097644033
503,-57.861133795167,0.074670442698,-1.607253716532,0.002074178964
504,-57.770352797163,0.093408437230,-1.604732022143,0.002594678812
505,-57.934795674045,0.069988680989,-1.609299879835,0.001944130027
506,-57.922010715329,0.076129469393,-1.608944742092,0.002114707483
507,-57.972857572535,0.068496899006,-1.610357154793,0.001902691639
508,-57.979844934830,0.145443680592,-1.610551248190,0.004040102239
509,-58.012886147745,0.069680886663,-1.611469059660,0.001935580185
510,-57.992989763037,0.064209342037,-1.610916382307,0.001783592834
511,-57.968212932031,0.077592548417,-1.610228137001,0.002155348567
512,-58.088580738980,0.071161342521,-1.613571687194,0.001976703959
513,-58.101952542036,0.071606219194,-1.613943126168,0.001989061644
514,-58.170331013231,0.072829649167,-1.615842528145,0.002023045810
515,-58.240692439111,0.070208598554,-1.617797012198,0.001950238849
516,-58.145463790634,0.064953473612,-1.615151771962,0.001804263156
517,-58.206202150425,0.076883405173,-1.616838948623,0.002135650144
518,-58.220199126887,0.072715214054,-1.617227753525,0.002019867057
519,-58.199798037729,0.071039237642,-1.616661056604,0.001973312157
520,-58.253132670199,0.075498425900,-1.618142574172,0.002097178497
521,-58.257668496898,0.071606745999,-1.618268569358,0.001989076278
522,-58.396863233537,0.065478912983,-1.622135089820,0.001818858694
523,-58.328358412489,0.073146547138,-1.620232178125,0.002031848532
524,-58.382446532428,0.073244161084,-1.621734625901,0.002034560030
525,-58.390607961365,0.065369127471,-1.621961332260,0.001815809096
526,-58.464697446142,0.072721342174,-1.624019373504,0.002020037283
527,-58.393059514233,0.131997585370,-1.622029430951,0.003666599594
528,-58.498352898556,0.070910121420,-1.624954247182,0.001969725595
529,-58.476186415168,0.084450143149,-1.624338511532,0.002345837310
530,-58.535638639786,0.073701634483,-1.625989962216,0.002047267625
531,-58.549770893320,0.067873094601,-1.626382524814,0.001885363739
532,-58.559664057530,0.068048353261,-1.626657334931,0.001890232035
533,-58.618211192290,0.075011549501,-1.628283644230,0.002083654153
534,-58.596702864013,0.069222623443,-1.627686190667,0.001922850651
535,-58.618539154055,0.066034687041,-1.628292754279,0.001834296862
536,-58.753239471004,0.073111284757,-1.632034429750,0.002030869021
537,-58.660113860820,0.070661962995,-1.629447607245,0.001962832305
538,-58.747771584056,0.061461113917,-1.631882544002,0.001707253164
539,-58.744288173850,0.066900347605,-1.631785782607,0.001858342989
540,-58.668644407376,0.066653347566,-1.629684566872,0.001851481877
541,-58.799989566702,0.062792562966,-1.633333043520,0.001744237860
542,-58.870401529020,0.062984174610,-1.635288931362,0.001749560406
543,-58.830417516867,0.068101993757,-1.634178264357,0.001891722049
544,-58.763047321223,0.062554102349,-1.632306870034,0.001737613954
545,-58.851080640789,0.069195755913,-1.634752240022,0.001922104331
546,-58.793348334230,0.068029755347,-1.633148564840,0.001889715426
547,-58.923213659083,0.065102345582,-1.636755934975,0.001808398488
548,-58.859808658414,0.069310537488,-1.634994684956,0.001925292708
549,-58.937182246844,0.064461521204,-1.637143951301,0.001790597811
550,-58.926144687177,0.062743698759,-1.636837352422,0.001742880521
551,-58.975401366336,0.061914606372,-1.638205593509,0.001719850177
552,-58.965923644559,0.073054166190,-1.637942323460,0.002029282394
553,-59.037493790349,0.068854017031,-1.639930383065,0.001912611584
554,-59.011546550528,0.064862170367,-1.639209626404,0.001801726955
555,-59.012690141584,0.103515734430,-1.639241392822,0.002875437068
556,-59.068848672245,0.057030908608,-1.640801352007,0.001584191906
557,-59.038919533685,0.063245945665,-1.639969987047,0.001756831824
558,-59.128119792598,0.070273712818,-1.642447772017,0.001952047578
559,-59.143137309879,0.063414654047,-1.642864925274,0.001761518168
560,-59.080457194747,0.063413522993,-1.641123810965,0.001761486750
561,-59.302288859622,0.064535799043,-1.647285801656,0.001792661085
562,-59.227134658401,0.096032559731,-1.645198184956,0.002667571104
563,-59.245079213185,0.066367073222,-1.645696644811,0.001843529812
564,-59.302512304460,0.064388856002,-1.647292008457,0.001788579333
565,-59.278462127766,0.066099779208,-1.646623947994,0.001836104978
566,-59.307936123256,0.071679354393,-1.647442670090,0.001991093178
567,-59.258933485365,0.073615061771,-1.646081485705,0.002044862827
568,-59.317572173936,0.064085768271,-1.647710338165,0.001780160230
569,-59.307818372751,0.058079427875,-1.647439399243,0.001613317441
570,-59.169411136958,0.119508755928,-1.643594753804,0.003319687665
571,-59.427533278653,0.062649575220,-1.650764813296,0.001740265978
572,-59.417474375346,0.062888304327,-1.650485399315,0.001746897342
573,-59.484996274240,0.065396098685,-1.652361007618,0.001816558297
574,-59.428901665446,0.068716012369,-1.650802824040,0.001908778121
575,-59.506002548984,0.086187472861,-1.652944515250,0.002394096468
576,-59.572780593922,0.066770932891,-1.654799460942,0.001854748136
577,-59.569664171738,0.145865955653,-1.654712893659,0.004051832101
578,-59.563943608457,0.062831281647,-1.654553989124,0.001745313379
579,-59.584579639890,0.067990106685,-1.655127212219,0.001888614075
580,-59.589866244485,0.062104257305,-1.655274062347,0.001725118258
581,-59.578057375359,0.063397981176,-1.654946038204,0.001761055033
582,-59.614114219736,0.063914330293,-1.655947617215,0.001775398064
583,-59.624762717320,0.061289989655,-1.656243408814,0.001702499713
584,-59.777979616061,0.060197645330,-1.660499433779,0.001672156815
585,-59.678807336526,0.060840385982,-1.657744648237,0.001690010722
586,-59.671224252722,0.070894593952,-1.657534007020,0.001969294276
587,-59.775187276318,0.060674072629,-1.660421868787,0.001685390906
588,-59.805342249118,0.061476200678,-1.661259506920,0.001707672241
589,-59.736947138972,0.059921996498,-1.659359642749,0.001664499903
590,-59.757214692277,0.060218120843,-1.659922630341,0.001672725579
591,-59.855434198537,0.135918436544,-1.662650949959,0.003775512126
592,-59.783408368405,0.114244024809,-1.660650232456,0.003173445134
593,-59.813456272632,0.059962931370,-1.661484896462,0.001665636983
594,-59.862327705480,0.061805775433,-1.662842436263,0.001716827095
595,-59.954001513449,0.063191490515,-1.665388930929,0.001755319181
596,-59.976448489202,0.062519718894,-1.666012458033,0.001736658858
597,-60.087663552842,0.156759732819,-1.669101765357,0.004354437023
598,-59.867105278841,0.060037187600,-1.662975146634,0.001667699656
599,-59.898360739731,0.057239473070,-1.663843353881,0.001589985363
600,-59.949463398825,0.061135478858,-1.665262872190,0.001698207746
601,-59.965849195287,0.064866987428,-1.665718033202,0.001801860762
602,-60.020447596537,0.057412537569,-1.667234655459,0.001594792710
603,-60.062600320958,0.061947280329,-1.668405564471,0.001720757787
604,-59.969126846553,0.095407705362,-1.665809079071,0.002650214038
605,-59.939693723203,0.062994004369,-1.664991492311,0.001749833455
606,-60.022699010239,0.126419249302,-1.667297194729,0.003511645814
607,-60.105519984557,0.058793174281,-1.669597777349,0.001633143730
608,-59.975625721187,0.071767279334,-1.665989603366,0.001993535537
609,-60.042251056005,0.118020688899,-1.667840307111,0.003278352469
610,-60.105376485825,0.059841820304,-1.669593791273,0.001662272786
611,-60.137319688491,0.063095640083,-1.670481102458,0.001752656669
612,-60.169472978398,0.060349664999,-1.671374249400,0.001676379583
613,-60.183768987169,0.175200681897,-1.671771360755,0.004866685608
614,-60.227472086092,0.057784736923,-1.672985335725,0.001605131581
615,-60.235230321231,0.057741951872,-1.673200842256,0.001603943108
616,-60.278911911643,0.064721550824,-1.674414219768,0.001797820856
617,-60.293113900121,0.058166580375,-1.674808719448,0.001615738344
618,-60.048735762304,0.184390419037,-1.668020437842,0.005121956084
619,-60.286351122010,0.058465138805,-1.674620864500,0.001624031633
620,-60.277204887423,0.062971286452,-1.674366802428,0.001749202401
621,-60.331321293478,0.057197964772,-1.675870035930,0.001588832355
622,-60.282064589535,0.059670155340,-1.674501794154,0.001657504315
623,-60.425108056719,0.057670902155,-1.678475223798,0.001601969504
624,-60.341829758837,0.064524265439,-1.676161937745,0.001792340707
625,-60.451134583837,0.171581564628,-1.679198182884,0.004766154573
626,-60.375685170646,0.055858756343,-1.677102365851,0.001551632121
627,-60.392685695422,0.057645202038,-1.677574602651,0.001601255612
628,-60.437981983924,0.057157330785,-1.678832832887,0.001587703633
629,-60.456772022785,0.056995008327,-1.679354778411,0.001583194676
630,-60.506062576549,0.057030928678,-1.680723960460,0.001584192463
631,-60.483211401987,0.059575760822,-1.680089205611,0.001654882245
632,-60.546343143980,0.058445560552,-1.681842865111,0.001623487793
633,-60.532368529638,0.057743144343,-1.681454681379,0.001603976232
634,-60.580908693477,0.054544473127,-1.682803019263,0.001515124254
635,-60.550357158818,0.058966033797,-1.681954365523,0.001637945383
636,-60.660948369856,0.058589468835,-1.685026343607,0.001627485245
637,-60.678074337179,0.057869688294,-1.685502064922,0.001607491341
638,-60.678509835579,0.057743460190,-1.685514162099,0.001603985005
639,-60.649833033657,0.059882254522,-1.684717584268,0.001663395959
640,-60.620636796693,0.057753785563,-1.683906577686,0.001604271821
641,-60.657304630864,0.055194588217,-1.684925128635,0.001533183006
642,-60.642344488070,0.077645919846,-1.684509569113,0.002156831107
643,-60.792106292924,0.054100124045,-1.688669619248,0.001502781223
644,-60.714126346627,0.071102607022,-1.686503509629,0.001975072417
645,-60.706018025451,0.056121076391,-1.686278278485,0.001558918789
646,-60.839699239827,0.059240932987,-1.689991645551,0.001645581472
647,-60.814134532401,0.063196179111,-1.689281514789,0.001755449420
648,-60.796686051808,0.055178391015,-1.688796834772,0.001532733084
649,-60.848110357435,0.058056273509,-1.690225287707,0.001612674264
650,-60.862225570046,0.056701836357,-1.690617376946,0.001575051010
651,-60.814047648860,0.059057910966,-1.689279101357,0.001640497527
652,-60.808555206923,0.063582016011,-1.689126533526,0.001766167111
653,-60.969896856685,0.061147197321,-1.693608246019,0.001698533259
654,-60.975237514555,0.057837474175,-1.693756597627,0.001606596505
655,-60.913120086188,0.054118597387,-1.692031113505,0.001503294372
656,-60.996277906462,0.065792770149,-1.694341052957,0.001827576949
657,-60.885817044507,0.060337966327,-1.691272695681,0.001676054620
658,-60.935297496967,0.058312652023,-1.692647152694,0.001619795890
659,-61.001278713354,0.054536515632,-1.694479964260,0.001514903212
660,-60.970396498439,0.062994757917,-1.693622124957,0.001749854387
661,-61.040311534738,0.058566106936,-1.695564209298,0.001626836304
662,-61.048659173516,0.058011241579,-1.695796088153,0.001611423377
663,-61.078165482339,0.056049650554,-1.696615707843,0.001556934738
664,-61.038083925420,0.054154265875,-1.695502331262,0.001504285163
665,-61.046567220120,0.057201299202,-1.695737978337,0.001588924978
666,-61.161406981485,0.059479688525,-1.698927971708,0.001652213570
667,-61.177069101580,0.055704951928,-1.699363030599,0.001547359776
668,-61.137727631303,0.055481761339,-1.698270211981,0.001541160037
669,-61.305038149560,0.090065968260,-1.702917726377,0.002501832452
670,-61.173318831551,0.054611796172,-1.699258856432,0.001516994338
671,-61.157189497753,0.054055377010,-1.698810819382,0.001501538250
672,-61.284861830324,0.054356089852,-1.702357273065,0.001509891385
673,-61.224945633201,0.052404441113,-1.700692934256,0.001455678920
674,-61.299172809426,0.072865084421,-1.702754800262,0.002024030123
675,-61.462038279591,0.228284348969,-1.707278841100,0.006341231916
676,-61.272318292918,0.054126367228,-1.702008841470,0.001503510201
677,-61.301241698807,0.067566939242,-1.702812269411,0.001876859423
678,-61.258996671687,0.053080183474,-1.701638796436,0.001474449541
679,-61.281460538397,0.053402415014,-1.702262792733,0.001483400417
680,-61.218845730768,0.054370852534,-1.700523492521,0.001510301459
681,-61.367459771817,0.052465673638,-1.704651660328,0.001457379823
682,-61.359813830124,0.377235451100,-1.704439273059,0.010478762531
683,-61.301109018969,0.054969915557,-1.702808583860,0.001526942099
684,-61.356359724913,0.056329477995,-1.704343325692,0.001564707722
685,-61.417609832250,0.054596390403,-1.706044717563,0.001516566400
686,-61.384374253725,0.053149066250,-1.705121507048,0.001476362951
687,-61.481149644842,0.087072963811,-1.707809712357,0.002418693439
688,-61.380371895028,0.052658321012,-1.705010330417,0.001462731139
689,-61.394050811828,0.049241177726,-1.705390300329,0.001367810492
690,-61.466269199065,0.055564440544,-1.707396366641,0.001543456682
691,-61.466124414598,0.057211541592,-1.707392344850,0.001589209489
692,-61.495192058210,0.051649708070,-1.708199779395,0.001434714113
693,-61.540839493490,0.089929712332,-1.709467763708,0.002498047565
694,-61.486662381207,0.052557035838,-1.707962843922,0.001459917662
695,-61.492336995270,0.053555654089,-1.708120472091,0.001487657058
696,-61.520465045766,0.054090409192,-1.708901806827,0.001502511366
697,-61.606570391263,0.062365385277,-1.711293621980,0.001732371813
698,-61.536574610024,0.055588324213,-1.709349294723,0.001544120117
699,-61.556622295712,0.054851954838,-1.709906174881,0.001523665412
700,-61.606797960040,0.054660390523,-1.711299943334,0.001518344181
701,-61.593847833592,0.075685814593,-1.710940217600,0.002102383739
702,-61.690827207787,0.051851190218,-1.713634089105,0.001440310839
703,-61.650399242383,0.052476178248,-1.712511090066,0.001457671618
704,-61.662499273798,0.057590633877,-1.712847202050,0.001599739830
705,-61.634919570060,0.051322450111,-1.712081099168,0.001425623614
706,-61.710882036299,0.058335349212,-1.714191167675,0.001620426367
707,-61.684038312467,0.053480463597,-1.713445508680,0.001485568433
708,-61.699354264916,0.052184802053,-1.713870951803,0.001449577835
709,-61.712860652428,0.053655179879,-1.714246129234,0.001490421663
710,-61.739501196528,0.052817532360,-1.714986144348,0.001467153677
711,-61.813352733407,0.085099414035,-1.717037575928,0.002363872612
712,-61.756124715394,0.058649549753,-1.715447908761,0.001629154160
713,-61.719828536500,0.060324567198,-1.714439681569,0.001675682422
714,-61.802207537381,0.052730642910,-1.716727987149,0.001464740081
715,-61.810140432601,0.056921122261,-1.716948345350,0.001581142285
716,-61.917811043265,0.056321369817,-1.719939195646,0.001564482495
717,-61.807078325709,0.053401073670,-1.716863286825,0.001483363158
718,-61.860153432415,0.058167531865,-1.718337595345,0.001615764774
719,-61.897515187162,0.056843176493,-1.719375421866,0.001578977125
720,-61.937247032779,0.054990641449,-1.720479084244,0.001527517818
721,-61.889730357907,0.058968610379,-1.719159176609,0.001638016955
722,-61.939185055948,0.053054430918,-1.720532918221,0.001473734192
723,-61.908815396921,0.059022970775,-1.719689316581,0.001639526966
724,-61.879116045591,0.048990841862,-1.718864334600,0.001360856718
725,-61.934929880678,0.082444251207,-1.720414718908,0.002290118089
726,-61.912631954439,0.053719226582,-1.719795332068,0.001492200738
727,-61.945678743342,0.050228218782,-1.720713298426,0.001395228299
728,-62.018361656895,0.056481801392,-1.722732268247,0.001568938928
729,-61.965150888100,0.049754378851,-1.721254191336,0.001382066079
730,-62.033941456067,0.052798619151,-1.723165040446,0.001466628310
731,-61.967889548424,0.053832861769,-1.721330265234,0.001495357271
732,-62.077044447191,0.054813336414,-1.724362345755,0.001522592678
733,-62.105157565308,0.057214142907,-1.725143265703,0.001589281747
734,-62.085676688404,0.051990853361,-1.724602130233,0.001444190371
735,-62.115448858202,0.051898892224,-1.725429134950,0.001441635895
736,-62.090631707868,0.051144189730,-1.724739769663,0.001420671937
737,-62.123606451595,0.055196487109,-1.725655734767,0.001533235753
738,-62.067059880745,0.058318686250,-1.724084996687,0.001619963507
739,-62.082845811520,0.050768673290,-1.724523494764,0.001410240925
740,-62.132863994470,0.053197452353,-1.725912888735,0.001477707010
741,-62.236266661757,0.055047787282,-1.728785185049,0.001529105202
742,-62.217462980598,0.053343969752,-1.728262860572,0.001481776938
743,-62.216413231330,0.055021750643,-1.728233700870,0.001528381962
744,-62.223976068730,0.048104435783,-1.728443779687,0.001336234327
745,-62.229354464952,0.054851579614,-1.728593179582,0.001523654989
746,-62.217934868462,0.052469286938,-1.728275968568,0.001457480193
747,-62.262424517098,0.052358079137,-1.729511792142,0.001454391087
748,-62.215051475982,0.050762991048,-1.728195874333,0.001410083085
749,-62.276614726440,0.118000252155,-1.729905964623,0.003277784782
750,-62.226271196438,0.066374629884,-1.728507533234,0.001843739719
751,-62.273748509407,0.053426118163,-1.729826347484,0.001484058838
752,-62.326996986790,0.054320535680,-1.731305471855,0.001508903769
753,-62.253414997393,0.052339475909,-1.729261527705,0.001453874331
754,-62.337791536855,0.056681400691,-1.731605320468,0.001574483353
755,-62.355150813723,0.051191755335,-1.732087522603,0.001421993204
756,-62.390156133105,0.049229148125,-1.733059892586,0.001367476337
757,-62.338236955614,0.052021476011,-1.731617693211,0.001445041000
758,-62.411042650024,0.050574138791,-1.733640073612,0.001404837189
759,-62.363891297091,0.049428516477,-1.732330313808,0.001373014347
760,-62.455592973077,0.050371757932,-1.734877582585,0.001399215498
761,-62.426383249827,0.066574178483,-1.734066201384,0.001849282736
762,-62.502810716895,0.105443390639,-1.736189186580,0.002928983073
763,-62.490469068828,0.051204826366,-1.735846363023,0.001422356288
764,-62.502221664205,0.055959587724,-1.736172824006,0.001554432992
765,-62.481407176502,0.052647905023,-1.735594643792,0.001462441806
766,-62.431896334774,0.049528511192,-1.734219342633,0.001375791978
767,-62.478164772591,0.073196255638,-1.735504577016,0.002033229323
768,-62.557869825660,0.055717181792,-1.737718606268,0.001547699494
769,-62.553325101146,0.050533073453,-1.737592363921,0.001403696485
770,-62.534864662814,0.048667907043,-1.737079573967,0.001351886307
771,-62.635546497600,0.055704506875,-1.739876291600,0.001547347413
772,-62.640959081128,0.052937997961,-1.740026641142,0.001470499943
773,-62.599388943605,0.050053786747,-1.738871915100,0.001390382965
774,-62.497719284974,0.049108167209,-1.736047757916,0.001364115756
775,-62.560651102194,0.065788149962,-1.737795863950,0.001827448610
776,-62.622124908278,0.049574069399,-1.739503469674,0.001377057483
777,-62.613138853252,0.050858374929,-1.739253857035,0.001412732637
778,-62.517418496563,0.049126636804,-1.736594958238,0.001364628800
779,-62.648223653113,0.051661390258,-1.740228434809,0.001435038618
780,-62.662719961290,0.050583423690,-1.740631110036,0.001405095102
781,-62.657980998867,0.050512740238,-1.740499472191,0.001403131673
782,-62.592297415062,0.064326912619,-1.738674928196,0.001786858684
783,-62.660941373888,0.052594352052,-1.740581704830,0.001460954224
784,-62.704398594009,0.050904337212,-1.741788849834,0.001414009367
785,-62.735609883201,0.046430338930,-1.742655830089,0.001289731637
786,-62.724917054298,0.050320898713,-1.742358807064,0.001397802742
787,-62.683656515457,0.052212076105,-1.741212680985,0.001450335447
788,-62.717627624554,0.049372749529,-1.742156322904,0.001371465265
789,-62.712956177237,0.047528843206,-1.742026560479,0.001320245645
790,-62.751750615896,0.049488067778,-1.743104183775,0.001374668549
791,-62.891145899324,0.075112249497,-1.746976274981,0.002086451375
792,-62.680645083956,0.051682663783,-1.741129030110,0.001435629550
793,-62.669049077012,0.091017073084,-1.740806918806,0.002528252030
794,-62.782465835455,0.047276684022,-1.743957384318,0.001313241223
795,-62.863983349886,0.049018757847,-1.746221759719,0.001361632162
796,-62.848927689985,0.083249129704,-1.745803546944,0.002312475825
797,-62.766890536094,0.045567076176,-1.743524737114,0.001265752116
798,-62.759834678539,0.052452579210,-1.743328741071,0.001457016089
799,-62.794157473703,0.057487934519,-1.744282152047,0.001596887070
