# MLP_complex history | L=6 (N=36) | J1=1.0 | J2=0.4
# n_samples=10000 | n_iter=800 | diag_shift=0.01 | seed=1234
iter,energy_mean,energy_sigma,energy_per_site_mean,energy_per_site_sigma
0,91.423712704197,0.265044457520,2.539547575117,0.007362346042
1,91.095254286137,0.287060923033,2.530423730170,0.007973914529
2,90.940127097586,0.265941413591,2.526114641600,0.007387261489
3,90.335896586991,0.284796665262,2.509330460750,0.007911018480
4,90.023020648886,0.284222217573,2.500639462469,0.007895061599
5,89.929668622420,0.276169212273,2.498046350623,0.007671367008
6,89.812161988140,0.297013396679,2.494782277448,0.008250372130
7,89.413647170015,0.288359251901,2.483712421389,0.008009979219
8,89.230977434774,0.283278036593,2.478638262077,0.007868834350
9,88.769080607778,0.287165681850,2.465807794661,0.007976824496
10,88.276582744792,0.305788832961,2.452127298466,0.008494134249
11,88.592479555611,0.310178768725,2.460902209878,0.008616076909
12,87.440791664055,0.330450399172,2.428910879557,0.009179177755
13,87.552177852374,0.309839131787,2.432004940344,0.008606642550
14,87.082467113448,0.315712846854,2.418957419818,0.008769801302
15,86.841643465436,0.337258008809,2.412267874040,0.009368278022
16,86.678130311273,0.328266777663,2.407725841980,0.009118521602
17,86.122363333706,0.340201545544,2.392287870381,0.009450042932
18,86.265625510501,0.330935902067,2.396267375292,0.009192663946
19,85.135897403408,0.375170039923,2.364886038984,0.010421389998
20,85.049743053228,0.367741616879,2.362492862590,0.010215044913
21,84.904818068908,0.364349976762,2.358467168581,0.010120832688
22,84.443962050512,0.356090057491,2.345665612514,0.009891390486
23,84.151750162763,0.369865737975,2.337548615632,0.010274048277
24,83.148065527536,0.362091100553,2.309668486876,0.010058086126
25,83.265166601764,0.344232707535,2.312921294493,0.009562019654
26,82.691874152456,0.374203187135,2.296996504235,0.010394532976
27,82.393495259873,0.364130240386,2.288708201663,0.010114728900
28,82.299470783529,0.359489158660,2.286096410654,0.009985809963
29,82.501388618897,0.380146536537,2.291705239414,0.010559626015
30,81.339827562797,0.393973158908,2.259439654522,0.010943698859
31,80.831058095160,0.375392393478,2.245307169310,0.010427566485
32,81.078456342912,0.402849831524,2.252179342859,0.011190273098
33,80.243994531121,0.406130505953,2.228999848087,0.011281402943
34,79.625912344624,0.415661342389,2.211830898462,0.011546148400
35,79.666095095558,0.401469407222,2.212947085988,0.011151927978
36,79.179315743211,0.384669912663,2.199425437311,0.010685275352
37,78.196102889919,0.419546055839,2.172113969164,0.011654057107
38,77.717968684756,0.439131997069,2.158832463465,0.012198111030
39,76.816213134415,0.468656438276,2.133783698178,0.013018234397
40,76.702101146674,0.433220489057,2.130613920741,0.012033902474
41,76.482541046544,0.437605602276,2.124515029071,0.012155711174
42,74.675595044314,0.476647502393,2.074322084564,0.013240208400
43,75.572780109917,0.449476812493,2.099243891942,0.012485467014
44,73.731342425251,0.491885320776,2.048092845146,0.013663481133
45,73.874170067986,0.482666627378,2.052060279666,0.013407406316
46,73.838824824132,0.458817450608,2.051078467337,0.012744929184
47,73.304920109715,0.470877118896,2.036247780825,0.013079919969
48,72.725949443968,0.453736912002,2.020165262332,0.012603803111
49,72.488884584462,0.476952428031,2.013580127346,0.013248678556
50,71.716370349280,0.472757099239,1.992121398591,0.013132141646
51,71.391936368842,0.445859266529,1.983109343579,0.012384979626
52,69.930297904121,0.515854776591,1.942508275114,0.014329299350
53,69.699628813344,0.487933794755,1.936100800371,0.013553716521
54,69.343385661989,0.474634177293,1.926205157277,0.013184282703
55,69.290554164630,0.528916628159,1.924737615684,0.014692128560
56,68.498894238491,0.509570061260,1.902747062180,0.014154723924
57,68.130800484841,0.484309487227,1.892522235690,0.013453041312
58,66.766391312971,0.572490799493,1.854621980916,0.015902522208
59,65.779149465397,0.542130603843,1.827198596261,0.015059183440
60,65.663254699422,0.525277206307,1.823979297206,0.014591033509
61,65.711663649706,0.557890690168,1.825323990270,0.015496963616
62,64.452697245907,0.545733181416,1.790352701275,0.015159255039
63,63.472292123873,0.564062979028,1.763119225663,0.015668416084
64,62.151021698262,0.570820889639,1.726417269396,0.015856135823
65,62.698688568314,0.524290827581,1.741630238009,0.014563634099
66,62.264181315165,0.533141086549,1.729560592088,0.014809474626
67,61.783370627762,0.568622478355,1.716204739660,0.015795068843
68,60.156716008003,0.558995364347,1.671019889111,0.015527649010
69,58.418630731596,0.657395677596,1.622739742544,0.018260991044
70,58.852420440567,0.564110285097,1.634789456682,0.015669730142
71,59.055995187662,0.556705680692,1.640444310768,0.015464046686
72,56.735057520332,0.710610352922,1.575973820009,0.019739176470
73,56.964884915867,0.621275155538,1.582357914330,0.017257643209
74,56.906581428756,0.612683905017,1.580738373021,0.017018997362
75,56.600698193151,0.583312347446,1.572241616476,0.016203120762
76,55.533997826658,0.571168587801,1.542611050740,0.015865794106
77,55.798598046463,0.543666683771,1.549961056846,0.015101852327
78,54.373339116274,0.598831546592,1.510370531008,0.016634209628
79,53.035135582767,0.594551892006,1.473198210632,0.016515330334
80,51.143301342330,0.696645077163,1.420647259509,0.019351252143
81,51.101238295483,0.713463674519,1.419478841541,0.019818435403
82,51.396763989489,0.610292586271,1.427687888597,0.016952571841
83,51.626562493969,0.619601273357,1.434071180388,0.017211146482
84,49.907487296968,0.621439388296,1.386319091582,0.017262205230
85,48.545595707336,0.625258036291,1.348488769648,0.017368278786
86,47.875882252522,0.653520393474,1.329885618126,0.018153344263
87,48.342040070145,0.635335387633,1.342834446393,0.017648205212
88,46.415725922608,0.649216390589,1.289325720072,0.018033788627
89,44.720861287098,0.703584358244,1.242246146864,0.019544009951
90,45.437971540492,0.665204768041,1.262165876125,0.018477910223
91,43.082261962404,0.700916424613,1.196729498956,0.019469900684
92,43.752932650815,0.618778830079,1.215359240300,0.017188300836
93,40.881607451247,0.812753181990,1.135600206979,0.022576477277
94,42.526540350433,0.649992772785,1.181292787512,0.018055354800
95,40.833275021164,0.648003939509,1.134257639477,0.018000109431
96,40.609194774306,0.654562820214,1.128033188175,0.018182300562
97,41.003035465462,0.658289358865,1.138973207374,0.018285815524
98,39.601832103392,0.602905163368,1.100050891761,0.016747365649
99,40.108398113255,0.657664845823,1.114122169813,0.018268467940
100,38.329118792151,0.629367384862,1.064697744226,0.017482427357
101,37.919661512773,0.668721331674,1.053323930910,0.018575592546
102,34.627023262573,0.711683944766,0.961861757294,0.019768998466
103,36.027584747338,0.660896763024,1.000766242982,0.018358243417
104,36.082559663241,0.656250585099,1.002293323979,0.018229182919
105,34.913959152670,0.639326535288,0.969832198685,0.017759070425
106,34.431172897403,0.612255103817,0.956421469372,0.017007086217
107,34.485244964843,0.584810958118,0.957923471246,0.016244748837
108,32.173023911284,0.771236631327,0.893695108647,0.021423239759
109,33.506848214700,0.628905203644,0.930745783742,0.017469588990
110,30.743956817497,0.722401817618,0.853998800486,0.020066717156
111,31.409580839630,0.653070857666,0.872488356656,0.018140857157
112,31.592246959989,0.624107343841,0.877562415555,0.017336315107
113,29.238511959312,0.642890358501,0.812180887759,0.017858065514
114,29.136966468581,0.629655971040,0.809360179683,0.017490443640
115,28.882978497171,0.666581574462,0.802304958255,0.018516154846
116,28.710553256521,0.602096120646,0.797515368237,0.016724892240
117,28.071072637106,0.642124576448,0.779752017697,0.017836793790
118,27.575825603086,0.640206727749,0.765995155641,0.017783520215
119,25.144507150935,0.688410091587,0.698458531970,0.019122502544
120,25.021405249896,0.648085766530,0.695039034719,0.018002382404
121,25.218833582942,0.614488030927,0.700523155082,0.017069111970
122,24.432897637495,0.614089568976,0.678691601042,0.017058043583
123,24.224579564576,0.651179565242,0.672904987905,0.018088321257
124,23.074253127239,0.634818880136,0.640951475757,0.017633857782
125,22.108039738351,0.668320854095,0.614112214954,0.018564468169
126,19.619223068800,0.686408207461,0.544978418578,0.019066894652
127,20.918858646074,0.616007217550,0.581079406835,0.017111311599
128,20.306334914320,0.640820356631,0.564064858731,0.017800565462
129,21.363699336206,0.629660511091,0.593436092672,0.017490569753
130,19.556410699154,0.596015233273,0.543233630532,0.016555978702
131,18.070012539903,0.635864191299,0.501944792775,0.017662894203
132,19.363253225293,0.575153686315,0.537868145147,0.015976491287
133,18.477730063819,0.636072675702,0.513270279551,0.017668685436
134,16.653473990467,0.683381251809,0.462596499735,0.018982812550
135,19.714633439513,0.578761056367,0.547628706653,0.016076696010
136,17.490258991982,0.557904747289,0.485840527555,0.015497354091
137,17.609525338712,0.579017999287,0.489153481631,0.016083833314
138,15.167255345723,0.608861218175,0.421312648492,0.016912811616
139,14.344213857890,0.667643908850,0.398450384941,0.018545664135
140,12.043624025075,0.684274576617,0.334545111808,0.019007627128
141,12.215242721748,0.690605996916,0.339312297826,0.019183499914
142,10.750794971766,0.704912851028,0.298633193660,0.019580912529
143,12.023668730128,0.680968600742,0.333990798059,0.018915794465
144,11.456805841616,0.619084472873,0.318244606712,0.017196790913
145,12.404481536405,0.609542910273,0.344568931567,0.016931747508
146,12.359219424713,0.559304165842,0.343311650686,0.015536226829
147,12.463770531546,0.556182151725,0.346215848099,0.015449504215
148,12.431297083685,0.496055168033,0.345313807880,0.013779310223
149,11.982045113820,0.565540073043,0.332834586495,0.015709446473
150,10.143749336486,0.571389457718,0.281770814902,0.015871929381
151,9.227803041000,0.552103805691,0.256327862250,0.015336216825
152,9.500893710484,0.585306562220,0.263913714180,0.016258515617
153,9.818057289826,0.534439134399,0.272723813606,0.014845531511
154,10.257736711840,0.532606014217,0.284937130884,0.014794611506
155,9.122398394288,0.544455740054,0.253399955397,0.015123770557
156,7.943015899849,0.546490813814,0.220639330551,0.015180300384
157,9.984820296290,0.523614588422,0.277356119341,0.014544849678
158,8.267343108391,0.511976542200,0.229648419678,0.014221570617
159,5.496901114056,0.550604477653,0.152691697613,0.015294568824
160,6.054093003546,0.495481910478,0.168169250099,0.013763386402
161,6.919756969570,0.536620704854,0.192215471377,0.014906130690
162,6.607182659686,0.534597413643,0.183532851658,0.014849928157
163,7.535836351197,0.506807203782,0.209328787533,0.014077977883
164,6.334295853519,0.503640239655,0.175952662598,0.013990006657
165,6.878722464548,0.510688273767,0.191075624015,0.014185785382
166,5.657795922567,0.491282571376,0.157160997849,0.013646738094
167,6.094826041438,0.493315792008,0.169300723373,0.013703216445
168,6.560430347808,0.458612239652,0.182234176328,0.012739228879
169,4.893729295880,0.507152812755,0.135936924886,0.014087578132
170,5.123939156224,0.467406945697,0.142331643228,0.012983526269
171,3.700030574840,0.473742047840,0.102778627079,0.013159501329
172,4.054790018494,0.452987498317,0.112633056069,0.012582986064
173,3.863089011582,0.488173299634,0.107308028100,0.013560369434
174,4.900838859769,0.460832896065,0.136134412771,0.012800913780
175,2.428957676739,0.499816895479,0.067471046576,0.013883802652
176,4.464319321666,0.455501687527,0.124008870046,0.012652824654
177,4.167982737214,0.416226647786,0.115777298256,0.011561851327
178,4.156342334734,0.455429292754,0.115453953743,0.012650813688
179,3.277279947884,0.451088137610,0.091035554108,0.012530226045
180,3.951741207533,0.450642818523,0.109770589098,0.012517856070
181,3.674069464764,0.413812715860,0.102057485132,0.011494797663
182,3.097564176636,0.489597225095,0.086043449351,0.013599922919
183,1.850963198822,0.450654883982,0.051415644412,0.012518191222
184,2.071566784367,0.460818894563,0.057543521788,0.012800524849
185,2.757135480137,0.457081174731,0.076587096670,0.012696699298
186,1.582565924127,0.454898080799,0.043960164559,0.012636057800
187,2.320354152193,0.427127047653,0.064454282005,0.011864640213
188,0.382620278742,0.466230687679,0.010628341076,0.012950852436
189,0.721276837197,0.398046763498,0.020035467700,0.011056854542
190,1.370760093221,0.448575656937,0.038076669256,0.012460434915
191,1.228009372751,0.413089479396,0.034111371465,0.011474707761
192,1.451748855402,0.413228282452,0.040326357095,0.011478563401
193,1.454217780448,0.441490317231,0.040394938346,0.012263619923
194,2.171461431450,0.438697607987,0.060318373096,0.012186044666
195,-0.832657377144,0.401271908051,-0.023129371587,0.011146441890
196,-1.287576234840,0.399974984893,-0.035766006523,0.011110416247
197,0.274358992707,0.434603714290,0.007621083131,0.012072325397
198,-0.802014207062,0.433430921417,-0.022278172418,0.012039747817
199,-0.346259958039,0.416132266053,-0.009618332168,0.011559229613
200,-0.291583488847,0.444731869543,-0.008099541357,0.012353663043
201,-0.683553792028,0.427768173214,-0.018987605334,0.011882449256
202,-0.986895318922,0.398259454076,-0.027413758859,0.011062762613
203,-1.934409827195,0.418114203883,-0.053733606311,0.011614283441
204,-1.311919371493,0.413346308749,-0.036442204764,0.011481841910
205,-1.512492444700,0.428179456810,-0.042013679019,0.011893873800
206,-2.649676133239,0.359833524651,-0.073602114812,0.009995375685
207,-1.554792228978,0.534477525224,-0.043188673027,0.014846597923
208,-1.166241271046,0.425427449837,-0.032395590862,0.011817429162
209,-0.739403422416,0.355682151636,-0.020538983956,0.009880059768
210,-2.757189264274,0.411842716208,-0.076588590674,0.011440075450
211,-2.649521525908,0.407893744625,-0.073597820164,0.011330381795
212,-1.418674962949,0.414575708581,-0.039407637860,0.011515991905
213,-1.913825436157,0.401171954611,-0.053161817671,0.011143665406
214,-1.179191006472,0.354324128611,-0.032755305735,0.009842336906
215,-2.143638171760,0.383273831534,-0.059545504771,0.010646495320
216,-1.164876388340,0.363303065475,-0.032357677454,0.010091751819
217,-2.768882123342,0.438929404521,-0.076913392315,0.012192483459
218,-2.873296628166,0.450994114758,-0.079813795227,0.012527614299
219,-3.338401993760,0.418782539544,-0.092733388716,0.011632848321
220,-3.735200079308,0.393245434517,-0.103755557759,0.010923484292
221,-3.497569214281,0.382311454439,-0.097154700397,0.010619762623
222,-2.856570535211,0.369108044980,-0.079349181534,0.010253001249
223,-3.073180797041,0.368356033016,-0.085366133251,0.010232112028
224,-2.018039984546,0.364693235766,-0.056056666237,0.010130367660
225,-5.367887666857,0.328013862545,-0.149107990746,0.009111496182
226,-4.323572590385,0.358496671377,-0.120099238622,0.009958240872
227,-3.584564543287,0.354210569652,-0.099571237314,0.009839182490
228,-4.532977066811,0.348984877069,-0.125916029634,0.009694024363
229,-2.651942649681,0.351937189751,-0.073665073602,0.009776033049
230,-2.937163711059,0.352761261914,-0.081587880863,0.009798923942
231,-3.863943198190,0.361433607418,-0.107331755505,0.010039822428
232,-4.455824328189,0.363190254774,-0.123772898005,0.010088618188
233,-4.093963566102,0.331288184169,-0.113721210169,0.009202449560
234,-3.321951205332,0.362012663318,-0.092276422370,0.010055907314
235,-4.158048552308,0.333733006731,-0.115501348675,0.009270361298
236,-5.083946796085,0.353587747756,-0.141220744336,0.009821881882
237,-4.917218381799,0.453755651788,-0.136589399494,0.012604323661
238,-4.209158933686,0.343733420471,-0.116921081491,0.009548150569
239,-5.269725053951,0.353268225766,-0.146381251499,0.009813006271
240,-4.824933448084,0.340706994644,-0.134025929113,0.009464083185
241,-3.607527121228,0.334654411110,-0.100209086701,0.009295955864
242,-2.775662838446,0.329323493329,-0.077101745512,0.009147874815
243,-3.676185745802,0.300199928998,-0.102116270717,0.008338886917
244,-3.994834514988,0.305341014780,-0.110967625416,0.008481694855
245,-4.653867179622,0.321862671495,-0.129274088323,0.008940629764
246,-3.830693588325,0.315950823242,-0.106408155231,0.008776411757
247,-2.922073640495,0.337702564871,-0.081168712236,0.009380626802
248,-3.209673490141,0.345789152776,-0.089157596948,0.009605254244
249,-5.482398967284,0.333665706533,-0.152288860202,0.009268491848
250,-4.096223996551,0.338633468594,-0.113783999904,0.009406485239
251,-4.348251790492,0.327365522787,-0.120784771958,0.009093486744
252,-4.885435415638,0.319606224989,-0.135706539323,0.008877950694
253,-3.932491216370,0.330761238543,-0.109235867121,0.009187812182
254,-4.752382231199,0.354855734162,-0.132010617533,0.009857103727
255,-5.804624142011,0.335987644903,-0.161239559500,0.009332990136
256,-5.068236690306,0.370321131823,-0.140784352508,0.010286698106
257,-6.165319526486,0.388715757699,-0.171258875736,0.010797659936
258,-5.698293531705,0.357468568479,-0.158285931436,0.009929682458
259,-6.926998886766,0.351419197342,-0.192416635744,0.009761644371
260,-6.306203472548,0.410069039104,-0.175172318682,0.011390806642
261,-4.387392663124,0.337639564993,-0.121872018420,0.009378876805
262,-4.845748696183,0.316642686535,-0.134604130450,0.008795630182
263,-5.624495959141,0.327939801599,-0.156235998865,0.009109438933
264,-5.816702064045,0.326747256648,-0.161575057335,0.009076312685
265,-6.777050636935,0.307544601570,-0.188251406582,0.008542905599
266,-5.485142405670,0.377975208272,-0.152365066824,0.010499311341
267,-5.984002803053,0.325233343767,-0.166222300085,0.009034259549
268,-6.891173290984,0.289300486126,-0.191421480305,0.008036124615
269,-6.031660615267,0.571485866448,-0.167546128202,0.015874607401
270,-6.083799173863,0.475813404436,-0.168994421496,0.013217039012
271,-6.170644023936,0.312538849199,-0.171406778443,0.008681634700
272,-7.102321971645,0.265098524137,-0.197286721435,0.007363847893
273,-5.134528334247,0.288823749058,-0.142625787062,0.008022881918
274,-6.373312936363,0.306942540193,-0.177036470455,0.008526181672
275,-8.091303844845,0.310315572217,-0.224758440135,0.008619877006
276,-7.230595866332,0.309323586639,-0.200849885176,0.008592321851
277,-7.034927998299,0.311448198264,-0.195414666619,0.008651338841
278,-6.954442157652,0.321039166417,-0.193178948824,0.008917754623
279,-7.347532354706,0.296550252435,-0.204098120964,0.008237507012
280,-7.457772199019,0.305996830141,-0.207160338862,0.008499911948
281,-7.392293964814,0.309084015542,-0.205341499023,0.008585667098
282,-6.097884933288,0.354066040591,-0.169385692591,0.009835167794
283,-4.941322571249,0.400875122373,-0.137258960312,0.011135420066
284,-6.943874187217,0.401564828119,-0.192885394089,0.011154578559
285,-7.095743435750,0.315664803985,-0.197103984326,0.008768466777
286,-7.248764761295,0.308896019245,-0.201354576703,0.008580444979
287,-7.030667907353,0.334442281948,-0.195296330760,0.009290063387
288,-5.655989392535,0.290263100862,-0.157110816459,0.008062863913
289,-6.164628969791,0.266887791385,-0.171239693605,0.007413549761
290,-5.322014152964,0.296726594946,-0.147833726471,0.008242405415
291,-6.825977961115,0.310966426671,-0.189610498920,0.008637956296
292,-5.617795403830,0.281895454364,-0.156049872329,0.007830429288
293,-7.050376902783,0.409132208593,-0.195843802855,0.011364783572
294,-7.532605400981,0.424127575923,-0.209239038916,0.011781321553
295,-7.267860299011,0.316338238054,-0.201885008306,0.008787173279
296,-7.912582223587,0.320593525279,-0.219793950655,0.008905375702
297,-7.026772799625,0.340623166725,-0.195188133323,0.009461754631
298,-7.831856890721,0.668865064411,-0.217551580298,0.018579585123
299,-8.499344703796,0.310244953682,-0.236092908439,0.008617915380
300,-6.020755675282,0.300943997843,-0.167243213202,0.008359555496
301,-5.348082216182,0.303037189409,-0.148557839338,0.008417699706
302,-5.899103753504,0.300548384532,-0.163863993153,0.008348566237
303,-6.383867268078,0.713699714442,-0.177329646336,0.019824992068
304,-7.309166653330,0.290945606222,-0.203032407037,0.008081822395
305,-6.759589165889,0.328756963553,-0.187766365719,0.009132137876
306,-8.004739282694,0.325268441138,-0.222353868964,0.009035234476
307,-6.557308201242,0.382958970246,-0.182147450034,0.010637749174
308,-7.504978188609,0.337187025960,-0.208471616350,0.009366306277
309,-6.416128705567,0.328554660694,-0.178225797377,0.009126518353
310,-6.522343576291,0.312396613454,-0.181176210453,0.008677683707
311,-8.590054705475,0.347084237884,-0.238612630708,0.009641228830
312,-9.139696465418,0.266325004202,-0.253880457373,0.007397916783
313,-8.936580686465,0.322412890591,-0.248238352402,0.008955913628
314,-9.522123529378,0.326159657114,-0.264503431372,0.009059990475
315,-7.916934329368,0.320996167375,-0.219914842482,0.008916560205
316,-7.458399609282,0.325668447496,-0.207177766924,0.009046345764
317,-8.138084065379,0.317759838276,-0.226057890705,0.008826662174
318,-8.795528910483,0.292919763429,-0.244320247513,0.008136660095
319,-8.760012940453,0.289233842904,-0.243333692790,0.008034273414
320,-8.976726094154,0.297441171924,-0.249353502615,0.008262254776
321,-7.838536085903,0.313763575926,-0.217737113497,0.008715654887
322,-7.090260970346,0.315333551861,-0.196951693621,0.008759265329
323,-8.061528539102,0.420302809332,-0.223931348308,0.011675078037
324,-8.981753555957,0.369165909828,-0.249493154332,0.010254608606
325,-10.479323497890,0.343089705727,-0.291092319386,0.009530269604
326,-10.077281840850,0.321726822668,-0.279924495579,0.008936856185
327,-10.019063621096,0.327599082216,-0.278307322808,0.009099974506
328,-9.153883801069,0.453354861523,-0.254274550030,0.012593190598
329,-10.400578820127,0.333714281199,-0.288904967226,0.009269841144
330,-10.947324999512,0.283181768547,-0.304092361098,0.007866160237
331,-10.495265601637,0.293226151049,-0.291535155601,0.008145170862
332,-10.119619706267,0.316374271229,-0.281100547396,0.008788174201
333,-8.593808834406,0.266518571399,-0.238716912067,0.007403293650
334,-8.203139464415,0.267345234476,-0.227864985123,0.007426256513
335,-9.440551363870,0.244928513767,-0.262237537885,0.006803569827
336,-8.106185640344,0.275577835735,-0.225171823343,0.007654939882
337,-9.419146446051,0.302052312718,-0.261642956835,0.008390342020
338,-8.913220241363,0.291257353327,-0.247589451149,0.008090482037
339,-8.525828705539,0.298168069257,-0.236828575154,0.008282446368
340,-7.244524559756,0.298367152934,-0.201236793327,0.008287976470
341,-7.450334302772,0.333665025048,-0.206953730633,0.009268472918
342,-8.389821888056,0.311627865811,-0.233050608002,0.008656329606
343,-7.862496408958,0.317570388459,-0.218402678027,0.008821399679
344,-7.370393694655,0.310241113582,-0.204733158185,0.008617808711
345,-9.198560783980,0.347997747662,-0.255515577333,0.009666604102
346,-8.519452515758,0.275633573663,-0.236651458771,0.007656488157
347,-7.609138640312,0.301929321068,-0.211364962231,0.008386925585
348,-8.585124146072,0.320073720760,-0.238475670724,0.008890936688
349,-9.700329536866,0.285418558945,-0.269453598246,0.007928293304
350,-8.360218051014,0.245009463272,-0.232228279195,0.006805818424
351,-8.516830299633,0.258249872928,-0.236578619434,0.007173607581
352,-8.487575989930,0.276511732914,-0.235765999720,0.007680881470
353,-7.989771115733,0.288886013763,-0.221938086548,0.008024611493
354,-8.507289851164,0.290762569581,-0.236313606977,0.008076738044
355,-8.306922465222,0.276791149941,-0.230747846256,0.007688643054
356,-7.888335453445,0.292130535608,-0.219120429262,0.008114737100
357,-7.406151740943,0.323872936153,-0.205726437248,0.008996470449
358,-7.612197928413,0.282767140074,-0.211449942456,0.007854642780
359,-6.817831507774,0.278667751301,-0.189384208549,0.007740770869
360,-8.812897569764,0.310206568134,-0.244802710271,0.008616849115
361,-9.634831708577,0.318180928160,-0.267634214127,0.008838359116
362,-9.558274031907,0.272482585831,-0.265507611997,0.007568960718
363,-9.539923235817,0.278362314051,-0.264997867662,0.007732286501
364,-9.265696561261,0.316573657953,-0.257380460035,0.008793712721
365,-9.130498606024,0.461725983879,-0.253624961278,0.012825721774
366,-9.511149814323,0.302301460721,-0.264198605953,0.008397262798
367,-9.769867236006,0.286367851138,-0.271385201000,0.007954662532
368,-8.068015187339,0.297979202292,-0.224111532982,0.008277200064
369,-8.237731218508,0.294256241246,-0.228825867181,0.008173784479
370,-8.121058587681,0.294952053784,-0.225584960769,0.008193112605
371,-10.017475504274,0.256437219333,-0.278263208452,0.007123256093
372,-8.813417100211,0.286631250244,-0.244817141673,0.007961979173
373,-8.644062812256,0.259687518425,-0.240112855896,0.007213542178
374,-7.127465664060,0.314029312427,-0.197985157335,0.008723036456
375,-7.926818972664,0.255568639211,-0.220189415907,0.007099128867
376,-9.214174145981,0.255432545624,-0.255949281833,0.007095348490
377,-7.131288063239,0.283671955419,-0.198091335090,0.007879776539
378,-8.513527804912,0.221235892344,-0.236486883470,0.006145441454
379,-8.432766662378,0.278171463636,-0.234243518399,0.007726985101
380,-9.087431095123,0.295759869710,-0.252428641531,0.008215551936
381,-10.802098793715,0.300254034030,-0.300058299825,0.008340389834
382,-10.912075068932,0.323680191408,-0.303113196359,0.008991116428
383,-11.791184666315,0.277245230596,-0.327532907398,0.007701256405
384,-11.553899726547,0.320100629518,-0.320941659071,0.008891684153
385,-9.354404750750,0.245458631000,-0.259844576410,0.006818295306
386,-8.559415974503,0.306857202657,-0.237761554847,0.008523811185
387,-9.304457942161,0.314777024040,-0.258457165060,0.008743806223
388,-8.420058871459,0.368427011992,-0.233890524207,0.010234083666
389,-8.703423212228,0.356659116125,-0.241761755895,0.009907197670
390,-8.475662131929,0.318074053650,-0.235435059220,0.008835390379
391,-8.383906529653,0.299327419386,-0.232886292490,0.008314650539
392,-8.474236112618,0.288445936797,-0.235395447573,0.008012387133
393,-8.723114355073,0.341022044026,-0.242308732085,0.009472834556
394,-7.684293666328,0.303107150104,-0.213452601842,0.008419643058
395,-8.126205113629,0.324909891923,-0.225727919823,0.009025274776
396,-9.471606423749,0.265299652453,-0.263100178437,0.007369434790
397,-9.163717146245,0.629679407341,-0.254547698507,0.017491094648
398,-8.930569387092,0.311865039823,-0.248071371864,0.008662917773
399,-8.898989973018,0.317586479542,-0.247194165917,0.008821846654
400,-9.573831933614,0.314347471543,-0.265939775934,0.008731874210
401,-10.975022826310,0.293210351965,-0.304861745175,0.008144731999
402,-10.461187871147,0.262735797729,-0.290588551976,0.007298216604
403,-8.666335756801,0.278109666342,-0.240731548800,0.007725268510
404,-9.157183106992,0.316206066856,-0.254366197416,0.008783501857
405,-9.782124460894,0.369218306840,-0.271725679469,0.010256064079
406,-9.871901851266,0.278980737978,-0.274219495868,0.007749464944
407,-9.444952451162,0.464841318024,-0.262359790310,0.012912258834
408,-9.129733578684,0.305141247187,-0.253603710519,0.008476145755
409,-9.829295752565,0.274979623833,-0.273035993127,0.007638322884
410,-10.779998812197,0.316861280208,-0.299444411450,0.008801702228
411,-10.966249865991,0.295234925391,-0.304618051833,0.008200970150
412,-12.526264865426,0.287697336854,-0.347951801817,0.007991592690
413,-8.534911125172,0.405568672585,-0.237080864588,0.011265796461
414,-11.810102511276,0.388564204998,-0.328058403091,0.010793450139
415,-12.019153646130,0.446334515883,-0.333865379059,0.012398180997
416,-12.108246427426,0.302579013572,-0.336340178540,0.008404972599
417,-13.025493648134,0.270636596353,-0.361819268004,0.007517683232
418,-11.894863584827,0.282824638509,-0.330412877356,0.007856239959
419,-12.490951658284,0.335535985290,-0.346970879397,0.009320444036
420,-11.882039796423,0.288107198572,-0.330056661012,0.008002977738
421,-12.512817285818,0.301969507882,-0.347578257939,0.008388041886
422,-12.664342725499,0.295857114414,-0.351787297931,0.008218253178
423,-13.340739691537,0.311031508135,-0.370576102543,0.008639764115
424,-14.579615923167,0.324914616465,-0.404989331199,0.009025406013
425,-13.612587963200,0.309776312871,-0.378127443422,0.008604897580
426,-12.107139798713,0.349955452687,-0.336309438853,0.009720984797
427,-13.988306396312,0.314368303639,-0.388564066564,0.008732452879
428,-12.373076897300,0.298228898413,-0.343696580481,0.008284136067
429,-12.305419592302,0.324300111077,-0.341817210897,0.009008336419
430,-11.656657204300,0.506014045633,-0.323796033453,0.014055945712
431,-11.477186846581,0.908727302516,-0.318810745738,0.025242425070
432,-12.655199536888,0.278044111980,-0.351533320469,0.007723447555
433,-9.764618398569,0.313591361671,-0.271239399960,0.008710871158
434,-9.963974669356,0.334341448520,-0.276777074149,0.009287262459
435,-11.031622500300,0.254978009925,-0.306433958342,0.007082722498
436,-10.050779910328,0.295810960309,-0.279188330842,0.008216971120
437,-10.217694637729,0.327996476258,-0.283824851048,0.009111013229
438,-11.862184135995,0.268393847873,-0.329505114889,0.007455384663
439,-9.434398082855,0.291756195459,-0.262066613413,0.008104338763
440,-9.863524691654,0.284717137040,-0.273986796990,0.007908809362
441,-10.609916245296,0.364018429460,-0.294719895703,0.010111623041
442,-9.830109978101,0.318282217460,-0.273058610503,0.008841172707
443,-11.355409648361,0.291600355866,-0.315428045788,0.008100009885
444,-12.167505216083,0.291437043454,-0.337986256002,0.008095473429
445,-12.694202207040,0.259046008590,-0.352616727973,0.007195722461
446,-10.132593108330,0.328369967283,-0.281460919676,0.009121387980
447,-13.490273786175,0.251763311778,-0.374729827394,0.006993425327
448,-13.085253472676,0.285846172304,-0.363479263130,0.007940171453
449,-11.939189962935,0.296112686697,-0.331644165637,0.008225352408
450,-11.250807515721,0.300978541282,-0.312522430992,0.008360515036
451,-10.547131789866,0.262052902268,-0.292975883052,0.007279247285
452,-11.193460110395,0.262955112202,-0.310929447511,0.007304308672
453,-10.838233730559,0.285211607866,-0.301062048071,0.007922544663
454,-11.869799508067,0.253437910010,-0.329716653002,0.007039941945
455,-12.167240345851,0.271750422790,-0.337978898496,0.007548622855
456,-11.426933808316,0.313303781206,-0.317414828009,0.008702882811
457,-11.183677680905,0.315438973860,-0.310657713358,0.008762193718
458,-9.832278468475,0.296817491199,-0.273118846347,0.008244930311
459,-9.585367120946,0.259458123513,-0.266260197804,0.007207170098
460,-8.932016044385,0.249157025170,-0.248111556788,0.006921028477
461,-9.832859926958,1.922503758049,-0.273134997971,0.053402882168
462,-10.828542105337,0.278831535533,-0.300792836259,0.007745320431
463,-11.049305756961,0.266814260842,-0.306925159916,0.007411507246
464,-9.191523182411,0.249525132680,-0.255320088400,0.006931253686
465,-10.166564098860,0.255577027996,-0.282404558302,0.007099361889
466,-9.765977178703,0.287786280151,-0.271277143853,0.007994063338
467,-11.232087909010,0.278585995520,-0.312002441917,0.007738499876
468,-9.490679062671,0.285711606409,-0.263629973963,0.007936433511
469,-9.741076974087,0.280533783347,-0.270585471502,0.007792605093
470,-9.367762455123,0.260437759830,-0.260215623753,0.007234382217
471,-9.818578124600,0.271456382803,-0.272738281239,0.007540455078
472,-9.088301510780,0.284783262127,-0.252452819744,0.007910646170
473,-10.573997799899,0.294224365503,-0.293722161108,0.008172899042
474,-10.212007011556,0.268243135276,-0.283666861432,0.007451198202
475,-10.561140605457,0.254842873920,-0.293365016818,0.007078968720
476,-9.452402508626,0.297598699328,-0.262566736351,0.008266630537
477,-8.559435796181,0.270444678773,-0.237762105449,0.007512352188
478,-10.344048410512,0.277408525731,-0.287334678070,0.007705792381
479,-10.410524234503,0.275450767440,-0.289181228736,0.007651410207
480,-11.413781776627,0.316789160688,-0.317049493795,0.008799698908
481,-13.495668124751,0.310756553750,-0.374879670132,0.008632126493
482,-12.877809870471,0.275469871915,-0.357716940846,0.007651940887
483,-12.332772771520,0.260750857930,-0.342577021431,0.007243079387
484,-12.348800358920,0.257529683025,-0.343022232192,0.007153602306
485,-11.852220385382,0.329881758941,-0.329228344038,0.009163382193
486,-13.015086023524,0.264366154961,-0.361530167320,0.007343504304
487,-12.712308016407,0.272857597040,-0.353119667122,0.007579377696
488,-13.060527560344,0.266782623519,-0.362792432232,0.007410628431
489,-11.629427962263,0.358246089865,-0.323039665618,0.009951280274
490,-12.200983692074,0.347629402278,-0.338916213669,0.009656372285
491,-11.622872172008,0.314950671566,-0.322857560334,0.008748629766
492,-11.823967332873,0.269249796178,-0.328443537024,0.007479161005
493,-12.388727399922,0.266882985554,-0.344131316664,0.007413416265
494,-12.665881215896,0.263133298327,-0.351830033775,0.007309258287
495,-12.196951375163,0.311283531575,-0.338804204866,0.008646764766
496,-12.324648132844,0.655021548531,-0.342351337023,0.018195043015
497,-11.321171722048,0.209708348909,-0.314476992279,0.005825231914
498,-11.841345565617,0.235998000991,-0.328926265712,0.006555500028
499,-11.708837054238,0.285179605534,-0.325245473729,0.007921655709
500,-11.084209668635,0.264500428097,-0.307894713018,0.007347234114
501,-11.365140239127,0.263290265120,-0.315698339976,0.007313618476
502,-11.603840691416,0.260898129769,-0.322328908095,0.007247170271
503,-10.861280806727,0.257260684958,-0.301702244631,0.007146130138
504,-9.833550257177,0.183587935074,-0.273154173810,0.005099664863
505,-10.491032716730,0.241477946627,-0.291417575465,0.006707720740
506,-9.913303791574,0.206204228218,-0.275369549766,0.005727895228
507,-10.116601602045,0.234057651441,-0.281016711168,0.006501601429
508,-11.202508537761,0.215074451695,-0.311180792716,0.005974290325
509,-8.946990106315,0.251547114557,-0.248527502953,0.006987419849
510,-8.954979030425,0.264376562522,-0.248749417512,0.007343793403
511,-8.973084073013,0.351313304692,-0.249252335361,0.009758702908
512,-10.680458541162,0.237127200365,-0.296679403921,0.006586866677
513,-10.967530227690,0.241351668020,-0.304653617436,0.006704213001
514,-10.901097948880,0.288323065270,-0.302808276358,0.008008974035
515,-10.686263854380,0.230303418542,-0.296840662622,0.006397317182
516,-8.791282422269,0.299867827033,-0.244202289507,0.008329661862
517,-10.758923896411,0.254888692078,-0.298858997123,0.007080241447
518,-10.896026397057,0.239417681272,-0.302667399918,0.006650491146
519,-10.551910570309,0.201342894168,-0.293108626953,0.005592858171
520,-11.727141625307,0.214387813181,-0.325753934036,0.005955217033
521,-12.905405580022,0.238732436156,-0.358483488334,0.006631456560
522,-12.053671896922,0.254917048944,-0.334824219359,0.007081029137
523,-12.144159479761,0.306778528706,-0.337337763327,0.008521625797
524,-11.150161118683,0.282723948400,-0.309726697741,0.007853443011
525,-9.849147664479,0.248029103742,-0.273587435124,0.006889697326
526,-9.605525385515,0.278871124410,-0.266820149598,0.007746420123
527,-9.039308153397,0.302872455154,-0.251091893150,0.008413123754
528,-10.392890779997,0.279230703354,-0.288691410555,0.007756408427
529,-11.666004183812,0.304078826164,-0.324055671773,0.008446634060
530,-10.440532027597,0.250803373049,-0.290014778544,0.006966760362
531,-9.850728908355,0.356819514996,-0.273631358565,0.009911653194
532,-10.294511471205,0.291204060701,-0.285958651978,0.008089001686
533,-9.697639056455,0.299801989648,-0.269378862679,0.008327833046
534,-9.620650005255,0.263281996198,-0.267240277924,0.007313388783
535,-7.997449603448,0.310148469979,-0.222151377874,0.008615235277
536,-9.166735899507,0.336301910858,-0.254631552764,0.009341719746
537,-11.205773549386,0.282855430916,-0.311271487483,0.007857095303
538,-11.373485233479,0.307709910734,-0.315930145374,0.008547497520
539,-10.678912364029,0.321593560539,-0.296636454556,0.008933154459
540,-10.361817957745,0.306851166723,-0.287828276604,0.008523643520
541,-9.805554729742,0.311276500400,-0.272376520271,0.008646569456
542,-9.217574230051,0.254946587923,-0.256043728613,0.007081849665
543,-9.501941556948,0.299950561461,-0.263942821026,0.008331960041
544,-8.859526182707,0.378798834338,-0.246097949520,0.010522189843
545,-9.897037673370,0.256800366393,-0.274917713149,0.007133343511
546,-10.182489212045,0.257414357626,-0.282846922557,0.007150398823
547,-9.891012448657,0.232111814396,-0.274750345796,0.006447550400
548,-10.467757831089,0.263223312936,-0.290771050864,0.007311758693
549,-10.163563873494,0.278142778061,-0.282321218708,0.007726188279
550,-10.330609651846,0.250333536733,-0.286961379218,0.006953709354
551,-9.889738165886,0.253382537001,-0.274714949052,0.007038403806
552,-10.240979276274,0.239772972607,-0.284471646563,0.006660360350
553,-10.894934515628,0.284278995575,-0.302637069879,0.007896638766
554,-11.431246190238,0.235668879154,-0.317534616395,0.006546357754
555,-10.312735724762,0.267690389628,-0.286464881243,0.007435844156
556,-10.224593425022,0.259816347958,-0.284016484028,0.007217120777
557,-10.216622639459,0.250716854231,-0.283795073318,0.006964357062
558,-10.712647768497,0.482164788058,-0.297573549125,0.013393466335
559,-12.699992874488,0.338953631733,-0.352777579847,0.009415378659
560,-11.878693116012,0.288552837860,-0.329963697667,0.008015356607
561,-12.100653822885,0.286522723065,-0.336129272858,0.007958964530
562,-11.903159215359,0.299520717284,-0.330643311538,0.008320019925
563,-9.696943375314,0.282796565497,-0.269359538203,0.007855460153
564,-10.688630458929,0.253439059038,-0.296906401637,0.007039973862
565,-9.535344433992,0.269494135956,-0.264870678722,0.007485948221
566,-10.941773145587,0.311784199883,-0.303938142933,0.008660672219
567,-11.407557644150,0.349413023878,-0.316876601226,0.009705917330
568,-12.628134860758,0.271851694579,-0.350781523910,0.007551435961
569,-11.444941212692,0.254098576919,-0.317915033686,0.007058293803
570,-11.544733423136,0.257744781334,-0.320687039532,0.007159577259
571,-11.902399035901,0.330933405381,-0.330622195442,0.009192594594
572,-12.346098170197,0.296193624562,-0.342947171394,0.008227600682
573,-11.674771942109,0.292176866503,-0.324299220614,0.008116024070
574,-9.864249584351,0.282108877709,-0.274006932899,0.007836357714
575,-11.210460934010,0.240011986789,-0.311401692611,0.006666999633
576,-11.476232616442,0.271327707382,-0.318784239346,0.007536880761
577,-12.462039763268,0.278470878458,-0.346167771202,0.007735302179
578,-12.718692960555,0.289730833183,-0.353297026682,0.008048078700
579,-12.839222347969,0.259706689140,-0.356645065221,0.007214074698
580,-12.864984693192,0.243927719851,-0.357360685922,0.006775769996
581,-12.813855437711,0.258103459403,-0.355940428825,0.007169540539
582,-13.615310628592,0.245759523056,-0.378203073016,0.006826653418
583,-12.667910853259,0.285345090750,-0.351886412591,0.007926252521
584,-13.084065401397,0.239591758919,-0.363446261150,0.006655326637
585,-12.355233802059,0.250483700875,-0.343200938946,0.006957880580
586,-11.201934232015,0.318839245279,-0.311164839778,0.008856645702
587,-11.000092984425,0.261001229835,-0.305558138456,0.007250034162
588,-12.461324528914,0.220351616066,-0.346147903581,0.006120878224
589,-13.117100470213,0.272894325420,-0.364363901950,0.007580397928
590,-14.243274345335,0.224803134410,-0.395646509593,0.006244531511
591,-13.420917923628,0.265202174280,-0.372803275656,0.007366727063
592,-12.929581531758,0.285619624580,-0.359155042549,0.007933878461
593,-13.725423183224,0.264984259117,-0.381261755090,0.007360673864
594,-14.927480507523,0.194223310246,-0.414652236320,0.005395091951
595,-13.394477132389,0.207402721387,-0.372068809233,0.005761186705
596,-11.168626653339,0.261459153335,-0.310239629259,0.007262754259
597,-10.993511477673,0.259609663124,-0.305375318824,0.007211379531
598,-11.006043778421,0.294175424962,-0.305723438289,0.008171539582
599,-12.026099689784,0.247991667148,-0.334058324716,0.006888657421
600,-11.397237931411,0.254480370555,-0.316589942539,0.007068899182
601,-11.769574479543,0.321487789891,-0.326932624432,0.008930216386
602,-14.354412334334,0.268573600007,-0.398733675954,0.007460377778
603,-12.974464832544,0.263963788067,-0.360401800904,0.007332327446
604,-11.416539344576,0.262660631360,-0.317126092905,0.007296128649
605,-11.748964045333,0.254997184746,-0.326360112370,0.007083255132
606,-13.065742047058,0.263675842742,-0.362937279085,0.007324328965
607,-14.055684422905,0.247170775121,-0.390435678414,0.006865854864
608,-12.972614231848,0.339154913445,-0.360350395329,0.009420969818
609,-12.113537080114,0.272296123634,-0.336487141114,0.007563781212
610,-11.733795816423,0.268408787027,-0.325938772678,0.007455799640
611,-13.021310159281,0.261299366521,-0.361703059980,0.007258315737
612,-12.633618207138,0.282365846873,-0.350933839087,0.007843495746
613,-13.229544202648,0.264472149374,-0.367487338962,0.007346448594
614,-13.532098403034,0.221851056140,-0.375891622306,0.006162529337
615,-12.383381096241,0.272291530049,-0.343982808229,0.007563653612
616,-11.310371476994,0.212514448220,-0.314176985472,0.005903179117
617,-12.725498893161,0.233029262423,-0.353486080366,0.006473035067
618,-11.928249704368,0.255694058156,-0.331340269566,0.007102612727
619,-11.133554323026,0.221003604106,-0.309265397862,0.006138989003
620,-11.048851369080,0.270786507048,-0.306912538030,0.007521847418
621,-10.999120283372,0.225146759632,-0.305531118983,0.006254076656
622,-11.062030881008,0.208545432902,-0.307278635584,0.005792928692
623,-12.824589260622,0.170268595749,-0.356238590573,0.004729683215
624,-12.634468456008,0.187083944243,-0.350957457111,0.005196776229
625,-12.358114105609,0.258518690160,-0.343280947378,0.007181074727
626,-11.898133384283,0.257456186339,-0.330503705119,0.007151560732
627,-11.519740806531,0.200414423091,-0.319992800181,0.005567067308
628,-12.804531741606,0.225639397546,-0.355681437267,0.006267761043
629,-13.943951037517,0.275571287637,-0.387331973264,0.007654757990
630,-13.728285894243,0.313877098311,-0.381341274840,0.008718808286
631,-13.789516118578,0.208610130357,-0.383042114405,0.005794725843
632,-15.074257786090,0.217712119763,-0.418729382947,0.006047558882
633,-14.114433951049,0.228895508652,-0.392067609751,0.006358208574
634,-13.374396482951,0.252722751189,-0.371511013415,0.007020076422
635,-13.638839546089,0.250870456686,-0.378856654058,0.006968623797
636,-14.021793298283,0.289193078403,-0.389494258286,0.008033141067
637,-12.389175926476,0.355002129145,-0.344143775735,0.009861170254
638,-12.452443661787,0.232085536964,-0.345901212827,0.006446820471
639,-13.952030837463,0.218657637089,-0.387556412152,0.006073823252
640,-13.485674790291,0.235568598238,-0.374602077508,0.006543572173
641,-10.925922760365,0.253540649620,-0.303497854455,0.007042795823
642,-11.013382482865,0.289576677994,-0.305927291191,0.008043796611
643,-13.124608270809,0.313767132587,-0.364572451967,0.008715753683
644,-13.119274425217,0.263075669255,-0.364424289589,0.007307657479
645,-11.793102119554,0.246320425276,-0.327586169988,0.006842234035
646,-12.522774691014,0.296617603399,-0.347854852528,0.008239377872
647,-12.712414454036,0.264539710574,-0.353122623723,0.007348325294
648,-13.060454163395,0.234864128593,-0.362790393428,0.006524003572
649,-13.978292422332,0.212130903155,-0.388285900620,0.005892525088
650,-12.390928423692,0.198404072287,-0.344192456214,0.005511224230
651,-11.456328892805,0.209785060149,-0.318231358133,0.005827362782
652,-12.737095233076,0.184073173424,-0.353808200919,0.005113143706
653,-12.776290661281,0.246650607621,-0.354896962813,0.006851405767
654,-10.692987425756,0.375319775679,-0.297027428493,0.010425549324
655,-11.360650860354,0.313810889207,-0.315573635010,0.008716969145
656,-12.158197269864,0.216965977088,-0.337727701941,0.006026832697
657,-11.827697020815,0.220796593405,-0.328547139467,0.006133238706
658,-10.855693275588,0.223258446058,-0.301547035433,0.006201623502
659,-11.578857340375,0.212494280461,-0.321634926122,0.005902618902
660,-11.778470972623,0.238900657775,-0.327179749240,0.006636129383
661,-11.737759126157,0.241309400082,-0.326048864615,0.006703038891
662,-12.828693330671,0.229730805524,-0.356352592519,0.006381411265
663,-12.617307822806,0.233641432446,-0.350480772856,0.006490039790
664,-12.051737143957,0.240170131516,-0.334770476221,0.006671392542
665,-12.829840126945,0.222970844728,-0.356384447971,0.006193634576
666,-11.323636155196,0.298458062782,-0.314545448755,0.008290501744
667,-13.310386026901,0.207760220762,-0.369732945192,0.005771117243
668,-13.096168310674,0.222958876646,-0.363782453074,0.006193302129
669,-13.156808566161,0.259955023545,-0.365466904616,0.007220972876
670,-12.687685704921,0.247865928218,-0.352435714026,0.006885164673
671,-13.768878984320,0.216997555619,-0.382468860676,0.006027709878
672,-15.238867216511,0.295146721310,-0.423301867125,0.008198520036
673,-14.791070203493,0.218172755871,-0.410863061208,0.006060354330
674,-13.924865734542,0.217620021442,-0.386801825960,0.006045000596
675,-14.719758530700,0.186236869739,-0.408882181408,0.005173246382
676,-14.281999063652,0.261858451078,-0.396722196213,0.007273845863
677,-13.954168706979,0.238635368758,-0.387615797416,0.006628760243
678,-14.531049496744,0.202922840509,-0.403640263798,0.005636745570
679,-14.619967154563,0.727023657950,-0.406110198738,0.020195101610
680,-14.112168225944,0.240313859245,-0.392004672943,0.006675384979
681,-15.051917380846,0.221362082679,-0.418108816135,0.006148946741
682,-13.979579568168,0.200760504218,-0.388321654671,0.005576680673
683,-13.671638817527,0.215067260363,-0.379767744931,0.005974090566
684,-13.653919571873,0.217618111163,-0.379275543663,0.006044947532
685,-13.267074729789,0.303463929143,-0.368529853605,0.008429553587
686,-12.995361605288,0.244858596857,-0.360982266814,0.006801627690
687,-12.876453582764,0.284214341331,-0.357679266188,0.007894842815
688,-13.602676250919,0.267716016322,-0.377852118081,0.007436556009
689,-13.690481971322,0.253951660862,-0.380291165870,0.007054212802
690,-13.275326032218,0.232942818209,-0.368759056450,0.006470633839
691,-14.353070087185,0.281610008686,-0.398696391311,0.007822500241
692,-13.818565315479,0.284399942205,-0.383849036541,0.007899998395
693,-13.449538714859,0.262392973057,-0.373598297635,0.007288693696
694,-14.057688820650,0.227540741882,-0.390491356129,0.006320576163
695,-13.507073946354,0.208593477752,-0.375196498510,0.005794263271
696,-13.523388087384,0.280941436959,-0.375649669094,0.007803928804
697,-14.447441691318,0.188794413381,-0.401317824759,0.005244289261
698,-13.075041207925,0.254311997022,-0.363195589109,0.007064222139
699,-12.401782166616,0.321004336493,-0.344493949073,0.008916787125
700,-14.890542882894,0.249643781791,-0.413626191191,0.006934549494
701,-14.081869288117,0.197118651989,-0.391163035781,0.005475518111
702,-12.469082437680,0.284380261128,-0.346363401047,0.007899451698
703,-11.910937139344,0.267081617515,-0.330859364982,0.007418933820
704,-14.783411369625,0.188613459098,-0.410650315823,0.005239262753
705,-15.012677461325,0.180114602057,-0.417018818370,0.005003183390
706,-14.944339296224,0.210621060137,-0.415120536006,0.005850585004
707,-14.195980507699,0.263356143572,-0.394332791881,0.007315448433
708,-13.822113602602,0.230620941767,-0.383947600072,0.006406137271
709,-12.814733803416,0.306199114700,-0.355964827873,0.008505530964
710,-12.291277238437,0.299145366335,-0.341424367734,0.008309593509
711,-12.352355472828,0.268400257660,-0.343120985356,0.007455562713
712,-12.243592214686,0.258123109294,-0.340099783741,0.007170086369
713,-11.576359358776,0.272226545949,-0.321565537744,0.007561848499
714,-11.427999029994,0.280809845974,-0.317444417500,0.007800273499
715,-12.558526874434,0.293944308677,-0.348847968734,0.008165119685
716,-12.936714223689,0.292512909446,-0.359353172880,0.008125358596
717,-12.168267432861,0.282936524010,-0.338007428691,0.007859347889
718,-12.241235816779,0.277107889094,-0.340034328244,0.007697441364
719,-12.105103192058,0.250415193633,-0.336252866446,0.006955977601
720,-12.929742860872,0.186541489683,-0.359159523913,0.005181708047
721,-12.169306172824,0.232257718588,-0.338036282578,0.006451603294
722,-12.048945399910,0.201015817739,-0.334692927775,0.005583772715
723,-12.206258835963,0.234094185657,-0.339062745443,0.006502616268
724,-14.063609498704,0.227277304814,-0.390655819408,0.006313258467
725,-13.738787760058,0.203141127568,-0.381632993335,0.005642809099
726,-13.005360946135,0.256911042273,-0.361260026282,0.007136417841
727,-12.860728286583,0.202406465687,-0.357242452405,0.005622401825
728,-12.476873405332,0.233091066569,-0.346579816815,0.006474751849
729,-12.505189794415,0.206600812498,-0.347366383178,0.005738911458
730,-12.555890778998,0.226755546110,-0.348774743861,0.006298765170
731,-12.264373646986,0.210366199595,-0.340677045750,0.005843505544
732,-11.727381207907,0.238068414640,-0.325760589109,0.006613011518
733,-12.325216350188,0.207905450049,-0.342367120839,0.005775151390
734,-11.693646160260,0.201804150347,-0.324823504452,0.005605670843
735,-11.122664311803,0.334152871636,-0.308962897550,0.009282024212
736,-11.695821891733,0.222104627917,-0.324883941437,0.006169572998
737,-11.791563919218,0.241476291754,-0.327543442201,0.006707674771
738,-12.057732994742,0.249763435441,-0.334937027632,0.006937873207
739,-11.754354775285,0.256328262008,-0.326509854869,0.007120229500
740,-11.807860580822,0.227021990071,-0.327996127245,0.006306166391
741,-11.372371347687,0.206309051032,-0.315899204102,0.005730806973
742,-9.590200469003,0.239480401489,-0.266394457472,0.006652233375
743,-10.825760116095,0.295270726798,-0.300715558780,0.008201964633
744,-11.376277774557,0.296362167671,-0.316007715960,0.008232282435
745,-11.612832401900,0.251200228604,-0.322578677831,0.006977784128
746,-11.379455828423,0.255217090563,-0.316095995234,0.007089363627
747,-10.446620216297,0.272418102303,-0.290183894897,0.007567169508
748,-9.673617513721,0.301242759253,-0.268711597603,0.008367854424
749,-11.663670944514,0.367650053945,-0.323990859570,0.010212501498
750,-11.995543087262,0.409055355373,-0.333209530202,0.011362648760
751,-11.486985328843,0.227492336104,-0.319082925801,0.006319231558
752,-13.210562866458,0.213371650575,-0.366960079624,0.005926990294
753,-11.746935474047,0.288816020644,-0.326303763168,0.008022667240
754,-13.822286612635,0.252422300568,-0.383952405907,0.007011730571
755,-12.900524758667,0.261231653924,-0.358347909963,0.007256434831
756,-12.180821181897,0.249148203456,-0.338356143942,0.006920783429
757,-13.705621701315,0.314477623100,-0.380711713925,0.008735489531
758,-11.504278578241,0.263185938589,-0.319563293840,0.007310720516
759,-11.861218034256,0.368848193125,-0.329478278729,0.010245783142
760,-11.421958898157,0.298264325434,-0.317276636060,0.008285120151
761,-13.271118432590,0.260779515806,-0.368642178683,0.007243875439
762,-14.036802303517,0.253644296399,-0.389911175098,0.007045674900
763,-13.554239186583,0.267617269716,-0.376506644072,0.007433813048
764,-11.883190344969,0.256583684181,-0.330088620694,0.007127324561
765,-13.991141194901,0.217068356791,-0.388642810969,0.006029676578
766,-13.341587180939,0.277423107390,-0.370599643915,0.007706197428
767,-12.639476368079,0.271911813676,-0.351096565780,0.007553105935
768,-14.456163236025,0.276622728906,-0.401560089890,0.007683964692
769,-13.047914679214,0.262373695723,-0.362442074423,0.007288158215
770,-13.370060734646,0.238855010580,-0.371390575962,0.006634861405
771,-12.959370127524,0.225117628184,-0.359982503542,0.006253267450
772,-12.609858064746,0.235203080325,-0.350273835132,0.006533418898
773,-12.988147994645,0.212212844581,-0.360781888740,0.005894801238
774,-13.745831524971,0.180152817349,-0.381828653471,0.005004244926
775,-13.671799850961,0.214151836513,-0.379772218082,0.005948662125
776,-13.007852865210,0.189625666144,-0.361329246256,0.005267379615
777,-12.394289119082,0.240846335374,-0.344285808863,0.006690175983
778,-11.525679225066,0.237122777041,-0.320157756252,0.006586743807
779,-12.566602325570,0.243482140111,-0.349072286821,0.006763392781
780,-12.888046025935,0.241350149608,-0.358001278498,0.006704170822
781,-12.777888529842,0.222108703636,-0.354941348051,0.006169686212
782,-12.269543021235,0.300711595523,-0.340820639479,0.008353099876
783,-12.203555200244,0.356460971737,-0.338987644451,0.009901693659
784,-11.741810067796,0.285276692321,-0.326161390772,0.007924352564
785,-12.996424841590,0.258144822638,-0.361011801155,0.007170689518
786,-12.600489801219,0.367934636581,-0.350013605589,0.010220406572
787,-12.328446125604,0.277853629020,-0.342456836822,0.007718156362
788,-12.374472240678,0.301499188724,-0.343735340019,0.008374977465
789,-14.187286020678,0.338523392304,-0.394091278352,0.009403427564
790,-14.014528095911,0.332818465667,-0.389292447109,0.009244957380
791,-14.102356866562,0.261093298639,-0.391732135182,0.007252591629
792,-14.458629168276,0.252212112980,-0.401628588008,0.007005892027
793,-15.339980133802,0.266604647717,-0.426110559272,0.007405684659
794,-15.510820413840,0.252568344597,-0.430856122607,0.007015787350
795,-16.069023394934,0.208957658801,-0.446361760970,0.005804379411
796,-15.317073171487,0.239410603329,-0.425474254764,0.006650294537
797,-13.465162199388,0.247175924412,-0.374032283316,0.006865997900
798,-12.465230375735,0.304053358464,-0.346256399326,0.008445926624
799,-11.913238044543,0.291223352445,-0.330923279015,0.008089537568
