# RBM history | dtype=COMPLEX | L=6 (N_sites=36) | J1=1.0 | J2=0.5
# Optimizer=Adam | lr=0.001 | alpha=4 | SR diag_shift=0.01
# Sampler=MetropolisExchange(d_max=2) | n_samples=10000 | discard=50 | seed=1234
# Paper reference E/site = -0.50381
iter,energy_mean,energy_sigma,energy_per_site_mean,energy_per_site_sigma
0,107.925027100002,0.010743629332,2.997917419445,0.000298434148
1,107.911641137546,0.014315077025,2.997545587154,0.000397641028
2,107.841489994730,0.017457875274,2.995596944298,0.000484940980
3,107.786470105254,0.021715124778,2.994068614035,0.000603197911
4,107.655486397131,0.026604387096,2.990430177698,0.000739010753
5,107.602608520368,0.031719422094,2.988961347788,0.000881095058
6,107.477645776388,0.035001730895,2.985490160455,0.000972270303
7,107.280596803929,0.042147327970,2.980016577887,0.001170759110
8,107.052105640865,0.048057578790,2.973669601135,0.001334932744
9,106.829379826985,0.056578885125,2.967482772972,0.001571635698
10,106.501659249154,0.062440369339,2.958379423588,0.001734454704
11,106.043414332651,0.071634509128,2.945650398129,0.001989847476
12,105.571999956569,0.082301734701,2.932555554349,0.002286159297
13,105.048089225762,0.090069447689,2.918002478493,0.002501929102
14,104.363183235366,0.099766165597,2.898977312093,0.002771282378
15,103.590613502650,0.112443147542,2.877517041740,0.003123420765
16,102.681166563801,0.120230907292,2.852254626772,0.003339747425
17,101.725975954726,0.127030373356,2.825721554298,0.003528621482
18,100.201205916531,0.142040102390,2.783366831015,0.003945558400
19,98.693858613657,0.159323953306,2.741496072602,0.004425665370
20,97.188292178297,0.165142689590,2.699674782730,0.004587296933
21,95.210723725548,0.178307475065,2.644742325710,0.004952985418
22,93.315550375431,0.190459481658,2.592098621540,0.005290541157
23,90.970846245107,0.206094944371,2.526967951253,0.005724859566
24,88.467849507664,0.233858278975,2.457440264102,0.006496063305
25,85.313361354396,0.240775863197,2.369815593178,0.006688218422
26,82.173680071835,0.259950289715,2.282602224218,0.007220841381
27,78.920643977297,0.264488015480,2.192240110480,0.007346889319
28,75.556411170875,0.285748103399,2.098789199191,0.007937447317
29,71.748589470969,0.307533552259,1.993016374194,0.008542598674
30,67.498277293987,0.305059499394,1.874952147055,0.008473874983
31,62.643650187920,0.316079850856,1.740101394109,0.008779995857
32,57.731500826184,0.333090550282,1.603652800727,0.009252515286
33,53.304996788543,0.330090490094,1.480694355237,0.009169180280
34,48.048214641409,0.348751071180,1.334672628928,0.009687529755
35,43.401064030167,0.361197527468,1.205585111949,0.010033264652
36,38.933338850776,0.376383123994,1.081481634744,0.010455086778
37,34.605022114937,0.369380831328,0.961250614304,0.010260578648
38,30.528442048426,0.345404663140,0.848012279123,0.009594573976
39,25.969588795081,0.358054444218,0.721377466530,0.009945956784
40,21.976147453130,0.358352000332,0.610448540365,0.009954222231
41,18.682873800153,0.345430066770,0.518968716671,0.009595279632
42,15.400154080277,0.338300843862,0.427782057785,0.009397245663
43,12.381936463937,0.320260142671,0.343942679554,0.008896115074
44,8.257347212481,0.318432593835,0.229370755902,0.008845349829
45,5.958367107824,0.305017413488,0.165510197440,0.008472705930
46,4.289316634980,0.300529206207,0.119147684305,0.008348033506
47,2.185471602991,0.307250904549,0.060707544528,0.008534747349
48,0.367439340850,0.280430452259,0.010206648357,0.007789734785
49,-1.625240229834,0.293502123834,-0.045145561940,0.008152836773
50,-3.335111233558,0.271744883287,-0.092641978710,0.007548468980
51,-4.213031565795,0.282437558804,-0.117028654605,0.007845487745
52,-5.918316028590,0.257500944466,-0.164397667461,0.007152804013
53,-7.175373129380,0.251988985315,-0.199315920261,0.006999694037
54,-8.364133297572,0.235908479493,-0.232337036044,0.006553013319
55,-8.773673232106,0.240815378284,-0.243713145336,0.006689316063
56,-9.871099091909,0.236576601246,-0.274197196997,0.006571572257
57,-10.466253918810,0.239955510945,-0.290729275522,0.006665430860
58,-11.140090561632,0.224981961622,-0.309446960045,0.006249498934
59,-11.668120587164,0.239469042881,-0.324114460755,0.006651917858
60,-12.511910511541,0.211053953855,-0.347553069765,0.005862609829
61,-13.240898575836,0.223233355074,-0.367802738218,0.006200926530
62,-13.506558693632,0.210252781586,-0.375182185934,0.005840355044
63,-14.142596440429,0.212291097586,-0.392849901123,0.005896974933
64,-14.591009320894,0.209693855318,-0.405305814469,0.005824829314
65,-14.972602118947,0.210412243897,-0.415905614415,0.005844784553
66,-15.266268340335,0.208294815092,-0.424063009454,0.005785967086
67,-15.866809796157,0.206514832938,-0.440744716560,0.005736523137
68,-16.545836541286,0.196665910147,-0.459606570591,0.005462941949
69,-16.274606901239,0.203555025487,-0.452072413923,0.005654306264
70,-16.895780425820,0.199634921507,-0.469327234051,0.005545414486
71,-16.852234515955,0.192602245739,-0.468117625443,0.005350062382
72,-17.606134704623,0.199711077487,-0.489059297351,0.005547529930
73,-17.890605450859,0.195379410062,-0.496961262524,0.005427205835
74,-17.835758726369,0.200603231088,-0.495437742399,0.005572311975
75,-18.569723030624,0.185203650485,-0.515825639740,0.005144545847
76,-18.499816396130,0.194897173436,-0.513883788781,0.005413810373
77,-18.669854902021,0.198123232712,-0.518607080612,0.005503423131
78,-19.123475391471,0.210505553700,-0.531207649763,0.005847376492
79,-19.088396979668,0.199724356296,-0.530233249435,0.005547898786
80,-19.544595826819,0.189815692971,-0.542905439634,0.005272658138
81,-19.498254116986,0.201585748075,-0.541618169916,0.005599604113
82,-19.823269819979,0.194334316833,-0.550646383888,0.005398175468
83,-20.105643473952,0.180014641387,-0.558490096499,0.005000406705
84,-20.124474385315,0.192313710641,-0.559013177370,0.005342047518
85,-20.654797078396,0.198119589722,-0.573744363289,0.005503321937
86,-20.485752940943,0.191410355819,-0.569048692804,0.005316954328
87,-20.926692940963,0.181754053198,-0.581297026138,0.005048723700
88,-21.022638004485,0.193258373354,-0.583962166791,0.005368288149
89,-21.403632389510,0.168649257340,-0.594545344153,0.004684701593
90,-21.393331651334,0.183127329713,-0.594259212537,0.005086870270
91,-21.987036883550,0.185560935424,-0.610751024543,0.005154470428
92,-21.790115901135,0.176637950238,-0.605280997254,0.004906609729
93,-21.906774810815,0.183742876567,-0.608521522523,0.005103968794
94,-22.339729015896,0.183995603256,-0.620548028219,0.005110988979
95,-22.461413404846,0.183684319262,-0.623928150135,0.005102342202
96,-22.647677912328,0.179111883504,-0.629102164231,0.004975330097
97,-22.754841548814,0.189986997722,-0.632078931911,0.005277416603
98,-23.234131272818,0.182278999308,-0.645392535356,0.005063305536
99,-22.836505822695,0.186078900667,-0.634347383964,0.005168858352
100,-23.217574721357,0.184785791105,-0.644932631149,0.005132938642
101,-23.155552916303,0.172624928935,-0.643209803231,0.004795136915
102,-23.535141987418,0.185430933014,-0.653753944095,0.005150859250
103,-23.738648887210,0.190312347919,-0.659406913534,0.005286454109
104,-23.805522170961,0.197849445500,-0.661264504749,0.005495817931
105,-23.953090983290,0.173235544599,-0.665363638425,0.004812098461
106,-24.084408637090,0.193072666493,-0.669011351030,0.005363129625
107,-24.091147069091,0.223609678373,-0.669198529697,0.006211379955
108,-24.375748179166,0.190386621154,-0.677104116088,0.005288517254
109,-24.411969210066,0.173228391594,-0.678110255835,0.004811899766
110,-24.661094949107,0.180323278210,-0.685030415253,0.005008979950
111,-24.727273488767,0.170370029140,-0.686868708021,0.004732500809
112,-25.146521889760,0.180496894237,-0.698514496938,0.005013802618
113,-25.122525016907,0.181303222116,-0.697847917136,0.005036200614
114,-25.196597973857,0.178898352195,-0.699905499274,0.004969398672
115,-25.350251840888,0.209931573170,-0.704173662247,0.005831432588
116,-25.554478653316,0.171199167196,-0.709846629259,0.004755532422
117,-25.700706824875,0.177245168445,-0.713908522913,0.004923476901
118,-25.912423800315,0.167486065493,-0.719789550009,0.004652390708
119,-25.968722551219,0.199328295004,-0.721353404201,0.005536897083
120,-26.036468370569,0.174804466332,-0.723235232516,0.004855679620
121,-26.077763891648,0.177457692290,-0.724382330324,0.004929380341
122,-26.484381072015,0.178550659850,-0.735677252000,0.004959740551
123,-26.719768091388,0.172865199672,-0.742215780316,0.004801811102
124,-26.425241906249,0.264905727005,-0.734034497396,0.007358492417
125,-26.970554563761,0.162812247566,-0.749182071216,0.004522562432
126,-26.835390978107,0.173894018574,-0.745427527170,0.004830389405
127,-27.223681791423,0.172550522019,-0.756213383095,0.004793070056
128,-27.292951568795,0.171503432972,-0.758137543578,0.004763984249
129,-27.337442503604,0.168270770443,-0.759373402878,0.004674188068
130,-27.301639527251,0.174179442827,-0.758378875757,0.004838317856
131,-27.544611255421,0.163867588690,-0.765128090428,0.004551877464
132,-27.693138457794,0.201503320591,-0.769253846050,0.005597314461
133,-27.691890184727,0.170824407223,-0.769219171798,0.004745122423
134,-27.846463900366,0.169741853290,-0.773512886121,0.004715051480
135,-27.895724072803,0.186781625210,-0.774881224245,0.005188378478
136,-28.179538820060,0.169494420807,-0.782764967224,0.004708178356
137,-28.324628711099,0.177356376149,-0.786795241975,0.004926566004
138,-28.545829763183,0.170191177958,-0.792939715644,0.004727532721
139,-28.626709980935,0.180841627101,-0.795186388359,0.005023378531
140,-28.717516562548,0.172555474122,-0.797708793404,0.004793207614
141,-28.773000474295,0.172101905852,-0.799250013175,0.004780608496
142,-28.980011692610,0.171981000923,-0.805000324795,0.004777250026
143,-29.069095155974,0.167899661700,-0.807474865444,0.004663879492
144,-29.086892216817,0.163652434696,-0.807969228245,0.004545900964
145,-29.365605971739,0.181282021023,-0.815711276993,0.005035611695
146,-29.436663029261,0.165912461410,-0.817685084146,0.004608679484
147,-29.452444618521,0.157627530514,-0.818123461626,0.004378542514
148,-29.703669717263,0.169181006733,-0.825101936591,0.004699472409
149,-29.801158092609,0.165862469137,-0.827809947017,0.004607290809
150,-30.036941261587,0.162548173895,-0.834359479489,0.004515227053
151,-30.374834068140,0.171504596891,-0.843745390782,0.004764016580
152,-30.284030205561,0.153458933110,-0.841223061266,0.004262748142
153,-30.390013953877,0.162495638162,-0.844167054274,0.004513767727
154,-30.480258892922,0.157997634501,-0.846673858137,0.004388823181
155,-30.547273508500,0.180856340468,-0.848535375236,0.005023787235
156,-30.710197379438,0.163757376562,-0.853061038318,0.004548816016
157,-30.753241175933,0.157279163652,-0.854256699331,0.004368865657
158,-30.646126483945,0.163036055412,-0.851281291221,0.004528779317
159,-30.818741404971,0.167432558796,-0.856076150138,0.004650904411
160,-30.948251013679,0.169262864881,-0.859673639269,0.004701746247
161,-31.046138996164,0.164650418059,-0.862392749893,0.004573622724
162,-31.248458811938,0.164827115622,-0.868012744776,0.004578530990
163,-31.118265035565,0.173705277399,-0.864396250988,0.004825146594
164,-31.317575374132,0.154042401752,-0.869932649281,0.004278955604
165,-31.726544965766,0.180405956860,-0.881292915716,0.005011276579
166,-31.391240401470,0.171150760043,-0.871978900041,0.004754187779
167,-31.979597594297,0.162794777045,-0.888322155397,0.004522077140
168,-31.878987992985,0.157412619830,-0.885527444250,0.004372572773
169,-31.966930926847,0.155098205954,-0.887970303524,0.004308283499
170,-31.884983359070,0.158232436321,-0.885693982196,0.004395345453
171,-32.107389789583,0.152179314668,-0.891871938600,0.004227203185
172,-32.147522602297,0.166995518601,-0.892986738953,0.004638764406
173,-32.417174061923,0.162194212094,-0.900477057276,0.004505394780
174,-32.561261550102,0.183194636219,-0.904479487503,0.005088739895
175,-32.509182903956,0.161574558125,-0.903032858443,0.004488182170
176,-32.430007762844,0.159616453778,-0.900833548968,0.004433790383
177,-32.887662315010,0.151519806362,-0.913546175417,0.004208883510
178,-32.790336369612,0.162840641092,-0.910842676934,0.004523351141
179,-32.630319910874,0.351464677980,-0.906397775302,0.009762907722
180,-32.886781526300,0.161057213647,-0.913521709064,0.004473811490
181,-33.057364666582,0.175673351650,-0.918260129627,0.004879815324
182,-33.040826813144,0.165546868596,-0.917800744810,0.004598524128
183,-33.404567841169,0.171948663709,-0.927904662255,0.004776351770
184,-33.604630496248,0.160288071959,-0.933461958229,0.004452446443
185,-33.526315378978,0.151165197415,-0.931286538305,0.004199033262
186,-33.313505254751,0.166943929750,-0.925375145965,0.004637331382
187,-33.743575368206,0.155035968969,-0.937321538006,0.004306554694
188,-33.533560428238,0.154936188805,-0.931487789673,0.004303783022
189,-33.930264912226,0.165811916305,-0.942507358673,0.004605886564
190,-33.955033448286,0.168719185107,-0.943195373564,0.004686644031
191,-34.117233441921,0.161490865187,-0.947700928942,0.004485857366
192,-34.397954334194,0.159274244789,-0.955498731505,0.004424284577
193,-34.092400234026,0.167062111501,-0.947011117612,0.004640614208
194,-34.644753227202,0.160494749350,-0.962354256311,0.004458187482
195,-34.632926965083,0.155644080048,-0.962025749030,0.004323446668
196,-34.751950743381,0.176166481541,-0.965331965094,0.004893513376
197,-34.861551649631,0.176770556517,-0.968376434712,0.004910293237
198,-34.842340339859,0.165923291358,-0.967842787218,0.004608980316
199,-34.802010573285,0.153129563414,-0.966722515925,0.004253598984
200,-34.985219110663,0.154787355926,-0.971811641963,0.004299648776
201,-34.988676222797,0.164493118695,-0.971907672855,0.004569253297
202,-35.048029309032,0.179918017830,-0.973556369695,0.004997722717
203,-35.176551830165,0.156377423564,-0.977126439727,0.004343817321
204,-35.340796939268,0.167960806129,-0.981688803869,0.004665577948
205,-35.286476476970,0.163807244462,-0.980179902138,0.004550201235
206,-35.574319058296,0.253539846727,-0.988175529397,0.007042773520
207,-35.530659778850,0.167322849338,-0.986962771635,0.004647856926
208,-35.651943224204,0.159123928710,-0.990331756228,0.004420109131
209,-35.463946243722,0.164037190097,-0.985109617881,0.004556588614
210,-36.052354155421,0.173351744246,-1.001454282095,0.004815326229
211,-35.936875740824,0.169931204632,-0.998246548356,0.004720311240
212,-35.919540749191,0.160971167722,-0.997765020811,0.004471421326
213,-35.729271104598,0.168597977775,-0.992479752905,0.004683277160
214,-36.077666253793,0.155576260652,-1.002157395939,0.004321562796
215,-36.116412533706,0.155419274522,-1.003233681492,0.004317202070
216,-36.363404078408,0.179257892733,-1.010094557734,0.004979385909
217,-36.437371860561,0.171479556932,-1.012149218349,0.004763321026
218,-36.650207455496,0.186594966149,-1.018061318208,0.005183193504
219,-36.738125871689,0.150147558744,-1.020503496436,0.004170765521
220,-36.419071200712,0.154992754807,-1.011640866686,0.004305354300
221,-36.447598438713,0.164804683243,-1.012433289964,0.004577907868
222,-36.701641105525,0.159710423520,-1.019490030709,0.004436400653
223,-36.939916543630,0.165724069749,-1.026108792879,0.004603446382
224,-36.891911801805,0.153431875008,-1.024775327828,0.004261996528
225,-37.036851454940,0.163614925678,-1.028801429304,0.004544859047
226,-37.227031296322,0.156292144338,-1.034084202676,0.004341448454
227,-37.138944272791,0.154254259077,-1.031637340911,0.004284840530
228,-37.600340152986,0.188192718075,-1.044453893139,0.005227575502
229,-37.173841725570,0.160601028463,-1.032606714599,0.004461139680
230,-37.139824626293,0.163778020730,-1.031661795175,0.004549389465
231,-37.677885714022,0.146413659519,-1.046607936501,0.004067046098
232,-37.834409657456,0.162003259727,-1.050955823818,0.004500090548
233,-37.709570842630,0.160497724739,-1.047488078962,0.004458270132
234,-37.761141576504,0.150518485078,-1.048920599347,0.004181069030
235,-38.055259174621,0.154430336001,-1.057090532628,0.004289731556
236,-37.744148940736,0.169310329748,-1.048448581687,0.004703064715
237,-38.266672948555,0.150640602933,-1.062963137460,0.004184461193
238,-38.037707499892,0.151242946942,-1.056602986108,0.004201192971
239,-38.271180137880,0.153007969114,-1.063088337163,0.004250221364
240,-38.517092714923,0.149643272206,-1.069919242081,0.004156757561
241,-38.238658807316,0.155943485066,-1.062184966870,0.004331763474
242,-38.059707174997,0.153170972936,-1.057214088194,0.004254749248
243,-38.605324379995,0.169775841683,-1.072370121667,0.004715995602
244,-38.589720329411,0.146789506672,-1.071936675817,0.004077486296
245,-38.568001824523,0.151312064582,-1.071333384015,0.004203112905
246,-38.840198106578,0.147994276412,-1.078894391849,0.004110952123
247,-38.914730065266,0.138456644908,-1.080964724035,0.003846017914
248,-39.086749226271,0.154274695911,-1.085743034063,0.004285408220
249,-39.031990685507,0.158291033667,-1.084221963486,0.004396973157
250,-39.160173159831,0.142554756318,-1.087782587773,0.003959854342
251,-38.853956783015,0.154686896256,-1.079276577306,0.004296858229
252,-39.322019748438,0.165186653843,-1.092278326346,0.004588518162
253,-39.465076319142,0.150048288325,-1.096252119976,0.004168008009
254,-39.308388276516,0.150533008956,-1.091899674348,0.004181472471
255,-39.378072792942,0.153412284324,-1.093835355360,0.004261452342
256,-39.472060559879,0.142797609408,-1.096446126663,0.003966600261
257,-39.448598163545,0.145478193727,-1.095794393432,0.004041060937
258,-39.587599091868,0.148357932653,-1.099655530330,0.004121053685
259,-39.451995247028,0.161777658368,-1.095888756862,0.004493823844
260,-40.181235391872,0.133428766974,-1.116145427552,0.003706354638
261,-39.731062435721,0.143843190245,-1.103640623214,0.003995644173
262,-40.089259340708,0.141617781178,-1.113590537242,0.003933827255
263,-40.135676396796,0.146913812983,-1.114879899911,0.004080939250
264,-40.160119726909,0.137336673317,-1.115558881303,0.003814907592
265,-40.119933902584,0.147144571415,-1.114442608405,0.004087349206
266,-40.304806877128,0.146008443177,-1.119577968809,0.004055790088
267,-40.362391674044,0.155561650675,-1.121177546501,0.004321156963
268,-40.525277911112,0.138452162732,-1.125702164198,0.003845893409
269,-40.341142620298,0.152492056100,-1.120587295008,0.004235890447
270,-40.447140104870,0.145168241047,-1.123531669580,0.004032451140
271,-40.490226179550,0.135226069761,-1.124728504988,0.003756279716
272,-40.639260781247,0.145485237460,-1.128868355035,0.004041256596
273,-40.813684397947,0.151787551936,-1.133713455499,0.004216320887
274,-40.514208082954,0.150167323634,-1.125394668971,0.004171314545
275,-40.931505687438,0.133671504507,-1.136986269096,0.003713097347
276,-40.975938536649,0.159449642322,-1.138220514907,0.004429156731
277,-41.172037834016,0.151868682306,-1.143667717612,0.004218574508
278,-41.126743629911,0.140728664546,-1.142409545275,0.003909129571
279,-41.281055157331,0.154186633208,-1.146695976593,0.004282962034
280,-41.153477358178,0.151056541198,-1.143152148838,0.004196015033
281,-41.417933094574,0.135116858677,-1.150498141516,0.003753246074
282,-41.502931516681,0.148343253789,-1.152859208797,0.004120645939
283,-41.406472017063,0.147860233144,-1.150179778252,0.004107228698
284,-41.595574694868,0.138726784747,-1.155432630413,0.003853521799
285,-41.471089012590,0.143870672984,-1.151974694794,0.003996407583
286,-41.629183542277,0.194162205813,-1.156366209508,0.005393394606
287,-41.559572542915,0.134877260849,-1.154432570637,0.003746590579
288,-41.738831137804,0.144574829823,-1.159411976050,0.004015967495
289,-41.682104685716,0.137287218852,-1.157836241270,0.003813533857
290,-41.596499896264,0.145136818463,-1.155458330452,0.004031578291
291,-41.674257489931,0.161257708585,-1.157618263609,0.004479380794
292,-42.031213484727,0.140485682242,-1.167533707909,0.003902380062
293,-42.075207186345,0.143918300266,-1.168755755176,0.003997730563
294,-42.195168547720,0.143749186386,-1.172088015214,0.003993032955
295,-42.126469082822,0.136679153537,-1.170179696745,0.003796643154
296,-42.271539007858,0.134878879789,-1.174209416885,0.003746635550
297,-42.375588754667,0.139352403770,-1.177099687630,0.003870900105
298,-42.643355420272,0.129259199746,-1.184537650563,0.003590533326
299,-42.577227172218,0.153542340493,-1.182700754784,0.004265065014
300,-42.347858382555,0.167276239715,-1.176329399515,0.004646562214
301,-42.654893287053,0.142873351393,-1.184858146863,0.003968704205
302,-42.634575645276,0.154779171911,-1.184293767924,0.004299421442
303,-42.768945167700,0.149379961984,-1.188026254658,0.004149443388
304,-42.821873257374,0.130306162635,-1.189496479372,0.003619615629
305,-43.029958140087,0.139263518052,-1.195276615002,0.003868431057
306,-42.889163947791,0.130802233989,-1.191365665216,0.003633395389
307,-43.147389252606,0.146400668631,-1.198538590350,0.004066685240
308,-43.121290749369,0.146174503717,-1.197813631927,0.004060402881
309,-43.035193418404,0.155621063228,-1.195422039400,0.004322807312
310,-43.035673231750,0.141185636914,-1.195435367549,0.003921823248
311,-43.275042608789,0.131427943204,-1.202084516911,0.003650776200
312,-43.408689401417,0.122481653483,-1.205796927817,0.003402268152
313,-43.328891344702,0.131846855727,-1.203580315131,0.003662412659
314,-43.237565809375,0.131524157236,-1.201043494705,0.003653448812
315,-43.538256719451,0.131942694225,-1.209396019985,0.003665074840
316,-43.716250077576,0.132258205577,-1.214340279933,0.003673839044
317,-43.655104940306,0.134172942908,-1.212641803897,0.003727026192
318,-43.855664189982,0.135937538151,-1.218212894166,0.003776042726
319,-43.758473473562,0.141036633606,-1.215513152043,0.003917684267
320,-43.668504276690,0.139398897119,-1.213014007686,0.003872191587
321,-43.677225177837,0.145574407885,-1.213256254940,0.004043733552
322,-43.788584555310,0.129356008554,-1.216349570981,0.003593222460
323,-44.019147434091,0.128718038022,-1.222754095391,0.003575501056
324,-44.025593710149,0.135546665812,-1.222933158615,0.003765185161
325,-44.038820820822,0.136011198047,-1.223300578356,0.003778088835
326,-44.207051975386,0.137458921354,-1.227973665983,0.003818303371
327,-44.103102622824,0.149607098964,-1.225086183967,0.004155752749
328,-44.282243478009,0.135367781224,-1.230062318834,0.003760216145
329,-44.344110385980,0.135185070143,-1.231780844055,0.003755140837
330,-44.133692007138,0.132398523910,-1.225935889087,0.003677736775
331,-44.523167529048,0.122560736039,-1.236754653585,0.003404464890
332,-44.515082173710,0.137176066958,-1.236530060381,0.003810446304
333,-44.456196286527,0.138198771594,-1.234894341292,0.003838854767
334,-44.593359206910,0.135333968160,-1.238704422414,0.003759276893
335,-44.467867924677,0.146759885703,-1.235218553463,0.004076663492
336,-44.568765808880,0.128941070410,-1.238021272469,0.003581696400
337,-44.798630506911,0.125363635250,-1.244406402970,0.003482323201
338,-44.883488601848,0.126588681757,-1.246763572274,0.003516352271
339,-45.119130105574,0.142482352331,-1.253309169599,0.003957843120
340,-44.894584242749,0.115990731682,-1.247071784521,0.003221964769
341,-45.164207318296,0.117382543081,-1.254561314397,0.003260626197
342,-45.055353437984,0.124444865356,-1.251537595500,0.003456801815
343,-45.262235581441,0.133102392709,-1.257284321707,0.003697288686
344,-45.233858125384,0.143729692046,-1.256496059038,0.003992491446
345,-45.189682770823,0.130480962892,-1.255268965856,0.003624471191
346,-45.199598561505,0.125294743959,-1.255544404486,0.003480409554
347,-45.423295639842,0.122620763683,-1.261758212218,0.003406132325
348,-45.657223709052,0.119925363712,-1.268256214140,0.003331260103
349,-45.565507043965,0.156044222453,-1.265708528999,0.004334561735
350,-45.540587054256,0.140028778985,-1.265016307063,0.003889688305
351,-45.471759600124,0.139191185528,-1.263104433337,0.003866421820
352,-45.754703467415,0.135463372674,-1.270963985206,0.003762871463
353,-45.741766593032,0.123104576143,-1.270604627584,0.003419571560
354,-45.705128270725,0.145398643708,-1.269586896409,0.004038851214
355,-46.000481347162,0.166838189113,-1.277791148532,0.004634394142
356,-45.748944314516,0.132324752003,-1.270804008737,0.003675687556
357,-45.849349338287,0.119317852813,-1.273593037175,0.003314384800
358,-45.917111657754,0.131448543796,-1.275475323827,0.003651348439
359,-45.914866336800,0.133338980789,-1.275412953800,0.003703860577
360,-46.161742032412,0.122529558763,-1.282270612011,0.003403598855
361,-46.085757550238,0.118543969125,-1.280159931951,0.003292888031
362,-46.294740036782,0.120849993484,-1.285965001022,0.003356944263
363,-46.368394254238,0.121147120052,-1.288010951507,0.003365197779
364,-46.398654637770,0.138236425817,-1.288851517716,0.003839900717
365,-46.320659139869,0.117315177528,-1.286684976107,0.003258754931
366,-46.515518953677,0.125075633929,-1.292097748713,0.003474323165
367,-46.595051330793,0.137938391104,-1.294306981411,0.003831621975
368,-46.487557414674,0.124569558679,-1.291321039296,0.003460265519
369,-46.745772931191,0.137055303624,-1.298493692533,0.003807091767
370,-46.386342582301,0.121896612111,-1.288509516175,0.003386017003
371,-46.671198028142,0.120308983566,-1.296422167448,0.003341916210
372,-46.662323743208,0.122878334067,-1.296175659534,0.003413287057
373,-46.718559358315,0.123830106639,-1.297737759953,0.003439725184
374,-46.782462359887,0.137068284723,-1.299512843330,0.003807452353
375,-46.990097890926,0.145346848692,-1.305280496970,0.004037412464
376,-46.921552522442,0.120259522610,-1.303376458957,0.003340542295
377,-47.025297521608,0.121018181077,-1.306258264489,0.003361616141
378,-47.075249083124,0.122618184639,-1.307645807865,0.003406060684
379,-47.180312842622,0.115233148556,-1.310564245628,0.003200920793
380,-47.021364922943,0.124909709340,-1.306149025637,0.003469714148
381,-47.166687826587,0.127748830828,-1.310185772961,0.003548578634
382,-47.248961004121,0.121313788356,-1.312471139003,0.003369827454
383,-47.469484350539,0.112087596592,-1.318596787515,0.003113544350
384,-47.375380823142,0.128627089026,-1.315982800643,0.003572974695
385,-47.527720243673,0.129486232602,-1.320214451213,0.003596839794
386,-47.719498790276,0.124280884717,-1.325541633063,0.003452246798
387,-47.493123896540,0.124421841457,-1.319253441571,0.003456162263
388,-47.508268036811,0.124520079108,-1.319674112134,0.003458891086
389,-47.622022769759,0.130667707104,-1.322833965827,0.003629658531
390,-47.306974576341,0.137489008015,-1.314082627121,0.003819139112
391,-47.679593625312,0.160855450869,-1.324433156259,0.004468206969
392,-47.877923693384,0.121271855407,-1.329942324816,0.003368662650
393,-47.953236564266,0.119924279018,-1.332034349007,0.003331229973
394,-47.987229687584,0.129514487882,-1.332978602433,0.003597624663
395,-47.839146695898,0.140433751175,-1.328865185997,0.003900937533
396,-47.938260528738,0.120733613940,-1.331618348020,0.003353711498
397,-48.180812516025,0.123647573149,-1.338355903223,0.003434654810
398,-47.993269724374,0.132200837232,-1.333146381233,0.003672245479
399,-48.234853350325,0.127655486734,-1.339857037509,0.003545985743
400,-48.340738742363,0.123313834564,-1.342798298399,0.003425384293
401,-48.402463363797,0.120037740164,-1.344512871217,0.003334381671
402,-48.253298830977,0.120205573526,-1.340369411972,0.003339043709
403,-48.468989799445,0.119664298327,-1.346360827762,0.003324008287
404,-48.480766115635,0.128312971240,-1.346687947657,0.003564249201
405,-48.472110423318,0.116941294544,-1.346447511759,0.003248369293
406,-48.721089920589,0.119195179859,-1.353363608905,0.003310977218
407,-48.583117060746,0.129218504070,-1.349531029465,0.003589402891
408,-48.623037914535,0.126911818651,-1.350639942070,0.003525328296
409,-48.754668743332,0.127103693819,-1.354296353981,0.003530658162
410,-48.507760706803,0.114899985851,-1.347437797411,0.003191666274
411,-48.614829317225,0.132223259838,-1.350411925478,0.003672868329
412,-48.791738825984,0.124511156641,-1.355326078500,0.003458643240
413,-48.898077151045,0.128432682993,-1.358279920862,0.003567574528
414,-48.769228278373,0.119695281458,-1.354700785510,0.003324868929
415,-48.883688902646,0.112128447514,-1.357880247296,0.003114679098
416,-49.063962197818,0.116422178277,-1.362887838828,0.003233949397
417,-48.990826807406,0.120175297855,-1.360856300206,0.003338202718
418,-49.112396449883,0.133480575328,-1.364233234719,0.003707793759
419,-49.333959779988,0.120774175176,-1.370387771666,0.003354838199
420,-49.215765186976,0.126665825121,-1.367104588527,0.003518495142
421,-49.074347706466,0.126021256982,-1.363176325180,0.003500590472
422,-49.121531795735,0.116829114025,-1.364486994326,0.003245253167
423,-49.301142459517,0.126580153121,-1.369476179431,0.003516115364
424,-49.465733690887,0.119306736097,-1.374048158080,0.003314076003
425,-49.435204166927,0.116341816078,-1.373200115748,0.003231717113
426,-49.478478723876,0.118095205630,-1.374402186774,0.003280422379
427,-49.703131969083,0.125019276661,-1.380642554697,0.003472757685
428,-49.448099494336,0.132220024518,-1.373558319287,0.003672778459
429,-49.598811720080,0.125595637724,-1.377744770002,0.003488767715
430,-49.506055956614,0.126777591263,-1.375168221017,0.003521599757
431,-49.982313797491,0.119667730531,-1.388397605486,0.003324103626
432,-49.938842095063,0.115561338856,-1.387190058196,0.003210037190
433,-49.769427873100,0.129795648344,-1.382484107586,0.003605434676
434,-49.629896360219,0.211893526968,-1.378608232228,0.005885931305
435,-49.809893137320,0.129369778075,-1.383608142703,0.003593604947
436,-50.076926445737,0.157025070101,-1.391025734604,0.004361807503
437,-50.092480789478,0.115132048825,-1.391457799708,0.003198112467
438,-49.984200090953,0.120323145832,-1.388450002526,0.003342309606
439,-50.213587069463,0.143656825905,-1.394821863041,0.003990467386
440,-50.197452638000,0.125049880369,-1.394373684389,0.003473607788
441,-50.170338363006,0.115132034907,-1.393620510084,0.003198112081
442,-49.993040681502,0.129152000270,-1.388695574486,0.003587555563
443,-50.033744227552,0.127767399636,-1.389826228543,0.003549094434
444,-50.409285607507,0.114000027892,-1.400257933542,0.003166667441
445,-50.342940649417,0.124616743919,-1.398415018039,0.003461576220
446,-50.677512311005,0.109843993049,-1.407708675306,0.003051222029
447,-50.476434173675,0.150339672016,-1.402123171491,0.004176102000
448,-50.573261271560,0.107396425121,-1.404812813099,0.002983234031
449,-50.435310490533,0.154188637738,-1.400980846959,0.004283017715
450,-50.858295021256,0.108682777378,-1.412730417257,0.003018966038
451,-50.699405826400,0.120063528987,-1.408316828511,0.003335098027
452,-50.713262519940,0.176214218913,-1.408701736665,0.004894839414
453,-50.661448378531,0.140251955797,-1.407262454959,0.003895887661
454,-50.983523301350,0.108163815436,-1.416208980593,0.003004550429
455,-50.921225561372,0.114842613452,-1.414478487816,0.003190072596
456,-50.748309829533,0.114516004339,-1.409675273043,0.003181000121
457,-50.834291768667,0.116833602960,-1.412063660241,0.003245377860
458,-50.853929721770,0.120110284211,-1.412609158938,0.003336396784
459,-50.816284275026,0.122217713036,-1.411563452084,0.003394936473
460,-50.957773825094,0.116312640908,-1.415493717364,0.003230906692
461,-51.253076523425,0.110499143971,-1.423696570095,0.003069420666
462,-51.348180290560,0.121148884973,-1.426338341404,0.003365246805
463,-51.286010355947,0.107147950854,-1.424611398776,0.002976331968
464,-51.146729800330,0.123484408636,-1.420742494454,0.003430122462
465,-51.283248826936,0.119700125883,-1.424534689637,0.003325003497
466,-51.339713151038,0.116899002317,-1.426103143084,0.003247194509
467,-51.307320114407,0.110904834721,-1.425203336511,0.003080689853
468,-51.541470590812,0.116884410379,-1.431707516411,0.003246789177
469,-51.477272884612,0.125235940007,-1.429924246795,0.003478776111
470,-51.643582100440,0.135600308769,-1.434543947234,0.003766675244
471,-51.513213208746,0.111489930502,-1.430922589132,0.003096942514
472,-51.439603833594,0.122630652099,-1.428877884266,0.003406407003
473,-51.579839022498,0.118791055179,-1.432773306181,0.003299751533
474,-51.838899841982,0.132666405442,-1.439969440055,0.003685177929
475,-51.699833300431,0.123674410449,-1.436106480568,0.003435400290
476,-51.637440942560,0.121613945048,-1.434373359516,0.003378165140
477,-52.039023944321,0.116277227286,-1.445528442898,0.003229922980
478,-51.803636480628,0.113840759968,-1.438989902240,0.003162243332
479,-52.038292088179,0.113271531494,-1.445508113561,0.003146431430
480,-52.039547503750,0.112034909812,-1.445542986215,0.003112080828
481,-52.092884079234,0.129691575931,-1.447024557756,0.003602543776
482,-52.258513027951,0.114983534134,-1.451625361888,0.003193987059
483,-52.383971091920,0.102708520784,-1.455110308109,0.002853014466
484,-52.186351230721,0.122520301171,-1.449620867520,0.003403341699
485,-52.388637174448,0.111941248252,-1.455239921512,0.003109479118
486,-52.407120208421,0.125207494583,-1.455753339123,0.003477985961
487,-52.177618216429,0.126029164653,-1.449378283790,0.003500810129
488,-51.963164831025,0.128959138221,-1.443421245306,0.003582198284
489,-52.155513484726,0.127895886225,-1.448764263465,0.003552663506
490,-52.421481721965,0.113702789220,-1.456152270055,0.003158410812
491,-52.584252119372,0.117711636284,-1.460673669983,0.003269767675
492,-52.737017334017,0.117264504283,-1.464917148167,0.003257347341
493,-52.714613809133,0.154046355222,-1.464294828031,0.004279065423
494,-52.715727933204,0.120146989294,-1.464325775922,0.003337416369
495,-52.683788228753,0.125043190341,-1.463438561910,0.003473421954
496,-52.891135847909,0.117026564355,-1.469198217997,0.003250737899
497,-52.781811779240,0.121576913109,-1.466161438312,0.003377136475
498,-52.712181875427,0.111158499657,-1.464227274317,0.003087736102
499,-52.854800641293,0.115535622016,-1.468188906703,0.003209322834
500,-52.710700429707,0.116698042262,-1.464186123047,0.003241612285
501,-52.786890978674,0.115599715210,-1.466302527185,0.003211103200
502,-52.863493756020,0.111545333742,-1.468430382112,0.003098481493
503,-53.121661386402,0.114541232477,-1.475601705178,0.003181700902
504,-53.139438923805,0.118015317561,-1.476095525661,0.003278203266
505,-53.422849975293,0.110305179947,-1.483968054869,0.003064032776
506,-53.301657372678,0.104449530982,-1.480601593686,0.002901375861
507,-53.337351212919,0.106181843725,-1.481593089248,0.002949495659
508,-53.296508107665,0.122296145476,-1.480458558546,0.003397115152
509,-53.381571681449,0.123818988171,-1.482821435596,0.003439416338
510,-53.469978316484,0.117723652086,-1.485277175458,0.003270101447
511,-53.505829870850,0.111919136214,-1.486273051968,0.003108864895
512,-53.360344837249,0.115237268433,-1.482231801035,0.003201035234
513,-53.651346187260,0.125792587612,-1.490315171868,0.003494238545
514,-53.285779482742,0.125518459717,-1.480160541187,0.003486623881
515,-53.367856944512,0.123263075967,-1.482440470681,0.003423974332
516,-53.613764122351,0.124038280489,-1.489271225621,0.003445507791
517,-53.839013882037,0.105296318436,-1.495528163390,0.002924897734
518,-53.820633383712,0.122969368255,-1.495017593992,0.003415815785
519,-53.768768071025,0.107999748054,-1.493576890862,0.002999993001
520,-53.723989697657,0.119392958743,-1.492333047157,0.003316471076
521,-54.077612304262,0.117499392898,-1.502155897341,0.003263872025
522,-54.000871149275,0.102835071781,-1.500024198591,0.002856529772
523,-53.674934179630,0.144175735520,-1.490970393879,0.004004881542
524,-53.919339796533,0.117383595687,-1.497759438793,0.003260655436
525,-53.754534668395,0.126641878225,-1.493181518567,0.003517829951
526,-54.009390579856,0.106832400649,-1.500260849440,0.002967566685
527,-54.075988356869,0.118656188693,-1.502110787691,0.003296005241
528,-54.204334743025,0.121494044513,-1.505675965084,0.003374834570
529,-54.317488967598,0.115729017789,-1.508819137989,0.003214694939
530,-54.316260331827,0.117074320344,-1.508785009217,0.003252064454
531,-54.523541276449,0.119697567552,-1.514542813235,0.003324932432
532,-54.514357850949,0.116822595756,-1.514287718082,0.003245072104
533,-54.523011468360,0.115413834025,-1.514528096343,0.003205939834
534,-54.396909346928,0.125372093075,-1.511025259637,0.003482558141
535,-54.578101898963,0.121452889604,-1.516058386082,0.003373691378
536,-54.553633389712,0.122594834770,-1.515378705270,0.003405412077
537,-54.377794277154,0.115938426789,-1.510494285477,0.003220511855
538,-54.816092276698,0.119932499019,-1.522669229908,0.003331458306
539,-54.692681771129,0.111761001257,-1.519241160309,0.003104472257
540,-54.805787800212,0.116948588793,-1.522382994450,0.003248571911
541,-54.905478502381,0.118358433246,-1.525152180622,0.003287734257
542,-54.891752210931,0.117791933772,-1.524770894748,0.003271998160
543,-54.885345488980,0.121043636453,-1.524592930249,0.003362323235
544,-54.840389650069,0.120722037290,-1.523344156946,0.003353389925
545,-54.843995078365,0.123242845760,-1.523444307732,0.003423412382
546,-55.120557183414,0.108493756139,-1.531126588428,0.003013715448
547,-54.741417367303,0.132627132592,-1.520594926870,0.003684087016
548,-55.188447524788,0.115207182111,-1.533012431244,0.003200199503
549,-54.966619277280,0.110428296686,-1.526850535480,0.003067452686
550,-55.242678648067,0.118082205935,-1.534518851335,0.003280061276
551,-55.210680722248,0.112390703176,-1.533630020062,0.003121963977
552,-55.420376941183,0.129268170159,-1.539454915033,0.003590782504
553,-55.014734534637,0.123653006641,-1.528187070407,0.003434805740
554,-55.357601719637,0.116193092765,-1.537711158879,0.003227585910
555,-55.405206327880,0.112539436320,-1.539033509108,0.003126095453
556,-55.566235914914,0.108066081983,-1.543506553192,0.003001835611
557,-55.718142560888,0.111531497098,-1.547726182247,0.003098097142
558,-55.493305439502,0.117227269101,-1.541480706653,0.003256313031
559,-55.716466334914,0.113696792736,-1.547679620414,0.003158244243
560,-55.615954987417,0.117137078134,-1.544887638539,0.003253807726
561,-55.745356601275,0.122983319252,-1.548482127813,0.003416203313
562,-55.822119477522,0.117611034323,-1.550614429931,0.003266973176
563,-55.824922530810,0.116901977172,-1.550692292522,0.003247277144
564,-55.731108040391,0.114164618139,-1.548086334455,0.003171239393
565,-56.006361054372,0.107972970415,-1.555732251510,0.002999249178
566,-56.057110949206,0.114052325084,-1.557141970811,0.003168120141
567,-55.989922863757,0.123188643297,-1.555275635104,0.003421906758
568,-55.924050213449,0.114938333910,-1.553445839262,0.003192731498
569,-55.724800806198,0.119557546355,-1.547911133505,0.003321042954
570,-55.925623162721,0.107596282294,-1.553489532298,0.002988785619
571,-56.058677985470,0.115832862893,-1.557185499596,0.003217579525
572,-56.136283860809,0.111489619858,-1.559341218356,0.003096933885
573,-56.303989409510,0.112637294622,-1.563999705820,0.003128813740
574,-56.054730661917,0.116794305771,-1.557075851720,0.003244286271
575,-56.347827335538,0.117490013508,-1.565217425987,0.003263611486
576,-56.728423587425,0.147179668906,-1.575789544095,0.004088324136
577,-56.396534601735,0.128383388954,-1.566570405604,0.003566205249
578,-56.333639552496,0.107304590085,-1.564823320903,0.002980683058
579,-56.538947172391,0.116415173630,-1.570526310344,0.003233754823
580,-56.523795469952,0.100430476115,-1.570105429721,0.002789735448
581,-56.732199690335,0.109122174741,-1.575894435843,0.003031171521
582,-56.701851312823,0.114846759758,-1.575051425356,0.003190187771
583,-56.662331224878,0.107718013593,-1.573953645136,0.002992167044
584,-56.756389304168,0.106174316026,-1.576566369560,0.002949286556
585,-56.756592939158,0.111558933091,-1.576572026088,0.003098859253
586,-56.735139419616,0.116311563796,-1.575976094989,0.003230876772
587,-56.810534732984,0.116850880889,-1.578070409250,0.003245857802
588,-56.522659185267,0.117902596604,-1.570073866257,0.003275072128
589,-56.730266651811,0.115643983664,-1.575840740328,0.003212332880
590,-56.666406221826,0.119567713747,-1.574066839495,0.003321325382
591,-56.671185485853,0.113384639755,-1.574199596829,0.003149573327
592,-56.875345982839,0.116023641357,-1.579870721746,0.003222878927
593,-56.710558912903,0.121763689892,-1.575293303136,0.003382324719
594,-56.922549494935,0.129487743623,-1.581181930415,0.003596881767
595,-56.899585665766,0.119785164802,-1.580544046271,0.003327365689
596,-57.042229183249,0.125611577330,-1.584506366201,0.003489210481
597,-57.061886523746,0.114774626499,-1.585052403437,0.003188184069
598,-56.897456375774,0.121584417869,-1.580484899327,0.003377344941
599,-57.151233972070,0.118428248295,-1.587534277002,0.003289673564
600,-57.266503316749,0.131658688734,-1.590736203243,0.003657185798
601,-57.184326000615,0.111904032542,-1.588453500017,0.003108445348
602,-57.363693413756,0.106428960893,-1.593435928160,0.002956360025
603,-57.291874544770,0.110659089259,-1.591440959577,0.003073863591
604,-57.191093337366,0.120614261961,-1.588641481593,0.003350396166
605,-57.143477246045,0.130057239082,-1.587318812390,0.003612701086
606,-57.365878664011,0.118496219134,-1.593496629556,0.003291561643
607,-57.349094701908,0.136851181556,-1.593030408386,0.003801421710
608,-57.621249132011,0.124176214431,-1.600590253667,0.003449339290
609,-57.233328639412,0.124650899704,-1.589814684428,0.003462524992
610,-57.534064965647,0.122823244365,-1.598168471268,0.003411756788
611,-57.540970077853,0.109856289080,-1.598360279940,0.003051563586
612,-57.566938915552,0.115419953224,-1.599081636543,0.003206109812
613,-57.757436078427,0.122209084624,-1.604373224401,0.003394696795
614,-57.854779456008,0.121931517503,-1.607077207111,0.003386986597
615,-57.720573234673,0.120156289142,-1.603349256519,0.003337674698
616,-57.506794067195,0.125109151090,-1.597410946311,0.003475254197
617,-57.810236918424,0.110675921960,-1.605839914401,0.003074331166
618,-58.240922106138,0.106520234234,-1.617803391837,0.002958895395
619,-57.850017747039,0.115173912424,-1.606944937418,0.003199275345
620,-57.844995136448,0.116153721222,-1.606805420457,0.003226492256
621,-57.716945527028,0.108090513472,-1.603248486862,0.003002514263
622,-57.782405428926,0.125716540644,-1.605066817470,0.003492126129
623,-58.244726100407,0.103776575637,-1.617909058345,0.002882682657
624,-58.162487414274,0.129095613919,-1.615624650396,0.003585989276
625,-58.267605851993,0.106676260525,-1.618544607000,0.002963229459
626,-58.305498878036,0.112895454123,-1.619597191057,0.003135984837
627,-58.334060396969,0.119625320995,-1.620390566582,0.003322925583
628,-58.186290947548,0.115744526877,-1.616285859654,0.003215125747
629,-58.069829646756,0.127143641710,-1.613050823521,0.003531767825
630,-58.597541210415,0.119994264811,-1.627709478067,0.003333174023
631,-58.601302873498,0.109811597392,-1.627813968708,0.003050322150
632,-58.718601719156,0.099832122509,-1.631072269977,0.002773114514
633,-58.442441488159,0.120962635007,-1.623401152449,0.003360073195
634,-58.558429510678,0.110347373596,-1.626623041963,0.003065204822
635,-58.724197322468,0.109604479579,-1.631227703402,0.003044568877
636,-58.598655407431,0.116245057937,-1.627740427984,0.003229029387
637,-58.647811043766,0.115533129748,-1.629105862327,0.003209253604
638,-58.550565114551,0.119202355835,-1.626404586515,0.003311176551
639,-58.456309009233,0.123576416667,-1.623786361368,0.003432678241
640,-58.646017566937,0.115991330627,-1.629056043526,0.003221981406
641,-58.351758650419,0.119564084744,-1.620882184734,0.003321224576
642,-58.804414510802,0.107128905981,-1.633455958633,0.002975802944
643,-58.704868640238,0.112620279432,-1.630690795562,0.003128341095
644,-58.843958989879,0.114835040918,-1.634554416386,0.003189862248
645,-58.716446436375,0.112945877833,-1.631012401010,0.003137385495
646,-58.686186708953,0.127199050826,-1.630171853026,0.003533306967
647,-58.830980349498,0.119858758987,-1.634193898597,0.003329409972
648,-58.817640561804,0.122996515240,-1.633823348939,0.003416569868
649,-59.134881464263,0.119698691133,-1.642635596230,0.003324963643
650,-59.217788860478,0.120134207417,-1.644938579458,0.003337061317
651,-59.347459803628,0.114702760817,-1.648540550101,0.003186187800
652,-59.144121523733,0.102286564389,-1.642892264548,0.002841293455
653,-59.337047984446,0.104003603687,-1.648251332901,0.002888988991
654,-59.346004296813,0.114873840151,-1.648500119356,0.003190940004
655,-59.276017116673,0.116012456657,-1.646556031019,0.003222568240
656,-59.274929733233,0.098952850515,-1.646525825923,0.002748690292
657,-59.239401896928,0.106978627349,-1.645538941581,0.002971628537
658,-59.396418682586,0.107813718310,-1.649900518961,0.002994825509
659,-59.383847749050,0.114075451344,-1.649551326362,0.003168762537
660,-59.384809264560,0.113359421086,-1.649578035127,0.003148872808
661,-59.473653138617,0.126046698675,-1.652045920517,0.003501297185
662,-59.316638099808,0.121739621630,-1.647684391661,0.003381656156
663,-59.552586696797,0.106163107821,-1.654238519355,0.002948975217
664,-59.534790000977,0.109968195116,-1.653744166694,0.003054672087
665,-59.462928692779,0.108902779233,-1.651748019244,0.003025077201
666,-59.675921146821,0.109138827453,-1.657664476301,0.003031634096
667,-59.455588676604,0.113435068674,-1.651544129906,0.003150974130
668,-59.701130684531,0.117431602147,-1.658364741237,0.003261988949
669,-59.525267335116,0.128826879186,-1.653479648198,0.003578524422
670,-59.613271631978,0.107473726178,-1.655924211999,0.002985381283
671,-59.644782651004,0.121560093878,-1.656799518083,0.003376669274
672,-59.869192093533,0.109349036926,-1.663033113709,0.003037473248
673,-59.542961641525,0.118683780813,-1.653971156709,0.003296771689
674,-59.667607631112,0.112578745196,-1.657433545309,0.003127187367
675,-59.701012265174,0.110575329626,-1.658361451810,0.003071536934
676,-59.963853936141,0.114306536013,-1.665662609337,0.003175181556
677,-59.891319414161,0.116390415927,-1.663647761504,0.003233067109
678,-59.905759356864,0.110916573913,-1.664048871024,0.003081015942
679,-59.727328510212,0.117301869620,-1.659092458617,0.003258385267
680,-59.679708962558,0.114634427125,-1.657769693404,0.003184289642
681,-59.954271551813,0.113737667369,-1.665396431995,0.003159379649
682,-59.708033306418,0.112244184001,-1.658556480734,0.003117894000
683,-59.943934600584,0.131895881520,-1.665109294461,0.003663774487
684,-60.006831182007,0.119913047118,-1.666856421722,0.003330917975
685,-60.014659794656,0.110216479040,-1.667073883185,0.003061568862
686,-60.084708975903,0.109312727871,-1.669019693775,0.003036464663
687,-60.045372660246,0.108391198427,-1.667927018340,0.003010866623
688,-60.181109341427,0.121959844362,-1.671697481706,0.003387773455
689,-60.274742708492,0.108669053698,-1.674298408569,0.003018584825
690,-60.312562537382,0.114354220446,-1.675348959372,0.003176506124
691,-60.104759577191,0.117502304697,-1.669576654922,0.003263952908
692,-60.395227226282,0.112759595155,-1.677645200730,0.003132210977
693,-60.094637973006,0.114658605154,-1.669295499250,0.003184961254
694,-60.271266875770,0.109953240619,-1.674201857660,0.003054256684
695,-60.420142787087,0.114545652668,-1.678337299641,0.003181823685
696,-60.220276449958,0.107186422668,-1.672785456943,0.002977400630
697,-60.477673733983,0.100062834261,-1.679935381500,0.002779523174
698,-60.365531183103,0.097679061977,-1.676820310642,0.002713307277
699,-60.404924944811,0.107429280451,-1.677914581800,0.002984146679
700,-60.293482423560,0.121574773716,-1.674818956210,0.003377077048
701,-60.468399542501,0.101872001477,-1.679677765069,0.002829777819
702,-60.449532584953,0.114003779342,-1.679153682915,0.003166771648
703,-60.363750126489,0.109797283777,-1.676770836847,0.003049924549
704,-60.665348861756,0.110332284957,-1.685148579493,0.003064785693
705,-60.469669307288,0.106879617018,-1.679713036314,0.002968878250
706,-60.441335468671,0.112350804920,-1.678925985241,0.003120855692
707,-60.511608044045,0.113416621645,-1.680878001223,0.003150461712
708,-60.552439792710,0.117230543420,-1.682012216464,0.003256403984
709,-60.621145366419,0.111519298840,-1.683920704623,0.003097758301
710,-60.654132907744,0.113683833972,-1.684837025215,0.003157884277
711,-60.369657001419,0.119333798501,-1.676934916706,0.003314827736
712,-60.743715210001,0.100258096126,-1.687325422500,0.002784947115
713,-60.782315686416,0.112812736498,-1.688397657956,0.003133687125
714,-60.780935343380,0.104087424512,-1.688359315094,0.002891317348
715,-60.746561164895,0.115527919806,-1.687404476803,0.003209108883
716,-60.749879575295,0.108163722265,-1.687496654869,0.003004547841
717,-60.607337576402,0.112786519319,-1.683537154900,0.003132958870
718,-60.697443885730,0.110381476617,-1.686040107937,0.003066152128
719,-60.752204377531,0.109837821295,-1.687561232709,0.003051050592
720,-61.103504102555,0.104829589425,-1.697319558404,0.002911933040
721,-60.988980255742,0.116245128544,-1.694138340437,0.003229031348
722,-60.726308960288,0.109720718224,-1.686841915564,0.003047797728
723,-60.789527979286,0.118066864598,-1.688597999425,0.003279635128
724,-60.953938484289,0.103579104432,-1.693164957897,0.002877197345
725,-61.118421369103,0.110778834515,-1.697733926920,0.003077189848
726,-61.229172032904,0.108466292040,-1.700810334247,0.003012952557
727,-61.019098265684,0.115235961201,-1.694974951825,0.003200998922
728,-60.971071840911,0.110143791252,-1.693640884470,0.003059549757
729,-60.927372883306,0.107273470517,-1.692427024536,0.002979818625
730,-60.978838969569,0.106133841016,-1.693856638044,0.002948162250
731,-61.084173236578,0.119037177292,-1.696782589905,0.003306588258
732,-61.203239349457,0.104347709640,-1.700089981929,0.002898547490
733,-61.167005426156,0.106066863250,-1.699083484060,0.002946301757
734,-61.054525037864,0.102517180303,-1.695959028830,0.002847699453
735,-61.216945806386,0.105071755389,-1.700470716844,0.002918659872
736,-61.138168914113,0.101170912177,-1.698282469836,0.002810303116
737,-61.287251456450,0.102072201456,-1.702423651568,0.002835338929
738,-60.944499262183,0.100696297526,-1.692902757283,0.002797119376
739,-61.221558365447,0.108363347085,-1.700598843485,0.003010092975
740,-61.076837828230,0.112092123136,-1.696578828562,0.003113670087
741,-61.223817749693,0.104862014323,-1.700661604158,0.002912833731
742,-61.204542975328,0.107186196463,-1.700126193759,0.002977394346
743,-61.006932676454,0.106213056373,-1.694637018790,0.002950362677
744,-61.208653643338,0.115965549551,-1.700240378982,0.003221265265
745,-61.451196325144,0.110567542277,-1.706977675698,0.003071320619
746,-61.400690335636,0.103864209918,-1.705574731545,0.002885116942
747,-61.452224967196,0.108579008767,-1.707006249089,0.003016083577
748,-61.334156391764,0.102608646999,-1.703726566438,0.002850240194
749,-61.355556917078,0.106082498570,-1.704321025474,0.002946736071
750,-61.588148587851,0.108755727274,-1.710781905218,0.003020992424
751,-61.535251687263,0.102048094120,-1.709312546868,0.002834669281
752,-61.597229036138,0.112428377015,-1.711034139893,0.003123010473
753,-61.443557685257,0.097680800467,-1.706765491257,0.002713355569
754,-61.524549453693,0.102844628945,-1.709015262603,0.002856795248
755,-61.487461478785,0.109172441397,-1.707985041077,0.003032567817
756,-61.343444268467,0.110001523919,-1.703984563013,0.003055597887
757,-61.482966669903,0.107939322913,-1.707860185275,0.002998314525
758,-61.682281105670,0.104526754339,-1.713396697380,0.002903520954
759,-61.614433950916,0.110098235677,-1.711512054192,0.003058284324
760,-61.648754191377,0.100942800249,-1.712465394205,0.002803966674
761,-61.736872848355,0.105427655752,-1.714913134677,0.002928545993
762,-61.680765244815,0.106845201962,-1.713354590134,0.002967922277
763,-61.645343828339,0.114202439494,-1.712370661898,0.003172289986
764,-61.664950073696,0.112072735153,-1.712915279825,0.003113131532
765,-61.751750121218,0.100786011326,-1.715326392256,0.002799611426
766,-61.724210105291,0.103707925220,-1.714561391814,0.002880775701
767,-61.620825908939,0.108170563826,-1.711689608582,0.003004737884
768,-61.887233356030,0.094749691680,-1.719089815445,0.002631935880
769,-61.711465132907,0.092387391789,-1.714207364803,0.002566316439
770,-61.764247564127,0.104483252184,-1.715673543448,0.002902312561
771,-61.902243508354,0.105438043194,-1.719506764121,0.002928834533
772,-61.891766204076,0.105687517015,-1.719215727891,0.002935764362
773,-62.035992311899,0.107837996458,-1.723222008664,0.002995499902
774,-61.820521729290,0.099095472788,-1.717236714703,0.002752652022
775,-62.042117566522,0.107525807465,-1.723392154626,0.002986827985
776,-61.916097558315,0.107489121056,-1.719891598842,0.002985808918
777,-61.834270874338,0.103561233875,-1.717618635398,0.002876700941
778,-61.695579434140,0.107192874305,-1.713766095393,0.002977579842
779,-61.861002338957,0.104758931810,-1.718361176082,0.002909970328
780,-61.908979645785,0.106950862934,-1.719693879050,0.002970857304
781,-62.138122461820,0.101811756576,-1.726058957273,0.002828104349
782,-62.020763887596,0.100123515392,-1.722798996878,0.002781208761
783,-62.023839986702,0.113952067980,-1.722884444075,0.003165335222
784,-61.956278822922,0.106706263235,-1.721007745081,0.002964062868
785,-61.796901570425,0.108885458254,-1.716580599178,0.003024596063
786,-61.978240272289,0.101352963420,-1.721617785341,0.002815360095
787,-62.042536408907,0.096614767115,-1.723403789136,0.002683743531
788,-62.184088180475,0.109240000124,-1.727335782791,0.003034444448
789,-62.109939958657,0.107783532705,-1.725276109963,0.002993987020
790,-62.026579574976,0.102811814350,-1.722960543749,0.002855883732
791,-61.954520917705,0.113988959604,-1.720958914381,0.003166359989
792,-62.080138298321,0.111319381851,-1.724448286064,0.003092205051
793,-62.120375482102,0.102042198236,-1.725565985614,0.002834505507
794,-61.988283181493,0.104476933956,-1.721896755041,0.002902137054
795,-61.930550694942,0.110493110311,-1.720293074859,0.003069253064
796,-62.114049314033,0.111790813373,-1.725390258723,0.003105300371
797,-61.966669816076,0.106370901587,-1.721296383780,0.002954747266
798,-62.065746984589,0.099368017268,-1.724048527350,0.002760222702
799,-62.137134045582,0.100980807990,-1.726031501266,0.002805022444
