# MLP_complex_depth_1 | MLP depth=1 | hidden_dims=(36)
# L=6 (N_sites=36) | J1=1.0 | J2=0.5
# n_samples=10000 | n_iter=600 | diag_shift=0.01 | seed=1234
iter,energy_mean,energy_sigma,energy_per_site_mean,energy_per_site_sigma
0,91.668028164127,0.273319051503,2.546334115670,0.007592195875
1,91.530702107708,0.296503952346,2.542519502992,0.008236220898
2,91.663854098119,0.294394398993,2.546218169392,0.008177622194
3,91.319921093399,0.276075360835,2.536664474817,0.007668760023
4,90.835724593769,0.284006421902,2.523214572049,0.007889067275
5,90.686769484871,0.304923062379,2.519076930135,0.008470085066
6,90.608269974964,0.304074827677,2.516896388193,0.008446522991
7,90.024171092703,0.298310794656,2.500671419242,0.008286410963
8,90.026972338280,0.295610399981,2.500749231619,0.008211399999
9,89.347098674314,0.306860625467,2.481863852064,0.008523906263
10,89.298992251894,0.290303853422,2.480527562553,0.008063995928
11,89.409669212692,0.316977611359,2.483601922575,0.008804933649
12,89.486075407856,0.311734982249,2.485724316885,0.008659305062
13,88.611799533954,0.298635906461,2.461438875943,0.008295441846
14,88.661836325594,0.299089340899,2.462828786822,0.008308037247
15,88.469013862803,0.321460404852,2.457472607300,0.008929455690
16,87.676284545473,0.323085233721,2.435452348485,0.008974589826
17,87.729401043346,0.317192776585,2.436927806760,0.008810910461
18,87.585608203979,0.315259657574,2.432933561222,0.008757212710
19,87.117531081144,0.323418667500,2.419931418921,0.008983851875
20,86.788295513496,0.327589398375,2.410785986486,0.009099705510
21,86.443929709096,0.319201596033,2.401220269697,0.008866711001
22,86.496048518603,0.338910244752,2.402668014406,0.009414173465
23,86.158630146675,0.339950445919,2.393295281852,0.009443067942
24,85.667343325226,0.325981317145,2.379648425701,0.009055036587
25,85.284108328959,0.330702317136,2.369003009138,0.009186175476
26,85.498363542196,0.329968358358,2.374954542839,0.009165787732
27,84.976245519690,0.342171001448,2.360451264436,0.009504750040
28,84.831708125200,0.347713279912,2.356436336811,0.009658702220
29,84.311177754208,0.338771263009,2.341977159839,0.009410312861
30,83.769303675152,0.345581020316,2.326925102088,0.009599472787
31,83.381231489017,0.335146458758,2.316145319139,0.009309623854
32,83.526439900639,0.347245185897,2.320178886129,0.009645699608
33,83.247586454010,0.343466630714,2.312432957056,0.009540739742
34,83.213620016547,0.366141904133,2.311489444904,0.010170608448
35,82.309969090159,0.368368498303,2.286388030282,0.010232458286
36,82.396919542823,0.370352582738,2.288803320634,0.010287571743
37,82.518436580074,0.368185731670,2.292178793891,0.010227381435
38,81.582150733067,0.346694255101,2.266170853696,0.009630395975
39,81.100045348209,0.372550777547,2.252779037450,0.010348632710
40,80.848794134703,0.369100860427,2.245799837075,0.010252801679
41,81.192104828929,0.372252988385,2.255336245248,0.010340360788
42,80.073915007211,0.373601160337,2.224275416867,0.010377810009
43,79.953720967767,0.372918739345,2.220936693549,0.010358853871
44,79.410013048093,0.368610924166,2.205833695780,0.010239192338
45,79.059168464802,0.381743710888,2.196088012911,0.010603991969
46,79.268847329155,0.383503600112,2.201912425810,0.010652877781
47,78.954568039808,0.378247539247,2.193182445550,0.010506876090
48,78.262617422552,0.400127077205,2.173961595071,0.011114641033
49,78.446935703032,0.386730431122,2.179081547306,0.010742511976
50,77.646174651505,0.381030555767,2.156838184764,0.010584182105
51,77.550815644956,0.374502507032,2.154189323471,0.010402847418
52,76.893373418799,0.408816266827,2.135927039411,0.011356007412
53,76.189467329525,0.402266182200,2.116374092487,0.011174060617
54,76.277605297516,0.387083236941,2.118822369375,0.010752312137
55,75.576183616407,0.393369411756,2.099338433789,0.010926928104
56,75.831582667117,0.387589888619,2.106432851864,0.010766385795
57,75.304783109874,0.411403069341,2.091799530830,0.011427863037
58,74.798365403334,0.400615410525,2.077732372315,0.011128205848
59,74.280395217436,0.400023224028,2.063344311595,0.011111756223
60,73.998260175831,0.409957312919,2.055507227106,0.011387703137
61,73.779660073659,0.408902311703,2.049435002046,0.011358397547
62,73.613753406389,0.409023458699,2.044826483511,0.011361762742
63,73.096241207499,0.421877595039,2.030451144653,0.011718822084
64,72.820286778591,0.409718346857,2.022785743850,0.011381065190
65,72.039553239363,0.418077096932,2.001098701093,0.011613252693
66,71.354992884082,0.411593562839,1.982083135669,0.011433154523
67,71.534407067181,0.419682599325,1.987066862977,0.011657849981
68,70.574639921142,0.421869719264,1.960406664476,0.011718603313
69,70.445493719409,0.425074784585,1.956819269984,0.011807632905
70,70.079981583582,0.425448707208,1.946666155099,0.011818019645
71,69.326680145405,0.426120375289,1.925741115150,0.011836677091
72,69.588437931262,0.434854561955,1.933012164757,0.012079293388
73,68.735142820149,0.424418653280,1.909309522782,0.011789407036
74,68.437781538467,0.434320422680,1.901049487180,0.012064456186
75,67.654835188966,0.448817670727,1.879300977471,0.012467157520
76,67.673416641421,0.452403134260,1.879817128928,0.012566753729
77,66.341078977886,0.437295787374,1.842807749386,0.012147105205
78,66.646391862066,0.429452089051,1.851288662835,0.011929224696
79,66.205743221834,0.436031197585,1.839048422829,0.012111977711
80,66.370231199194,0.455777686731,1.843617533311,0.012660491298
81,65.965804275312,0.451503516948,1.832383452092,0.012541764360
82,65.296470637902,0.441440554721,1.813790851053,0.012262237631
83,64.876106989399,0.457987549757,1.802114083039,0.012721876382
84,64.667675826058,0.440556196485,1.796324328502,0.012237672125
85,63.477241634849,0.470953235597,1.763256712079,0.013082034322
86,62.801429284596,0.452400462264,1.744484146794,0.012566679507
87,62.524065008035,0.459514457700,1.736779583557,0.012764290492
88,62.305494474076,0.462498614776,1.730708179835,0.012847183744
89,61.387373009403,0.464875931506,1.705204805817,0.012913220320
90,61.412920027822,0.463536834501,1.705914445217,0.012876023181
91,61.018962146638,0.473805416360,1.694971170740,0.013161261566
92,60.257526936385,0.462567120879,1.673820192677,0.012849086691
93,60.167629195289,0.446715618780,1.671323033202,0.012408767188
94,59.863166715705,0.444437685257,1.662865742103,0.012345491257
95,58.573450388933,0.454482687520,1.627040288581,0.012624519098
96,58.547495626851,0.472234883592,1.626319322968,0.013117635655
97,57.346661480345,0.462820551075,1.592962818898,0.012856126419
98,57.648542712565,0.471618365994,1.601348408682,0.013100510167
99,56.960102512881,0.485050145247,1.582225069802,0.013473615146
100,56.559357318790,0.443372702673,1.571093258855,0.012315908408
101,55.908917357929,0.482777426148,1.553025482165,0.013410484060
102,55.609987853960,0.489779681646,1.544721884832,0.013604991157
103,55.520696955148,0.462066290408,1.542241582087,0.012835174734
104,53.980322475441,0.491281683780,1.499453402096,0.013646713438
105,54.017949164333,0.474423757319,1.500498587898,0.013178437703
106,53.866619584011,0.498290061501,1.496294988445,0.013841390597
107,52.783350783056,0.489848097140,1.466204188418,0.013606891587
108,52.220334539885,0.494030413334,1.450564848330,0.013723067037
109,52.246649687319,0.471358403206,1.451295824648,0.013093288978
110,51.083809098178,0.488736213459,1.418994697172,0.013576005929
111,51.055118089514,0.490136571015,1.418197724709,0.013614904750
112,49.983297569837,0.479283168275,1.388424932495,0.013313421341
113,50.128964102296,0.475576966736,1.392471225064,0.013210471298
114,49.194198121794,0.475882365116,1.366505503383,0.013218954587
115,49.115472813762,0.485842061429,1.364318689271,0.013495612817
116,48.895324283089,0.469288172419,1.358203452308,0.013035782567
117,48.666222491531,0.473439183245,1.351839513654,0.013151088423
118,48.175727425392,0.486614979440,1.338214650705,0.013517082762
119,47.539796593059,0.456672313373,1.320549905363,0.012685342038
120,45.929396932533,0.491656199400,1.275816581459,0.013657116650
121,46.610659707859,0.499539444803,1.294740547441,0.013876095689
122,46.001883192034,0.492390008138,1.277830088668,0.013677500226
123,44.786791646677,0.478080782264,1.244077545741,0.013280021730
124,45.235628167675,0.488707933401,1.256545226880,0.013575220372
125,44.383775196843,0.478602418269,1.232882644357,0.013294511619
126,43.859027476258,0.497716457891,1.218306318785,0.013825457164
127,43.542257343753,0.508361643101,1.209507148438,0.014121156753
128,42.156841095515,0.488794238544,1.171023363764,0.013577617737
129,42.567210891460,0.493137416329,1.182422524763,0.013698261565
130,41.619791460401,0.508579874783,1.156105318344,0.014127218744
131,40.984257458199,0.473429977691,1.138451596061,0.013150832714
132,41.499992132712,0.517165864616,1.152777559242,0.014365718462
133,40.770472811677,0.487185871825,1.132513133658,0.013532940884
134,39.791507602465,0.504493536453,1.105319655624,0.014013709346
135,39.388991893050,0.497329496293,1.094138663696,0.013814708230
136,38.337390647011,0.489601363362,1.064927517973,0.013600037871
137,38.150102613452,0.463749022029,1.059725072596,0.012881917279
138,37.726147027241,0.478977186863,1.047948528534,0.013304921857
139,38.149498048406,0.472057730333,1.059708279122,0.013112714731
140,37.213299704424,0.462678338689,1.033702769567,0.012852176075
141,36.953898575501,0.466778416465,1.026497182653,0.012966067124
142,35.950414263533,0.490000278858,0.998622618431,0.013611118857
143,35.270554138597,0.470535754807,0.979737614961,0.013070437634
144,35.426140073344,0.493368949077,0.984059446482,0.013704693030
145,34.871534805668,0.482877918364,0.968653744602,0.013413275510
146,34.533566618165,0.467939012817,0.959265739393,0.012998305912
147,33.901902331239,0.462233681987,0.941719509201,0.012839824500
148,33.188182387565,0.475844514380,0.921893955210,0.013217903177
149,32.957746725217,0.472860581364,0.915492964589,0.013135016149
150,32.976796197325,0.487402433960,0.916022116592,0.013538956499
151,32.288956739654,0.522746430336,0.896915464990,0.014520734176
152,31.279714375601,0.480582865136,0.868880954878,0.013349524032
153,31.383616301184,0.450522334883,0.871767119477,0.012514509302
154,29.911849410110,0.486615756249,0.830884705836,0.013517104340
155,30.761361021640,0.489672038230,0.854482250601,0.013602001062
156,29.854277840703,0.491960094611,0.829285495575,0.013665558184
157,29.015826892612,0.475036764258,0.805995191461,0.013195465674
158,29.099207963537,0.478342074813,0.808311332320,0.013287279856
159,28.656737166735,0.500227750155,0.796020476854,0.013895215282
160,27.941407981985,0.453349460117,0.776150221722,0.012593040559
161,27.853949699882,0.484679594483,0.773720824997,0.013463322069
162,27.340735202109,0.470396360683,0.759464866725,0.013066565575
163,27.669999425167,0.450162669708,0.768611095144,0.012504518603
164,26.645253054864,0.460084809887,0.740145918191,0.012780133608
165,26.796712041387,0.443106490118,0.744353112261,0.012308513614
166,25.499116615472,0.466826163126,0.708308794874,0.012967393420
167,25.654517527405,0.478006107414,0.712625486872,0.013277947428
168,25.467062555381,0.496124977448,0.707418404316,0.013781249374
169,24.753610829298,0.480365635822,0.687600300814,0.013343489884
170,25.035368109857,0.455510108961,0.695426891940,0.012653058582
171,23.679687568028,0.469381203706,0.657769099112,0.013038366770
172,23.972714811822,0.455349500055,0.665908744773,0.012648597224
173,23.587842422810,0.455086568779,0.655217845078,0.012641293577
174,23.976470200344,0.465611897046,0.666013061121,0.012933663807
175,23.227513592935,0.449350245482,0.645208710915,0.012481951263
176,22.964558569909,0.437879643287,0.637904404720,0.012163323425
177,21.464723024644,0.447784537556,0.596242306240,0.012438459377
178,21.364092361887,0.459092689034,0.593447010052,0.012752574695
179,20.679735327208,0.457283839428,0.574437092422,0.012702328873
180,20.436313452774,0.455514753014,0.567675373688,0.012653187584
181,21.076558886572,0.427759508322,0.585459969071,0.011882208565
182,20.240592894758,0.470107637495,0.562238691521,0.013058545486
183,20.073824847088,0.431313830160,0.557606245752,0.011980939727
184,19.976528835507,0.438432858202,0.554903578764,0.012178690506
185,18.864916335763,0.465635489944,0.524025453771,0.012934319165
186,19.341772941661,0.444642207387,0.537271470602,0.012351172427
187,18.198268198787,0.470775977012,0.505507449966,0.013077110473
188,18.737584788847,0.435243673781,0.520488466357,0.012090102049
189,18.280101973392,0.446041108914,0.507780610372,0.012390030803
190,16.929648259213,0.455655816094,0.470268007200,0.012657106003
191,16.765600207058,0.429251461158,0.465711116863,0.011923651699
192,17.079135871894,0.445953034777,0.474420440886,0.012387584299
193,16.673188930218,0.438592126624,0.463144136950,0.012183114628
194,16.322789414884,0.418628552271,0.453410817080,0.011628570896
195,16.293849851339,0.437286097984,0.452606940315,0.012146836055
196,16.081571477296,0.426408612431,0.446710318814,0.011844683679
197,15.277461740369,0.438490706987,0.424373937232,0.012180297416
198,15.089624977325,0.441838988527,0.419156249370,0.012273305237
199,15.473968234791,0.449913786178,0.429832450966,0.012497605172
200,15.383137929688,0.438345643055,0.427309386936,0.012176267863
201,15.130470140972,0.441326399704,0.420290837249,0.012259066658
202,14.076158519752,0.418174006550,0.391004403326,0.011615944626
203,13.249291642502,0.439812859909,0.368035878958,0.012217023886
204,13.389655368999,0.433329179395,0.371934871361,0.012036921650
205,13.559795520144,0.406590770178,0.376660986671,0.011294188061
206,13.443970993703,0.415166884372,0.373443638714,0.011532413455
207,13.243322597906,0.429010230710,0.367870072164,0.011916950853
208,12.594567424519,0.404166372969,0.349849095126,0.011226843694
209,12.389276750571,0.399614371024,0.344146576405,0.011100399195
210,12.598815283465,0.397910744484,0.349967091207,0.011053076236
211,13.036070735611,0.409121430052,0.362113075989,0.011364484168
212,11.333200250592,0.384443115179,0.314811118072,0.010678975422
213,11.971703507971,0.420792890622,0.332547319666,0.011688691406
214,11.850703589222,0.411803689989,0.329186210812,0.011438991389
215,11.361962017688,0.427354724390,0.315610056047,0.011870964566
216,10.769231356961,0.418917472475,0.299145315471,0.011636596458
217,11.237964933507,0.424964948156,0.312165692597,0.011804581893
218,10.695853815072,0.406197575159,0.297107050419,0.011283265977
219,10.462730499575,0.392204653561,0.290631402766,0.010894573710
220,9.603570031768,0.397599622330,0.266765834216,0.011044433954
221,9.520351686139,0.386135021277,0.264454213504,0.010725972813
222,9.589524628275,0.385318346579,0.266375684119,0.010703287405
223,9.876227385870,0.391708913081,0.274339649608,0.010880803141
224,8.807305032942,0.398084879691,0.244647362026,0.011057913325
225,9.365317685684,0.415967224390,0.260147713491,0.011554645122
226,8.973096341768,0.380974707529,0.249252676160,0.010582630765
227,8.786247457158,0.407010973992,0.244062429365,0.011305860389
228,8.354415527546,0.390267054692,0.232067097987,0.010840751519
229,8.866258421304,0.402091586346,0.246284956147,0.011169210732
230,7.383225671663,0.417609739804,0.205089601991,0.011600270550
231,7.868031879962,0.395879009032,0.218556441110,0.010996639140
232,7.353194865773,0.395194068081,0.204255412938,0.010977613002
233,7.215406506523,0.366749194572,0.200427958515,0.010187477627
234,7.279911432292,0.401125301296,0.202219762008,0.011142369480
235,6.877010120859,0.388805731921,0.191028058913,0.010800159220
236,6.410581185880,0.388780643524,0.178071699608,0.010799462320
237,6.415750131924,0.379175949637,0.178215281442,0.010532665268
238,6.101190099161,0.372138469976,0.169477502754,0.010337179722
239,6.452539615929,0.393581931534,0.179237211554,0.010932831432
240,5.650235690506,0.385807380672,0.156950991403,0.010716871685
241,5.968443893253,0.378742917569,0.165790108146,0.010520636599
242,6.430968834846,0.374737733423,0.178638023190,0.010409381484
243,5.873659046307,0.375708093287,0.163157195731,0.010436335925
244,4.980531108834,0.362747651316,0.138348086357,0.010076323648
245,4.896384488518,0.380730584355,0.136010680237,0.010575849565
246,5.394007015527,0.354490292688,0.149833528209,0.009846952575
247,4.453443219140,0.427506494765,0.123706756087,0.011875180410
248,4.571624144849,0.378972304722,0.126989559579,0.010527008465
249,4.651914445373,0.362815513391,0.129219845705,0.010078208705
250,4.925743336942,0.359601281807,0.136826203804,0.009988924495
251,4.595981763442,0.374631492824,0.127666160096,0.010406430356
252,4.043967943910,0.362981348875,0.112332442886,0.010082815247
253,4.215870115113,0.371270978028,0.117107503198,0.010313082723
254,3.979003495956,0.363710643366,0.110527874888,0.010103073427
255,3.059619910295,0.359989323297,0.084989441953,0.009999703425
256,2.963719403440,0.375174620418,0.082325538984,0.010421517234
257,3.179099652558,0.357710236101,0.088308323682,0.009936395447
258,3.270863659311,0.365420715456,0.090857323870,0.010150575429
259,2.323767642012,0.352611445650,0.064549101167,0.009794762379
260,2.878131493702,0.355285583779,0.079948097047,0.009869043994
261,2.643648258162,0.354821151287,0.073434673838,0.009856143091
262,2.760497124892,0.365897222010,0.076680475691,0.010163811722
263,2.811901897555,0.358391233914,0.078108386043,0.009955312053
264,2.352919966683,0.352764809962,0.065358887963,0.009799022499
265,1.822756623424,0.372292666176,0.050632128428,0.010341462949
266,1.681224397939,0.341403703078,0.046700677721,0.009483436197
267,2.584461323557,0.354998751617,0.071790592321,0.009861076434
268,1.852950342617,0.344169428175,0.051470842850,0.009560261894
269,1.775438240883,0.351016133552,0.049317728913,0.009750448154
270,1.196582284189,0.335024486355,0.033238396783,0.009306235732
271,1.234857670836,0.344513836541,0.034301601968,0.009569828793
272,1.499306358126,0.359393451802,0.041647398837,0.009983151439
273,1.235719034507,0.344624708910,0.034325528736,0.009572908581
274,1.474727125812,0.339370429529,0.040964642384,0.009426956376
275,0.894144425856,0.340467893112,0.024837345163,0.009457441475
276,1.397640464557,0.332519569678,0.038823346238,0.009236654713
277,1.249706757234,0.326188856975,0.034714076590,0.009060801583
278,0.602449820259,0.345022391483,0.016734717229,0.009583955319
279,0.085714510596,0.332570585011,0.002380958628,0.009238071806
280,0.304506408708,0.342001906654,0.008458511353,0.009500052963
281,-0.111470010419,0.370315835050,-0.003096389178,0.010286550974
282,0.066178251179,0.354898064419,0.001838284755,0.009858279567
283,-0.045445642487,0.320157515654,-0.001262378958,0.008893264324
284,-0.007451053051,0.315622277566,-0.000206973696,0.008767285488
285,-0.338859041618,0.331708288672,-0.009412751156,0.009214119130
286,-0.700229274938,0.330748521904,-0.019450813193,0.009187458942
287,-0.732098128825,0.347974299517,-0.020336059134,0.009665952764
288,-0.923433057096,0.345959636634,-0.025650918253,0.009609989907
289,-0.354637147601,0.329510580732,-0.009851031878,0.009153071687
290,-0.989603788261,0.317993683834,-0.027488994118,0.008833157884
291,-0.779727989949,0.329218508515,-0.021659110832,0.009144958570
292,-1.184332281940,0.337331530855,-0.032898118943,0.009370320302
293,-0.832105224720,0.341556477639,-0.023114034020,0.009487679934
294,-1.272074045265,0.342106514794,-0.035335390146,0.009502958744
295,-1.612953378662,0.466099435232,-0.044804260518,0.012947206534
296,-1.177758576429,0.323228485760,-0.032715516012,0.008978569049
297,-1.943307621468,0.330695606824,-0.053980767263,0.009185989078
298,-1.976305118267,0.345956911485,-0.054897364396,0.009609914208
299,-1.817284919906,0.304379918611,-0.050480136664,0.008454997739
300,-1.442037784357,0.329826743372,-0.040056605121,0.009161853983
301,-1.742620364236,0.326032636619,-0.048406121229,0.009056462128
302,-1.843927422156,0.293856517082,-0.051220206171,0.008162681030
303,-2.943321404925,0.346439205495,-0.081758927915,0.009623311264
304,-2.344208291970,0.318720962940,-0.065116896999,0.008853360082
305,-2.691588684430,0.304713455774,-0.074766352345,0.008464262660
306,-2.751652222810,0.300227712565,-0.076434783967,0.008339658682
307,-2.128600468233,0.347163756317,-0.059127790784,0.009643437675
308,-2.524814830418,0.331338438810,-0.070133745289,0.009203845522
309,-2.336601498882,0.331492033230,-0.064905597191,0.009208112034
310,-2.750727229986,0.326492562505,-0.076409089722,0.009069237847
311,-3.386879022972,0.303726691040,-0.094079972860,0.008436852529
312,-3.410674766870,0.308543676096,-0.094740965746,0.008570657669
313,-3.397120518977,0.309464018189,-0.094364458860,0.008596222727
314,-3.837883025620,0.301924820587,-0.106607861823,0.008386800572
315,-3.700341493788,0.302754071547,-0.102787263716,0.008409835321
316,-3.632027580587,0.280885681397,-0.100889655016,0.007802380039
317,-3.317408434367,0.316349649164,-0.092150234288,0.008787490255
318,-3.494954253763,0.325361812081,-0.097082062605,0.009037828113
319,-4.368260577873,0.325858352263,-0.121340571608,0.009051620896
320,-3.770174700876,0.322839184410,-0.104727075024,0.008967755123
321,-3.522336599287,0.319291233253,-0.097842683314,0.008869200924
322,-3.953104069316,0.315855684769,-0.109808446370,0.008773769021
323,-3.505297627043,0.299772453528,-0.097369378529,0.008327012598
324,-3.821189458804,0.293390297714,-0.106144151633,0.008149730492
325,-3.518784597956,0.322248487414,-0.097744016610,0.008951346873
326,-3.176126640225,0.293074618653,-0.088225740006,0.008140961629
327,-3.717047939622,0.330543838735,-0.103251331656,0.009181773298
328,-3.409752901775,0.315301829051,-0.094715358383,0.008758384140
329,-4.040776810113,0.298866698364,-0.112243800281,0.008301852732
330,-4.260502525215,0.304104925502,-0.118347292367,0.008447359042
331,-3.827242699949,0.296894543330,-0.106312297221,0.008247070648
332,-4.162527339981,0.308942763415,-0.115625759444,0.008581743428
333,-4.937677438601,0.303720071867,-0.137157706628,0.008436668663
334,-4.430114677956,0.292256640655,-0.123058741054,0.008118240018
335,-5.074824049331,0.328707445509,-0.140967334704,0.009130762375
336,-5.363441942608,0.298547706286,-0.148984498406,0.008292991841
337,-6.006161687928,0.325425905788,-0.166837824665,0.009039608494
338,-4.735940534664,0.288896772492,-0.131553903741,0.008024910347
339,-5.228722997373,0.287076282440,-0.145242305483,0.007974341179
340,-4.880867188350,0.305711778806,-0.135579644121,0.008491993856
341,-4.534279144159,0.318219010122,-0.125952198449,0.008839416948
342,-5.494094825936,0.317887833163,-0.152613745165,0.008830217588
343,-5.002905570757,0.316026716284,-0.138969599188,0.008778519897
344,-5.132419665150,0.286181235617,-0.142567212921,0.007949478767
345,-4.557614906662,0.298598892830,-0.126600414074,0.008294413690
346,-4.945958012346,0.295981076488,-0.137387722565,0.008221696569
347,-5.530273214068,0.273627987605,-0.153618700391,0.007600777433
348,-5.770331694301,0.310119687942,-0.160286991508,0.008614435776
349,-5.338804040405,0.288684240150,-0.148300112233,0.008019006671
350,-6.390237458884,0.286465131151,-0.177506596080,0.007957364754
351,-5.862488378315,0.288384590503,-0.162846899398,0.008010683070
352,-5.726901509159,0.280330512835,-0.159080597477,0.007786958690
353,-6.008336297538,0.296843995950,-0.166898230487,0.008245666554
354,-6.546287625378,0.335087372329,-0.181841322927,0.009307982565
355,-6.893553344266,0.330825024380,-0.191487592896,0.009189584011
356,-7.336748326113,0.349511909169,-0.203798564614,0.009708664144
357,-6.527373334456,0.320789119751,-0.181315925957,0.008910808882
358,-6.609572270896,0.306183889945,-0.183599229747,0.008505108054
359,-7.712326988445,0.329945276958,-0.214231305235,0.009165146582
360,-6.665145876107,0.282022599591,-0.185142941003,0.007833961100
361,-6.348742199095,0.314154335534,-0.176353949975,0.008726509320
362,-6.966432396717,0.270693055632,-0.193512011020,0.007519251545
363,-5.976144070294,0.290303698716,-0.166004001953,0.008063991631
364,-6.528647813586,0.284180724693,-0.181351328155,0.007893909019
365,-6.859892994949,0.281597648658,-0.190552583193,0.007822156907
366,-6.721539701541,0.296640517770,-0.186709436154,0.008240014382
367,-6.691520947791,0.282418876912,-0.185875581883,0.007844968803
368,-6.144257149529,0.292379321331,-0.170673809709,0.008121647815
369,-6.842849379935,0.280038104175,-0.190079149443,0.007778836227
370,-6.992255826842,0.283092423409,-0.194229328523,0.007863678428
371,-7.675009184513,0.292340351001,-0.213194699570,0.008120565306
372,-7.041925799655,0.300025627002,-0.195609049990,0.008334045194
373,-6.964788085411,0.273030636445,-0.193466335706,0.007584184346
374,-7.104463718814,0.306351482219,-0.197346214411,0.008509763395
375,-7.222750079396,0.291000570915,-0.200631946650,0.008083349192
376,-7.317807762015,0.302858299504,-0.203272437834,0.008412730542
377,-7.773250812203,0.268519907087,-0.215923633672,0.007458886308
378,-8.048288163856,0.314263697203,-0.223563560107,0.008729547145
379,-8.304587219408,0.289959024990,-0.230682978317,0.008054417361
380,-8.281964473145,0.280533169975,-0.230054568698,0.007792588055
381,-8.793996120408,0.319321381625,-0.244277670011,0.008870038378
382,-8.982950134924,0.269268358745,-0.249526392637,0.007479676632
383,-8.423880928307,0.265265234072,-0.233996692453,0.007368478724
384,-8.845974320167,0.264466289328,-0.245721508894,0.007346285815
385,-9.121906739391,0.306656282047,-0.253386298316,0.008518230057
386,-8.689924745109,0.273437918760,-0.241386798475,0.007595497743
387,-8.397733175192,0.270255705594,-0.233270365978,0.007507102933
388,-8.986479451721,0.277580776535,-0.249624429214,0.007710577126
389,-9.582793494397,0.305117416296,-0.266188708178,0.008475483786
390,-8.944857153060,0.275097122841,-0.248468254252,0.007641586746
391,-8.905568916105,0.276643152142,-0.247376914336,0.007684532004
392,-8.662516944553,0.294883673755,-0.240625470682,0.008191213160
393,-8.714561187039,0.292394484856,-0.242071144084,0.008122069024
394,-8.336980232306,0.267198436912,-0.231582784231,0.007422178803
395,-8.014855377355,0.283407730249,-0.222634871593,0.007872436951
396,-8.229805958143,0.282204409532,-0.228605721060,0.007839011376
397,-8.067496364624,0.272199867023,-0.224097121240,0.007561107417
398,-7.965096745780,0.361748685929,-0.221252687383,0.010048574609
399,-7.191738217885,0.277725247276,-0.199770506052,0.007714590202
400,-7.701913307606,0.293093193366,-0.213942036322,0.008141477594
401,-9.306873874945,0.293176850012,-0.258524274304,0.008143801389
402,-8.640467784457,0.272159358314,-0.240012994013,0.007559982175
403,-8.760750104576,0.288502272227,-0.243354169572,0.008013952006
404,-8.666917823451,0.281783230766,-0.240747717318,0.007827311966
405,-9.332416629598,0.309999332651,-0.259233795267,0.008611092574
406,-8.668343278521,0.265999552353,-0.240787313292,0.007388876454
407,-8.937061194779,0.315450397734,-0.248251699855,0.008762511048
408,-9.248992600081,0.265817406197,-0.256916461113,0.007383816839
409,-9.839589463789,0.285946362491,-0.273321929550,0.007942954514
410,-8.960828612209,0.268646074106,-0.248911905895,0.007462390947
411,-9.594139357422,0.284939174127,-0.266503871039,0.007914977059
412,-9.411969182104,0.298954705371,-0.261443588392,0.008304297371
413,-9.400408516128,0.273284402237,-0.261122458781,0.007591233395
414,-9.034979117721,0.274139565262,-0.250971642159,0.007614987924
415,-9.893258929762,0.268869220296,-0.274812748049,0.007468589453
416,-9.586929053638,0.272101160415,-0.266303584823,0.007558365567
417,-10.322218536188,0.277800861923,-0.286728292672,0.007716690609
418,-10.526905306188,0.267800225382,-0.292414036283,0.007438895149
419,-10.953910059372,0.255581730676,-0.304275279427,0.007099492519
420,-10.672881854818,0.276868971978,-0.296468940412,0.007690804777
421,-10.867714989763,0.290508176998,-0.301880971938,0.008069671583
422,-10.806485674124,0.279112320909,-0.300180157615,0.007753120025
423,-9.561478729079,0.286908704607,-0.265596631363,0.007969686239
424,-9.741328760089,0.259622542864,-0.270592465558,0.007211737302
425,-9.548502118060,0.274854325885,-0.265236169946,0.007634842386
426,-10.579255895761,0.309606868013,-0.293868219327,0.008600190778
427,-10.595151459356,0.276806442840,-0.294309762760,0.007689067857
428,-10.354632411902,0.285399174227,-0.287628678108,0.007927754840
429,-10.272779083798,0.278620978466,-0.285354974550,0.007739471624
430,-10.631130768111,0.323783952650,-0.295309188003,0.008993998685
431,-10.142888566341,0.245143024846,-0.281746904621,0.006809528468
432,-10.110760424213,0.271424980508,-0.280854456228,0.007539582792
433,-11.007362667258,0.263183830591,-0.305760074091,0.007310661961
434,-10.539419066075,0.267572807197,-0.292761640724,0.007432577978
435,-10.584554724512,0.281749411758,-0.294015409014,0.007826372549
436,-10.338843157877,0.319263524654,-0.287190087719,0.008868431240
437,-10.743957115674,0.261752494948,-0.298443253213,0.007270902637
438,-10.816482024784,0.302813511926,-0.300457834022,0.008411486442
439,-10.095170310757,0.263362129737,-0.280421397521,0.007315614715
440,-10.761759341360,0.272972238658,-0.298937759482,0.007582562185
441,-11.432833013402,0.304303700718,-0.317578694817,0.008452880575
442,-10.707250184309,0.246374407841,-0.297423616231,0.006843733551
443,-10.637857955715,0.317004381410,-0.295496054325,0.008805677261
444,-11.159946457136,0.285404914926,-0.309998512698,0.007927914303
445,-10.921106812403,0.262945617888,-0.303364078122,0.007304044941
446,-10.714111964953,0.252262322223,-0.297614221249,0.007007286728
447,-11.427858051794,0.273207868365,-0.317440501439,0.007589107455
448,-11.501152776281,0.280505727488,-0.319476466008,0.007791825764
449,-11.369753445432,0.278384763359,-0.315826484595,0.007732910093
450,-10.953407858724,0.244894194610,-0.304261329409,0.006802616517
451,-11.566789258024,0.258538685708,-0.321299701612,0.007181630159
452,-11.425992231477,0.286954547502,-0.317388673097,0.007970959653
453,-11.199639500351,0.287201816253,-0.311101097232,0.007977828229
454,-11.386392564017,0.244453885384,-0.316288682334,0.006790385705
455,-10.820216890542,0.272033927272,-0.300561580293,0.007556497980
456,-11.613218124994,0.252020043056,-0.322589392361,0.007000556752
457,-11.816923256730,0.271224789833,-0.328247868243,0.007534021940
458,-12.100009049389,0.283253778905,-0.336111362483,0.007868160525
459,-11.426214584664,0.286901327543,-0.317394849574,0.007969481321
460,-12.034863498779,0.296306489612,-0.334301763855,0.008230735823
461,-12.429150702063,0.259027934173,-0.345254186168,0.007195220394
462,-11.398227793642,0.251881719973,-0.316617438712,0.006996714444
463,-12.224855298075,0.242232421281,-0.339579313835,0.006728678369
464,-12.054187404276,0.273985783982,-0.334838539008,0.007610716222
465,-12.296853723410,0.288319121348,-0.341579270095,0.008008864482
466,-11.798116236268,0.251338311408,-0.327725451007,0.006981619761
467,-13.333807964810,0.285218324346,-0.370383554578,0.007922731232
468,-12.670224220507,0.270786190061,-0.351950672792,0.007521838613
469,-12.746380044510,0.260745396508,-0.354066112348,0.007242927681
470,-13.322321656815,0.287014946548,-0.370064490467,0.007972637404
471,-11.842281963395,0.270265782006,-0.328952276761,0.007507382833
472,-12.409671724961,0.251891565741,-0.344713103471,0.006996987937
473,-12.484260059253,0.478949131930,-0.346785001646,0.013304142554
474,-12.552769914896,0.252211865355,-0.348688053192,0.007005885149
475,-12.137472197050,0.268188159817,-0.337152005474,0.007449671106
476,-11.767336307811,0.240935383320,-0.326870452995,0.006692649537
477,-12.422399983828,0.272767370010,-0.345066666217,0.007576871389
478,-12.926795520780,0.276925109246,-0.359077653355,0.007692364146
479,-12.501360079469,0.258751137188,-0.347260002207,0.007187531589
480,-12.646079234746,0.265026356883,-0.351279978743,0.007361843247
481,-12.972831626168,0.244655142075,-0.360356434060,0.006795976169
482,-12.321147202695,0.295462275822,-0.342254088964,0.008207285440
483,-11.942983998555,0.241639784289,-0.331749555515,0.006712216230
484,-12.332799507237,0.262520804994,-0.342577764090,0.007292244583
485,-12.970329042017,0.236863655148,-0.360286917834,0.006579545976
486,-12.147619522542,0.265906663956,-0.337433875626,0.007386296221
487,-12.498583130517,0.248456090300,-0.347182864737,0.006901558064
488,-12.497914704215,0.247488230577,-0.347164297339,0.006874673072
489,-13.448582030674,0.249967002804,-0.373571723074,0.006943527856
490,-12.567464180031,0.266217539586,-0.349096227223,0.007394931655
491,-12.805464873622,0.258785804769,-0.355707357601,0.007188494577
492,-12.767358026806,0.263242548345,-0.354648834078,0.007312293010
493,-12.463738479704,0.247769174011,-0.346214957770,0.006882477056
494,-13.080889483256,0.267570916037,-0.363358041202,0.007432525445
495,-13.685787904689,0.235657002697,-0.380160775130,0.006546027853
496,-13.568395805834,0.251666326852,-0.376899883495,0.006990731301
497,-12.792498703301,0.274632800417,-0.355347186203,0.007628688900
498,-13.469118494473,0.249030716253,-0.374142180402,0.006917519896
499,-13.516929148642,0.248129938911,-0.375470254129,0.006892498303
500,-13.242302884462,0.240320439273,-0.367841746791,0.006675567758
501,-13.357198589030,0.242801077594,-0.371033294140,0.006744474378
502,-13.348771100158,0.238418439371,-0.370799197227,0.006622734427
503,-13.344302934649,0.253767056114,-0.370675081518,0.007049084892
504,-13.938618112109,0.256489521840,-0.387183836447,0.007124708940
505,-13.050834763294,0.246371002065,-0.362523187869,0.006843638946
506,-13.414501994376,0.250725972228,-0.372625055399,0.006964610340
507,-13.853894444010,0.259791776875,-0.384830401223,0.007216438247
508,-13.805654611675,0.227495891151,-0.383490405880,0.006319330310
509,-13.402849649173,0.255270470500,-0.372301379144,0.007090846403
510,-13.921706411905,0.279701677472,-0.386714066997,0.007769491041
511,-13.935308278839,0.258981684854,-0.387091896634,0.007193935690
512,-13.668512154374,0.244525892913,-0.379680893177,0.006792385914
513,-13.989729977346,0.278189564571,-0.388603610482,0.007727487905
514,-14.748385657437,0.303054813749,-0.409677379373,0.008418189271
515,-14.204603836861,0.242776028442,-0.394572328802,0.006743778568
516,-13.865032584751,0.248604773577,-0.385139794021,0.006905688155
517,-14.087420006477,0.293465135426,-0.391317222402,0.008151809317
518,-13.983910274894,0.265805874229,-0.388441952080,0.007383496506
519,-13.933594472842,0.236292962262,-0.387044290912,0.006563693396
520,-13.643526747220,0.233923874620,-0.378986854089,0.006497885406
521,-13.441123039138,0.294836025194,-0.373364528865,0.008189889589
522,-14.101138705989,0.242994114332,-0.391698297389,0.006749836509
523,-14.662462973360,0.240541964387,-0.407290638149,0.006681721233
524,-14.612336313291,0.223058934292,-0.405898230925,0.006196081508
525,-13.393529455465,0.311753797822,-0.372042484874,0.008659827717
526,-14.579150351934,0.237058819504,-0.404976398665,0.006584967208
527,-13.704934942057,0.567493180026,-0.380692637279,0.015763699445
528,-14.297514743696,0.272017018724,-0.397153187325,0.007556028298
529,-14.045223247191,0.232190372096,-0.390145090200,0.006449732558
530,-14.493462782289,0.258125898478,-0.402596188397,0.007170163847
531,-14.624726934485,0.263326011479,-0.406242414847,0.007314611430
532,-14.790886772443,0.247018503749,-0.410857965901,0.006861625104
533,-15.235465193755,0.311535525271,-0.423207366493,0.008653764591
534,-14.729349051057,0.229322644733,-0.409148584752,0.006370073465
535,-13.542374228600,0.311059768855,-0.376177061906,0.008640549135
536,-14.360351359643,0.236453737770,-0.398898648879,0.006568159382
537,-14.932820884786,0.259576965046,-0.414800580133,0.007210471251
538,-14.946012278266,0.222330910080,-0.415167007730,0.006175858613
539,-14.735894212619,0.263178106760,-0.409330394795,0.007310502966
540,-15.506730734896,0.259755828939,-0.430742520414,0.007215439693
541,-14.589750114839,0.226499395602,-0.405270836523,0.006291649878
542,-15.323660388958,0.231809793195,-0.425657233027,0.006439160922
543,-14.476657084166,0.249870117845,-0.402129363449,0.006940836607
544,-14.336011936244,0.253204061998,-0.398222553785,0.007033446167
545,-14.325263479080,0.250854317244,-0.397923985530,0.006968175479
546,-14.921726319581,0.234958127648,-0.414492397766,0.006526614657
547,-14.706564192593,0.217336538568,-0.408515672016,0.006037126071
548,-15.393804894701,0.244666969349,-0.427605691519,0.006796304704
549,-14.292093777232,0.249434153402,-0.397002604923,0.006928726483
550,-14.960453947782,0.256554623213,-0.415568165216,0.007126517311
551,-14.980697182962,0.222934170546,-0.416130477304,0.006192615849
552,-15.299476238235,0.234707384414,-0.424985451062,0.006519649567
553,-14.947657547871,0.239828000644,-0.415212709663,0.006661888907
554,-14.727700483021,0.239862648215,-0.409102791195,0.006662851339
555,-15.016043738914,0.239765009954,-0.417112326081,0.006660139165
556,-15.336890023782,0.237131972832,-0.426024722883,0.006586999245
557,-15.930792657002,0.243291660388,-0.442522018250,0.006758101677
558,-16.053610851757,0.232796788258,-0.445933634771,0.006466577452
559,-15.886670844493,0.223817015480,-0.441296412347,0.006217139319
560,-15.301304218192,0.233116589312,-0.425036228283,0.006475460814
561,-15.162910775292,0.251792217995,-0.421191965980,0.006994228278
562,-16.137119945584,0.250963457309,-0.448253331822,0.006971207147
563,-15.081855322956,0.248348302081,-0.418940425638,0.006898563947
564,-15.718760629285,0.244022958073,-0.436632239702,0.006778415502
565,-16.156179643895,0.248478475644,-0.448782767886,0.006902179879
566,-15.469868560819,0.248958373629,-0.429718571134,0.006915510379
567,-15.604253924902,0.242190563093,-0.433451497914,0.006727515641
568,-15.745122717184,0.267244844188,-0.437364519922,0.007423467894
569,-15.264114463158,0.244086501865,-0.424003179532,0.006780180607
570,-15.988893024075,0.396709366215,-0.444135917335,0.011019704617
571,-15.664933971416,0.236040427316,-0.435137054762,0.006556678537
572,-15.420251934947,0.231464117345,-0.428340331526,0.006429558815
573,-15.937430871273,0.229898909815,-0.442706413091,0.006386080828
574,-15.525242698766,0.273376969919,-0.431256741632,0.007593804720
575,-16.156892060435,0.247942494085,-0.448802557234,0.006887291502
576,-16.424784457993,0.242146549870,-0.456244012722,0.006726293052
577,-15.942096450433,0.259827504777,-0.442836012512,0.007217430688
578,-16.257938194973,0.265584236681,-0.451609394305,0.007377339908
579,-16.301833358401,0.235742891439,-0.452828704400,0.006548413651
580,-16.596074952889,0.258906478584,-0.461002082025,0.007191846627
581,-16.423110827101,0.234358695358,-0.456197522975,0.006509963760
582,-16.743217288743,0.304244549738,-0.465089369132,0.008451237493
583,-16.136979519166,0.228747847058,-0.448249431088,0.006354106863
584,-16.212534590402,0.260045838595,-0.450348183067,0.007223495517
585,-16.635327679967,0.242589227872,-0.462092435555,0.006738589663
586,-16.908349353784,0.228897270205,-0.469676370938,0.006358257506
587,-16.866364686719,0.213871917344,-0.468510130187,0.005940886593
588,-16.877351772672,0.220668997701,-0.468815327019,0.006129694381
589,-16.543937431998,0.217625984851,-0.459553817555,0.006045166246
590,-16.648453287053,0.224693477375,-0.462457035751,0.006241485483
591,-17.204088829181,0.238083937016,-0.477891356366,0.006613442695
592,-17.557353919429,0.242216405803,-0.487704275540,0.006728233495
593,-16.640231002045,0.226526972915,-0.462228638946,0.006292415914
594,-17.312976385307,0.243491944152,-0.480916010703,0.006763665115
595,-16.345927646145,0.243309397370,-0.454053545726,0.006758594371
596,-16.857788022584,0.282781522325,-0.468271889516,0.007855042287
597,-16.357587931795,0.210421648231,-0.454377442550,0.005845045784
598,-16.824870520637,0.266107931662,-0.467357514462,0.007391886991
599,-16.846493755070,0.225435437598,-0.467958159863,0.006262095489
