# RBM_real history | L=6 (N=36) | J1=1.0 | J2=0.5
# n_samples=10000 | n_iter=800 | diag_shift=0.01 | seed=1234
iter,energy_mean,energy_sigma,energy_per_site_mean,energy_per_site_sigma
0,107.933362823665,0.011198129510,2.998148967324,0.000311059153
1,107.873970329733,0.014572822146,2.996499175826,0.000404800615
2,107.871670637799,0.017031290799,2.996435295494,0.000473091411
3,107.808016774843,0.020372669704,2.994667132635,0.000565907492
4,107.737189780896,0.023661605425,2.992699716136,0.000657266817
5,107.688043138679,0.027035712440,2.991334531630,0.000750992012
6,107.590240515141,0.033526482088,2.988617792087,0.000931291169
7,107.468304237655,0.038433475895,2.985230673268,0.001067596553
8,107.266258163214,0.044428222223,2.979618282311,0.001234117284
9,107.077839161659,0.048293280103,2.974384421157,0.001341480003
10,106.801075099285,0.055275569386,2.966696530536,0.001535432483
11,106.507275949085,0.063127925033,2.958535443030,0.001753553473
12,106.200935381830,0.069006090690,2.950025982829,0.001916835853
13,105.758709889962,0.077760558437,2.937741941388,0.002160015512
14,105.171683972240,0.085383882811,2.921435665896,0.002371774523
15,104.602089362913,0.092779448938,2.905613593414,0.002577206915
16,103.761018272099,0.107467663718,2.882250507558,0.002985212881
17,103.310444482349,0.112582118314,2.869734568954,0.003127281064
18,102.380085345268,0.124117229320,2.843891259591,0.003447700814
19,100.954798557776,0.131514603749,2.804299959938,0.003653183437
20,99.738249351822,0.143853094400,2.770506926440,0.003995919289
21,98.253211048016,0.156379090459,2.729255862445,0.004343863624
22,97.001630831767,0.179396045985,2.694489745327,0.004983223500
23,94.955314693291,0.203234157901,2.637647630369,0.005645393275
24,92.977085352069,0.210410290910,2.582696815335,0.005844730303
25,90.493848564756,0.230919510465,2.513718015688,0.006414430846
26,88.455515002103,0.247206674730,2.457097638947,0.006866852076
27,85.284893824189,0.276891932036,2.369024828450,0.007691442557
28,82.596082756296,0.293350822545,2.294335632119,0.008148633960
29,79.622523799828,0.286121937225,2.211736772217,0.007947831590
30,76.772663224049,0.323723894814,2.132573978446,0.008992330412
31,72.938855091747,0.330886450470,2.026079308104,0.009191290291
32,69.505137991605,0.349715938185,1.930698277545,0.009714331616
33,65.996596623483,0.389453135314,1.833238795097,0.010818142648
34,62.470894083774,0.397188896902,1.735302613438,0.011033024914
35,58.821779177806,0.437247335300,1.633938310495,0.012145759314
36,55.205251469896,0.429405116135,1.533479207497,0.011927919893
37,52.055162468477,0.445262535147,1.445976735235,0.012368403754
38,47.830468774823,0.438218827607,1.328624132634,0.012172745211
39,44.347947933289,0.450424310312,1.231887442591,0.012511786398
40,41.130039884258,0.443792424723,1.142501107896,0.012327567353
41,38.519730104903,0.446703565129,1.069992502914,0.012408432365
42,35.726665714371,0.450343342923,0.992407380955,0.012509537303
43,32.175833702276,0.412122663881,0.893773158397,0.011447851774
44,29.481399316755,0.433053887570,0.818927758799,0.012029274655
45,27.226277669711,0.437663379697,0.756285490825,0.012157316103
46,24.259790052972,0.413184223193,0.673883057027,0.011477339533
47,23.223417644423,0.435289323450,0.645094934567,0.012091370096
48,21.081552201270,0.421663527065,0.585598672257,0.011712875752
49,20.230326116584,0.429701074984,0.561953503238,0.011936140972
50,16.390278796478,0.365038987357,0.455285522124,0.010139971871
51,15.121858538693,0.388468049263,0.420051626075,0.010790779146
52,13.471532291558,0.379901756212,0.374209230321,0.010552826561
53,11.719977744674,0.381346768508,0.325554937352,0.010592965792
54,10.375317260516,0.333544310654,0.288203257237,0.009265119740
55,9.494172891343,0.365778143516,0.263727024760,0.010160503987
56,8.238724220844,0.349551177488,0.228853450579,0.009709754930
57,7.662383137134,0.362775768824,0.212843976031,0.010077104690
58,6.689472698003,0.346070061466,0.185818686056,0.009613057263
59,4.738186096937,0.321209103425,0.131616280470,0.008922475095
60,3.749835514314,0.315907562318,0.104162097620,0.008775210064
61,2.360358949587,0.300982446577,0.065565526377,0.008360623516
62,2.209940719182,0.337342690445,0.061387242199,0.009370630290
63,1.201201100122,0.341611316902,0.033366697226,0.009489203247
64,0.406132987667,0.289006417288,0.011281471880,0.008027956036
65,-0.178655568405,0.314457521044,-0.004962654678,0.008734931140
66,-1.310231630896,0.363130557275,-0.036395323080,0.010086959924
67,-1.927344898860,0.291681613560,-0.053537358302,0.008102267043
68,-1.930342464733,0.334573301485,-0.053620624020,0.009293702819
69,-2.601097544973,0.281308509085,-0.072252709583,0.007814125252
70,-3.492900633838,0.310904427331,-0.097025017607,0.008636234093
71,-3.898844830761,0.281060462389,-0.108301245299,0.007807235066
72,-4.316680837391,0.262499501778,-0.119907801039,0.007291652827
73,-4.797223718700,0.260671855390,-0.133256214408,0.007240884872
74,-5.611072382257,0.286888947033,-0.155863121729,0.007969137418
75,-6.707895297648,0.237841931114,-0.186330424935,0.006606720309
76,-7.017972104918,0.248376302546,-0.194943669581,0.006899341737
77,-7.072715019417,0.286992890495,-0.196464306095,0.007972024736
78,-7.225615721751,0.268597304730,-0.200711547826,0.007461036243
79,-7.724887496701,0.249513769985,-0.214580208242,0.006930938055
80,-8.497567841446,0.245099325958,-0.236043551151,0.006808314610
81,-8.376210825442,0.318956323731,-0.232672522929,0.008859897881
82,-9.540813966854,0.210061382935,-0.265022610190,0.005835038415
83,-9.590865372978,0.303158208055,-0.266412927027,0.008421061335
84,-9.841748672078,0.256608370097,-0.273381907558,0.007128010280
85,-9.766187204718,0.247289208650,-0.271282977909,0.006869144685
86,-10.539255650547,0.213724662568,-0.292757101404,0.005936796182
87,-10.209562724126,0.264107661053,-0.283598964559,0.007336323918
88,-10.481672120742,0.214320893831,-0.291157558910,0.005953358162
89,-11.116545082956,0.265295095839,-0.308792918971,0.007369308218
90,-11.869014464785,0.180401676475,-0.329694846244,0.005011157680
91,-11.919008534517,0.216649355007,-0.331083570403,0.006018037639
92,-11.212851954192,0.429518445621,-0.311468109839,0.011931067934
93,-11.731755813408,0.357497383494,-0.325882105928,0.009930482875
94,-12.410483109618,0.310753654726,-0.344735641934,0.008632045965
95,-12.913267531058,0.212412044790,-0.358701875863,0.005900334578
96,-12.680280528252,0.221921044782,-0.352230014674,0.006164473466
97,-13.723561843510,0.190195014442,-0.381210051209,0.005283194846
98,-13.449596307794,0.199220778203,-0.373599897439,0.005533910506
99,-13.817946545275,0.241294033603,-0.383831848480,0.006702612045
100,-14.238966631754,0.207193091675,-0.395526850882,0.005755363658
101,-14.088170160011,0.204488589209,-0.391338060000,0.005680238589
102,-14.131057488003,0.213789732268,-0.392529374667,0.005938603674
103,-14.842364365322,0.184297542193,-0.412287899037,0.005119376172
104,-14.981580071619,0.187270603514,-0.416155001989,0.005201961209
105,-15.250425941597,0.201154437202,-0.423622942822,0.005587623256
106,-15.840417972620,0.196753886556,-0.440011610351,0.005465385738
107,-15.830494717083,0.192135484246,-0.439735964363,0.005337096785
108,-15.813516275726,0.186650799957,-0.439264340992,0.005184744443
109,-15.725244009903,0.198878368825,-0.436812333608,0.005524399134
110,-16.335002649995,0.201840986465,-0.453750073611,0.005606694068
111,-15.941176264807,0.218735945173,-0.442810451800,0.006075998477
112,-16.402280535706,0.260556455959,-0.455618903770,0.007237679332
113,-16.569938949680,0.234688437877,-0.460276081936,0.006519123274
114,-16.836694737804,0.174421151386,-0.467685964939,0.004845031983
115,-16.788658139740,0.192275890121,-0.466351614993,0.005340996948
116,-17.163546723300,0.171760804011,-0.476765186758,0.004771133445
117,-17.362428224411,0.192767106039,-0.482289672900,0.005354641834
118,-17.365394534747,0.174632211185,-0.482372070410,0.004850894755
119,-17.520244269470,0.163132794572,-0.486673451930,0.004531466516
120,-17.885844169843,0.177233920812,-0.496829004718,0.004923164467
121,-17.846667195249,0.171637691294,-0.495740755424,0.004767713647
122,-18.232549212531,0.167289011791,-0.506459700348,0.004646916994
123,-17.533745046584,0.296930912899,-0.487048473516,0.008248080914
124,-18.172299603944,0.170949696033,-0.504786100110,0.004748602668
125,-18.173304976849,0.156560782064,-0.504814027135,0.004348910613
126,-18.654086503866,0.166596717794,-0.518169069552,0.004627686605
127,-18.195448066908,0.156244442929,-0.505429112970,0.004340123415
128,-18.654720839188,0.174941560864,-0.518186689977,0.004859487802
129,-18.729416467058,0.150701251900,-0.520261568529,0.004186145886
130,-19.012064714495,0.148605962896,-0.528112908736,0.004127943414
131,-18.806674015947,0.193976500344,-0.522407611554,0.005388236121
132,-18.933390672814,0.155776447637,-0.525927518689,0.004327123545
133,-19.144655299889,0.179494291621,-0.531795980552,0.004985952545
134,-19.741971242674,0.165618947646,-0.548388090074,0.004600526323
135,-19.417042959460,0.168932670547,-0.539362304429,0.004692574182
136,-18.942960753785,0.473204592345,-0.526193354272,0.013144572010
137,-19.870072577878,0.148020852761,-0.551946460497,0.004111690354
138,-19.626751347827,0.156120210598,-0.545187537440,0.004336672517
139,-19.979849103041,0.162837363981,-0.554995808418,0.004523260111
140,-19.366726631658,0.157063318605,-0.537964628657,0.004362869961
141,-19.460204830426,0.150798220816,-0.540561245290,0.004188839467
142,-20.043892825158,0.153937573258,-0.556774800699,0.004276043702
143,-19.635731345152,0.198797984159,-0.545436981810,0.005522166227
144,-20.000552358665,0.163718519848,-0.555570898852,0.004547736662
145,-20.215954764184,0.224975992706,-0.561554299005,0.006249333131
146,-20.352298459979,0.159664142452,-0.565341623888,0.004435115068
147,-20.861011507358,0.146894882814,-0.579472541871,0.004080413412
148,-20.693869686478,0.145816881173,-0.574829713513,0.004050468921
149,-20.513747729011,0.145741560622,-0.569826325806,0.004048376684
150,-20.672954788810,0.140070193183,-0.574248744134,0.003890838700
151,-20.717418807574,0.212112474468,-0.575483855766,0.005892013180
152,-20.859910812693,0.150898114986,-0.579441967019,0.004191614305
153,-20.697571528916,0.187674495503,-0.574932542470,0.005213180431
154,-20.838647392884,0.157866564189,-0.578851316469,0.004385182339
155,-21.193253310271,0.180423438678,-0.588701480841,0.005011762185
156,-21.072354299670,0.185211138056,-0.585343174991,0.005144753835
157,-21.451319418194,0.148434672312,-0.595869983839,0.004123185342
158,-21.088353351387,0.145146947285,-0.585787593094,0.004031859647
159,-21.153223688197,0.153394725268,-0.587589546894,0.004260964591
160,-21.240465162209,0.148679991871,-0.590012921172,0.004129999774
161,-21.395233052029,0.167488005679,-0.594312029223,0.004652444602
162,-21.917026578111,0.131429342058,-0.608806293836,0.003650815057
163,-21.817422208758,0.140399578666,-0.606039505799,0.003899988296
164,-21.923967317310,0.153556660885,-0.608999092147,0.004265462802
165,-21.886112697976,0.166632344355,-0.607947574944,0.004628676232
166,-22.452685559089,0.143505590537,-0.623685709975,0.003986266404
167,-22.043491674701,0.142526053414,-0.612319213186,0.003959057039
168,-22.358918253536,0.142211379527,-0.621081062598,0.003950316098
169,-21.826021235099,0.210682560057,-0.606278367642,0.005852293335
170,-22.198946296724,0.154196523070,-0.616637397131,0.004283236752
171,-21.974725159983,0.158679850128,-0.610409032222,0.004407773615
172,-21.967078194148,0.157208334289,-0.610196616504,0.004366898175
173,-22.617815127513,0.218017003983,-0.628272642431,0.006056027888
174,-22.642897222525,0.157780596634,-0.628969367292,0.004382794351
175,-22.529367341603,0.293664571345,-0.625815759489,0.008157349204
176,-22.792683704308,0.183719147999,-0.633130102897,0.005103309667
177,-23.325254249196,0.138501692792,-0.647923729144,0.003847269244
178,-23.405313300491,0.133554870432,-0.650147591680,0.003709857512
179,-23.495096572859,0.138680251083,-0.652641571468,0.003852229197
180,-23.160304358103,0.169874182398,-0.643341787725,0.004718727289
181,-23.813710598632,0.135058261300,-0.661491961073,0.003751618369
182,-23.775179009705,0.136420863466,-0.660421639158,0.003789468430
183,-24.022359089229,0.170464448219,-0.667287752479,0.004735123562
184,-23.738927597935,0.152490616718,-0.659414655498,0.004235850464
185,-23.865817562590,0.197947499437,-0.662939376739,0.005498541651
186,-23.114975694911,0.249397228396,-0.642082658192,0.006927700789
187,-23.957954822907,0.158478375172,-0.665498745081,0.004402177088
188,-23.867344748958,0.176702597063,-0.662981798582,0.004908405474
189,-23.463661847948,0.153509230923,-0.651768384665,0.004264145303
190,-23.747475362712,0.161013017420,-0.659652093409,0.004472583817
191,-23.871346400145,0.164722539581,-0.663092955560,0.004575626099
192,-23.756194915763,0.221511818130,-0.659894303216,0.006153106059
193,-23.946270328398,0.163225357571,-0.665174175789,0.004534037710
194,-23.600899933293,0.155332459266,-0.655580553703,0.004314790535
195,-24.384406528672,0.155168360353,-0.677344625796,0.004310232232
196,-24.911981912150,0.152225354301,-0.691999497560,0.004228482064
197,-24.040862034041,0.192056985615,-0.667801723168,0.005334916267
198,-24.348353738673,0.145872784534,-0.676343159408,0.004052021793
199,-24.369830097801,0.154854716990,-0.676939724939,0.004301519916
200,-25.043184119315,0.140914729175,-0.695644003314,0.003914298033
201,-24.878327181398,0.162410640994,-0.691064643928,0.004511406694
202,-24.737191272689,0.144898925296,-0.687144202019,0.004024970147
203,-24.582983135346,0.177766318658,-0.682860642649,0.004937953296
204,-24.949120666874,0.136336716303,-0.693031129635,0.003787131008
205,-25.165954421360,0.189301726107,-0.699054289482,0.005258381281
206,-25.177071388569,0.141053060753,-0.699363094127,0.003918140576
207,-24.915426426369,0.160451025932,-0.692095178510,0.004456972943
208,-25.547331281754,0.130740996751,-0.709648091160,0.003631694354
209,-25.672391040086,0.129424655916,-0.713121973336,0.003595129331
210,-25.341726382551,0.211879129079,-0.703936843960,0.005885531363
211,-25.608835500499,0.159156520238,-0.711356541681,0.004421014451
212,-25.592965635641,0.155290458999,-0.710915712101,0.004313623861
213,-26.070599298050,0.151633171783,-0.724183313835,0.004212032550
214,-25.933174918528,0.142099097274,-0.720365969959,0.003947197147
215,-25.735465086248,0.147783931254,-0.714874030174,0.004105109201
216,-25.640620382307,0.150075170558,-0.712239455064,0.004168754738
217,-26.353945621937,0.134143909400,-0.732054045054,0.003726219706
218,-25.992566745654,0.146206619278,-0.722015742935,0.004061294980
219,-26.325259053348,0.141821502043,-0.731257195926,0.003939486168
220,-26.421714781659,0.135942093735,-0.733936521713,0.003776169270
221,-26.346989432060,0.154763491296,-0.731860817557,0.004298985869
222,-26.292627283807,0.138697996009,-0.730350757884,0.003852722111
223,-26.691591435999,0.150296711839,-0.741433095444,0.004174908662
224,-26.066169078374,0.165763775345,-0.724060252177,0.004604549315
225,-26.460911367793,0.132729933755,-0.735025315772,0.003686942604
226,-26.132818088276,0.144555135209,-0.725911613563,0.004015420422
227,-26.224280321877,0.181720296138,-0.728452231163,0.005047786004
228,-26.481347188049,0.140362863116,-0.735592977446,0.003898968420
229,-26.618305555896,0.137067622623,-0.739397376553,0.003807433962
230,-26.667087753401,0.177118194057,-0.740752437594,0.004919949835
231,-27.078720800834,0.133373480734,-0.752186688912,0.003704818909
232,-26.942003218906,0.131439011956,-0.748388978303,0.003651083665
233,-26.891475670251,0.156369715198,-0.746985435285,0.004343603200
234,-26.906410374738,0.121370147725,-0.747400288187,0.003371392992
235,-27.194191867210,0.127784122160,-0.755394218534,0.003549558949
236,-26.518061543450,0.236576306927,-0.736612820651,0.006571564081
237,-27.569999036526,0.110364396480,-0.765833306570,0.003065677680
238,-26.820790964837,0.155479577281,-0.745021971245,0.004318877147
239,-27.319418781113,0.111698480116,-0.758872743920,0.003102735559
240,-26.740057509891,0.182082387428,-0.742779375275,0.005057844095
241,-27.248769745589,0.119059378535,-0.756910270711,0.003307204959
242,-27.373409996074,0.113911405140,-0.760372499891,0.003164205698
243,-26.966481474430,0.140667346916,-0.749068929845,0.003907426303
244,-27.303115446622,0.117240228888,-0.758419873517,0.003256673025
245,-27.520606490422,0.123730625233,-0.764461291401,0.003436961812
246,-27.195205415930,0.142169096480,-0.755422372665,0.003949141569
247,-26.822731257398,0.430176952296,-0.745075868261,0.011949359786
248,-27.080033244303,0.133266831822,-0.752223145675,0.003701856440
249,-27.271836194138,0.123112179988,-0.757551005393,0.003419782777
250,-27.610403970058,0.108773450915,-0.766955665835,0.003021484748
251,-27.688947432244,0.119417711473,-0.769137428673,0.003317158652
252,-27.503086676404,0.191164257214,-0.763974629900,0.005310118256
253,-27.403992614510,0.118986677188,-0.761222017070,0.003305185477
254,-27.521035473774,0.122014982043,-0.764473207605,0.003389305057
255,-27.482483887777,0.116918566237,-0.763402330216,0.003247737951
256,-27.589160659591,0.114633995469,-0.766365573878,0.003184277652
257,-27.443004962175,0.122964641624,-0.762305693394,0.003415684490
258,-27.652713215786,0.109660491904,-0.768130922661,0.003046124775
259,-27.498570918920,0.146280089442,-0.763849192192,0.004063335818
260,-27.451304892379,0.120946015733,-0.762536247011,0.003359611548
261,-27.880445467269,0.103189751466,-0.774456818535,0.002866381985
262,-27.856063163497,0.108118921548,-0.773779532319,0.003003303376
263,-27.645545101199,0.121930230788,-0.767931808367,0.003386950855
264,-27.531829182387,0.121156340993,-0.764773032844,0.003365453916
265,-27.639461990191,0.125103164693,-0.767762833061,0.003475087908
266,-27.896247137780,0.104829005880,-0.774895753827,0.002911916830
267,-27.838960137100,0.205175601879,-0.773304448253,0.005699322274
268,-27.701599488440,0.107515004145,-0.769488874679,0.002986527893
269,-27.969272258640,0.116932623127,-0.776924229407,0.003248128420
270,-27.822388165108,0.106426556039,-0.772844115697,0.002956293223
271,-28.012506742864,0.144167310913,-0.778125187302,0.004004647525
272,-27.757512912516,0.110923236869,-0.771042025348,0.003081201024
273,-27.878070335843,0.127205587582,-0.774390842662,0.003533488544
274,-27.985768301835,0.099500556811,-0.777382452829,0.002763904356
275,-27.889645244205,0.106627342639,-0.774712367895,0.002961870629
276,-28.162951749436,0.097565922860,-0.782304215262,0.002710164524
277,-28.155213077296,0.096157959244,-0.782089252147,0.002671054423
278,-27.575877021165,0.151287989169,-0.765996583921,0.004202444144
279,-28.404353945074,0.090351187804,-0.789009831808,0.002509755217
280,-28.043934600805,0.122595787888,-0.778998183356,0.003405438552
281,-28.097679232597,0.138096888912,-0.780491089794,0.003836024692
282,-28.075720810753,0.101822480075,-0.779881133632,0.002828402224
283,-28.070541196969,0.168708395879,-0.779737255471,0.004686344330
284,-27.923563078546,0.394845195338,-0.775654529960,0.010967922093
285,-27.752915645145,0.162468641154,-0.770914323476,0.004513017810
286,-28.288527051221,0.091822524891,-0.785792418089,0.002550625691
287,-27.787969561865,0.115896689565,-0.771888043385,0.003219352488
288,-28.564942643053,0.087203355338,-0.793470628974,0.002422315426
289,-28.345424879495,0.095208101114,-0.787372913319,0.002644669475
290,-28.505196780138,0.084462776908,-0.791811021671,0.002346188247
291,-28.601897291375,0.086749411881,-0.794497146983,0.002409705886
292,-28.797549332609,0.077158253169,-0.799931925906,0.002143284810
293,-28.396754672109,0.113776188111,-0.788798740892,0.003160449670
294,-28.467346887785,0.093085214600,-0.790759635772,0.002585700406
295,-28.327662390888,0.267030064639,-0.786879510858,0.007417501796
296,-28.354428790626,0.215093920288,-0.787623021962,0.005974831119
297,-28.392270049953,0.099357432671,-0.788674168054,0.002759928685
298,-28.578227732407,0.088619016706,-0.793839659234,0.002461639353
299,-28.567271174922,0.088443543730,-0.793535310415,0.002456765104
300,-28.593035083105,0.085165183523,-0.794250974531,0.002365699542
301,-28.212016150854,0.105172068115,-0.783667115301,0.002921446337
302,-28.621652220902,0.090003671144,-0.795045895025,0.002500101976
303,-28.977059945177,0.072413909735,-0.804918331810,0.002011497493
304,-28.790572352309,0.081697052855,-0.799738120897,0.002269362579
305,-28.787478701649,0.076399382561,-0.799652186157,0.002122205071
306,-28.856922969815,0.079753649256,-0.801581193606,0.002215379146
307,-28.732819301591,0.080533706043,-0.798133869489,0.002237047390
308,-28.466058957133,0.104594618626,-0.790723859920,0.002905406073
309,-28.618028028483,0.082893915271,-0.794945223013,0.002302608758
310,-28.629460477714,0.089946415926,-0.795262791048,0.002498511554
311,-28.676014453915,0.080418335555,-0.796555957053,0.002233842654
312,-28.716624348635,0.081679401191,-0.797684009684,0.002268872255
313,-28.950101053067,0.076351596390,-0.804169473696,0.002120877677
314,-28.671632661121,0.139941800750,-0.796434240587,0.003887272243
315,-28.885177159074,0.149177087397,-0.802366032197,0.004143807983
316,-28.802213057951,0.082702451499,-0.800061473832,0.002297290319
317,-28.587673900599,0.092901691337,-0.794102052794,0.002580602537
318,-28.861019797664,0.137821131020,-0.801694994380,0.003828364751
319,-29.020926476741,0.074510978896,-0.806136846576,0.002069749414
320,-29.111545412922,0.069989680489,-0.808654039248,0.001944157791
321,-28.767420208595,0.086520671586,-0.799095005794,0.002403351989
322,-28.886708118874,0.076057543862,-0.802408558858,0.002112709552
323,-28.513733454387,0.300235263118,-0.792048151511,0.008339868420
324,-28.812692894064,0.080853746365,-0.800352580391,0.002245937399
325,-28.955211505244,0.073330261926,-0.804311430701,0.002036951720
326,-29.130408143656,0.068664642740,-0.809178003990,0.001907351187
327,-28.904672244333,0.089979406457,-0.802907562343,0.002499427957
328,-29.178907840056,0.071782689537,-0.810525217779,0.001993963598
329,-28.874270028407,0.079474537743,-0.802063056345,0.002207626048
330,-29.087721783279,0.070849141085,-0.807992271758,0.001968031697
331,-28.816664340892,0.160604880531,-0.800462898358,0.004461246681
332,-29.222148433839,0.064287848612,-0.811726345384,0.001785773573
333,-29.252502686012,0.064281109224,-0.812569519056,0.001785586367
334,-28.864167526458,0.197033755017,-0.801782431290,0.005473159862
335,-29.290072702157,0.060378068446,-0.813613130615,0.001677168568
336,-29.089135375139,0.076459476952,-0.808031538198,0.002123874360
337,-29.138458958042,0.071269752779,-0.809401637723,0.001979715355
338,-29.369233722072,0.059433491791,-0.815812047835,0.001650930328
339,-29.181273309479,0.071604142632,-0.810590925263,0.001989003962
340,-29.149567212677,0.068808440765,-0.809710200352,0.001911345577
341,-29.222267284367,0.065914131379,-0.811729646788,0.001830948094
342,-29.070142857699,0.074353618799,-0.807503968269,0.002065378300
343,-29.165111533367,0.070755092065,-0.810141987038,0.001965419224
344,-29.514136680099,0.045021418350,-0.819837130003,0.001250594954
345,-29.422035700188,0.057288950779,-0.817278769450,0.001591359744
346,-29.305685905692,0.064038874544,-0.814046830714,0.001778857626
347,-29.472588270722,0.057591397880,-0.818683007520,0.001599761052
348,-29.439858743920,0.057942671233,-0.817773853998,0.001609518645
349,-29.455336800857,0.053008452141,-0.818203800024,0.001472457004
350,-29.485559513280,0.059543469271,-0.819043319813,0.001653985258
351,-28.673355534870,0.807590234822,-0.796482098191,0.022433062078
352,-29.407305452286,0.059028978933,-0.816869595897,0.001639693859
353,-29.431405862186,0.063875342792,-0.817539051727,0.001774315078
354,-29.525801916577,0.071573898528,-0.820161164349,0.001988163848
355,-29.391056524936,0.067676306515,-0.816418236804,0.001879897403
356,-29.566581335035,0.043400391452,-0.821293925973,0.001205566429
357,-29.578139902551,0.056694596703,-0.821614997293,0.001574849908
358,-29.606746482442,0.046747150212,-0.822409624512,0.001298531950
359,-29.588294023504,0.050213042011,-0.821897056208,0.001394806723
360,-29.627972294090,0.041564555121,-0.822999230391,0.001154570976
361,-29.575767027681,0.051906549337,-0.821549084102,0.001441848593
362,-29.714896642269,0.031801208154,-0.825413795619,0.000883366893
363,-29.483966738193,0.064887474647,-0.818999076061,0.001802429851
364,-29.356046404780,0.065706298016,-0.815445733466,0.001825174945
365,-29.358724396282,0.073704459471,-0.815520122119,0.002047346096
366,-29.426453474401,0.073076713138,-0.817401485400,0.002029908698
367,-29.522304410344,0.061243009117,-0.820064011398,0.001701194698
368,-29.492540681093,0.053657481051,-0.819237241141,0.001490485585
369,-29.619404541176,0.049130896048,-0.822761237255,0.001364747112
370,-29.586933875183,0.076826560384,-0.821859274311,0.002134071122
371,-29.550535988141,0.058122885233,-0.820848221893,0.001614524590
372,-29.701774707523,0.044309159541,-0.825049297431,0.001230809987
373,-29.513232315430,0.077950960063,-0.819812008762,0.002165304446
374,-29.371367052127,0.079723604183,-0.815871307004,0.002214544561
375,-29.547288445095,0.052397787007,-0.820758012364,0.001455494084
376,-29.629340884940,0.062702140416,-0.823037246804,0.001741726123
377,-29.746473270214,0.059505607767,-0.826290924173,0.001652933549
378,-29.693825336972,0.057267366250,-0.824828481583,0.001590760174
379,-29.769428762025,0.031902977269,-0.826928576723,0.000886193813
380,-29.776118324765,0.038160475295,-0.827114397910,0.001060013203
381,-29.739387140661,0.051212389195,-0.826094087241,0.001422566367
382,-29.440662908785,0.132531171776,-0.817796191911,0.003681421438
383,-29.776745078862,0.056336687164,-0.827131807746,0.001564907977
384,-29.864642718502,0.027445500503,-0.829573408847,0.000762375014
385,-29.817413748316,0.027988886526,-0.828261493009,0.000777469070
386,-29.746291887093,0.058761564917,-0.826285885753,0.001632265692
387,-29.781165791911,0.043567753001,-0.827254605331,0.001210215361
388,-29.554666612813,0.064930470116,-0.820962961467,0.001803624170
389,-29.650685904892,0.054505288114,-0.823630164025,0.001514035781
390,-29.756564679043,0.038600217589,-0.826571241085,0.001072228266
391,-29.685027165227,0.062520382622,-0.824584087923,0.001736677295
392,-29.665489255063,0.084425764838,-0.824041368196,0.002345160134
393,-29.814825118044,0.030896637420,-0.828189586612,0.000858239928
394,-29.912026007822,0.026630734595,-0.830889611328,0.000739742628
395,-29.804521809732,0.113964787749,-0.827903383604,0.003165688549
396,-29.844115944161,0.027037004491,-0.829003220671,0.000751027903
397,-29.833849815073,0.084569855919,-0.828718050419,0.002349162664
398,-29.956511634393,0.012088834224,-0.832125323178,0.000335800951
399,-29.942589425961,0.016031897652,-0.831738595166,0.000445330490
400,-29.918717591474,0.036877924050,-0.831075488652,0.001024386779
401,-29.970559614289,0.002831230262,-0.832515544841,0.000078645285
402,-29.897909620437,0.026888464499,-0.830497489457,0.000746901792
403,-29.938107563996,0.015634560771,-0.831614099000,0.000434293355
404,-29.941998288588,0.017203806559,-0.831722174683,0.000477883516
405,-29.974587750451,0.002957916522,-0.832627437513,0.000082164348
406,-29.631143387268,0.247289504729,-0.823087316313,0.006869152909
407,-29.886799554178,0.021121976907,-0.830188876505,0.000586721581
408,-29.866520869648,0.025403036153,-0.829625579712,0.000705639893
409,-29.895880967438,0.018654045502,-0.830441137984,0.000518167931
410,-29.842450315863,0.051562624370,-0.828956953218,0.001432295121
411,-29.886712934199,0.022432192132,-0.830186470394,0.000623116448
412,-29.890465156855,0.019866563904,-0.830290698802,0.000551848997
413,-29.923212190978,0.016695304720,-0.831200338638,0.000463758464
414,-29.935471755045,0.011971670209,-0.831540882085,0.000332546395
415,-29.888157324030,0.024861122646,-0.830226592334,0.000690586740
416,-29.942417933265,0.014154637472,-0.831733831480,0.000393184374
417,-29.912977758055,0.016311891857,-0.830916048835,0.000453108107
418,-29.879793751766,0.022852700229,-0.829994270882,0.000634797229
419,-29.923370304175,0.014454045620,-0.831204730672,0.000401501267
420,-29.896728798528,0.024327117067,-0.830464688848,0.000675753252
421,-29.760415902244,0.148837225160,-0.826678219507,0.004134367366
422,-29.850026422732,0.092338320931,-0.829167400631,0.002564953359
423,-29.918368751952,0.022559049870,-0.831065798665,0.000626640274
424,-29.978873846547,0.003673481972,-0.832746495737,0.000102041166
425,-29.962912115709,0.011369284531,-0.832303114325,0.000315813459
426,-29.971524054072,0.005247703549,-0.832542334835,0.000145769543
427,-29.945201487375,0.015137308920,-0.831811152427,0.000420480803
428,-29.942343210350,0.036933092736,-0.831731755843,0.001025919243
429,-29.966508615709,0.008587877378,-0.832403017103,0.000238552149
430,-29.963230478611,0.009125756700,-0.832311957739,0.000253493242
431,-29.977495430821,0.002403715223,-0.832708206412,0.000066769867
432,-29.968880400007,0.003691066363,-0.832468900000,0.000102529621
433,-29.971881824583,0.007057216506,-0.832552272905,0.000196033792
434,-29.980719147869,0.000574835326,-0.832797754107,0.000015967648
435,-29.973745169426,0.007281008171,-0.832604032484,0.000202250227
436,-29.894529114402,0.025902074654,-0.830403586511,0.000719502074
437,-29.877654682712,0.071254630748,-0.829934852298,0.001979295299
438,-29.940962877866,0.013103188141,-0.831693413274,0.000363977448
439,-29.931063233262,0.015945585471,-0.831418423146,0.000442932930
440,-29.948984120880,0.010351562674,-0.831916225580,0.000287543408
441,-29.924734454186,0.018814253373,-0.831242623727,0.000522618149
442,-29.952092003226,0.007811680109,-0.832002555645,0.000216991114
443,-29.944586694751,0.016199712183,-0.831794074854,0.000449992005
444,-29.912764667872,0.020510618322,-0.830910129663,0.000569739398
445,-29.870909534794,0.026735197819,-0.829747487078,0.000742644384
446,-29.941433733227,0.011008533329,-0.831706492590,0.000305792592
447,-29.930848967598,0.013770676652,-0.831412471322,0.000382518796
448,-29.952483296183,0.011895125560,-0.832013424894,0.000330420154
449,-29.929757729635,0.016279593843,-0.831382159157,0.000452210940
450,-29.949298967217,0.012708564090,-0.831924971312,0.000353015669
451,-29.940325872421,0.015382610411,-0.831675718678,0.000427294734
452,-29.932113118282,0.016978409271,-0.831447586619,0.000471622480
453,-29.964729939035,0.007000704021,-0.832353609418,0.000194464001
454,-29.964220386858,0.008095895962,-0.832339455190,0.000224885999
455,-29.947206280612,0.010642276336,-0.831866841128,0.000295618787
456,-29.953713862362,0.011213082400,-0.832047607288,0.000311474511
457,-29.942342099496,0.017901910376,-0.831731724986,0.000497275288
458,-29.956416153667,0.008277079208,-0.832122670935,0.000229918867
459,-29.951433055268,0.013831996832,-0.831984251535,0.000384222134
460,-29.958907405420,0.009045934671,-0.832191872373,0.000251275963
461,-29.949785333308,0.014978546297,-0.831938481481,0.000416070730
462,-29.963887871006,0.009887486134,-0.832330218639,0.000274652393
463,-29.808749008906,0.036084448052,-0.828020805803,0.001002345779
464,-29.970978600462,0.006371210751,-0.832527183346,0.000176978076
465,-29.948905143602,0.011646665304,-0.831914031767,0.000323518481
466,-29.947426571640,0.010870477990,-0.831872960323,0.000301957722
467,-29.956375362856,0.011237066447,-0.832121537857,0.000312140735
468,-29.311714764395,0.680851486920,-0.814214299011,0.018912541303
469,-29.944687167567,0.013931982633,-0.831796865766,0.000386999518
470,-29.957153036446,0.013362294250,-0.832143139901,0.000371174840
471,-29.980051653956,0.001872778403,-0.832779212610,0.000052021622
472,-29.951332033568,0.011596016575,-0.831981445377,0.000322111572
473,-29.973977657751,0.004067038948,-0.832610490493,0.000112973304
474,-29.971051351828,0.009295475274,-0.832529204217,0.000258207646
475,-29.925055406248,0.018860307838,-0.831251539062,0.000523897440
476,-29.822654333765,0.033264324802,-0.828407064827,0.000924009022
477,-29.893049788470,0.025359185708,-0.830362494124,0.000704421825
478,-29.854009998619,0.030392275239,-0.829278055517,0.000844229868
479,-29.698742557063,0.046037035377,-0.824965071030,0.001278806538
480,-29.367570359731,0.421187804254,-0.815765843326,0.011699661229
481,-29.864774243500,0.029913097135,-0.829577062319,0.000830919365
482,-29.974211182051,0.005985663112,-0.832616977279,0.000166268420
483,-29.865591415684,0.097148370272,-0.829599761547,0.002698565841
484,-29.863559195659,0.029876376458,-0.829543310991,0.000829899346
485,-29.686787334936,0.046758518240,-0.824632981526,0.001298847729
486,-29.918936115039,0.023197988145,-0.831081558751,0.000644388560
487,-29.871039074435,0.029432688584,-0.829751085401,0.000817574683
488,-29.773609246931,0.069001502019,-0.827044701304,0.001916708389
489,-29.837809401563,0.034683286674,-0.828828038932,0.000963424630
490,-29.772125936828,0.067249963197,-0.827003498245,0.001868054533
491,-29.959025759207,0.015287548796,-0.832195159978,0.000424654133
492,-29.843747236893,0.033362052889,-0.828992978803,0.000926723691
493,-29.914247483811,0.022662825501,-0.830951318995,0.000629522931
494,-29.746867166160,0.042498229510,-0.826301865727,0.001180506375
495,-29.585408340560,0.275128471786,-0.821816898349,0.007642457550
496,-29.854213900130,0.032051304669,-0.829283719448,0.000890314019
497,-29.828017497941,0.034063557726,-0.828556041609,0.000946209937
498,-29.956465206752,0.015307485642,-0.832124033521,0.000425207935
499,-29.756065266826,0.041355016601,-0.826557368523,0.001148750461
500,-29.813640496408,0.036768683018,-0.828156680456,0.001021352306
501,-29.890544000514,0.027151442720,-0.830292888903,0.000754206742
502,-29.968274003442,0.009207259586,-0.832452055651,0.000255757211
503,-29.755647963356,0.040892044079,-0.826545776760,0.001135890113
504,-29.920444836754,0.022922492763,-0.831123467688,0.000636735910
505,-29.972323612568,0.011377899560,-0.832564544794,0.000316052766
506,-29.963504253430,0.010103424262,-0.832319562595,0.000280650674
507,-29.978443616777,0.005445009329,-0.832734544910,0.000151250259
508,-29.902127387890,0.025421394390,-0.830614649664,0.000706149844
509,-29.929457548018,0.020016629095,-0.831373820778,0.000556017475
510,-29.970169608408,0.007934080158,-0.832504711345,0.000220391116
511,-29.855052663627,0.031498721273,-0.829307018434,0.000874964480
512,-29.782042173339,0.039341884789,-0.827278949259,0.001092830133
513,-29.926984995333,0.020347005440,-0.831305138759,0.000565194596
514,-29.897860013743,0.024202458639,-0.830496111493,0.000672290518
515,-29.647957694660,0.049301004367,-0.823554380407,0.001369472344
516,-29.701961905176,0.059740574997,-0.825054497366,0.001659460417
517,-29.969562885603,0.010152497907,-0.832487857933,0.000282013831
518,-29.981457708996,0.007347737120,-0.832818269694,0.000204103809
519,-29.982691697282,0.005539786057,-0.832852547147,0.000153882946
520,-29.817261049447,0.146001536278,-0.828257251374,0.004055598230
521,-29.801587209718,0.037950011802,-0.827821866937,0.001054166995
522,-29.864186778408,0.030747698209,-0.829560743845,0.000854102728
523,-29.939668663620,0.018231550960,-0.831657462878,0.000506431971
524,-29.954099866349,0.016155799042,-0.832058329621,0.000448772196
525,-29.972633968956,0.010258208366,-0.832573165804,0.000284950232
526,-29.863674906797,0.031681585700,-0.829546525189,0.000880044047
527,-29.964682360448,0.010387239657,-0.832352287790,0.000288534435
528,-29.969173290598,0.008246370509,-0.832477035850,0.000229065847
529,-29.971969237050,0.009419573618,-0.832554701029,0.000261654823
530,-29.971417068868,0.008088543577,-0.832539363024,0.000224681766
531,-29.929694623207,0.019869581535,-0.831380406200,0.000551932820
532,-29.956582439829,0.021193082130,-0.832127289995,0.000588696726
533,-29.978409697134,0.004210272795,-0.832733602698,0.000116952022
534,-29.858471647075,0.032201281786,-0.829401990197,0.000894480050
535,-29.969213622689,0.010495303675,-0.832478156186,0.000291536213
536,-29.748593520673,0.042815511634,-0.826349820019,0.001189319768
537,-29.984513339415,0.003652325630,-0.832903148317,0.000101453490
538,-29.985237556944,0.001284551233,-0.832923265471,0.000035681979
539,-29.862305967667,0.032060742035,-0.829508499102,0.000890576168
540,-29.942623930931,0.016472195811,-0.831739553637,0.000457560995
541,-29.903025877459,0.026740223925,-0.830639607707,0.000742783998
542,-29.982532590654,0.006060981965,-0.832848127518,0.000168360610
543,-29.977302186033,0.005515450742,-0.832702838501,0.000153206965
544,-29.840442607160,0.032791063674,-0.828901183532,0.000910862880
545,-29.927837243110,0.020576482182,-0.831328812309,0.000571568950
546,-29.988606128096,0.002607113769,-0.833016836892,0.000072419827
547,-29.982049129122,0.007082683805,-0.832834698031,0.000196741217
548,-29.900322228836,0.026412153342,-0.830564506357,0.000733670926
549,-29.988699523603,0.002022414970,-0.833019431211,0.000056178194
550,-29.984121467748,0.004140938786,-0.832892262993,0.000115026077
551,-29.972705539694,0.010570338718,-0.832575153880,0.000293620520
552,-29.905784800237,0.024338628844,-0.830716244451,0.000676073023
553,-29.859113925543,0.043913023149,-0.829419831265,0.001219806199
554,-29.907740361492,0.024771680708,-0.830770565597,0.000688102242
555,-29.982792656496,0.004961432147,-0.832855351569,0.000137817560
556,-29.968172495686,0.012159367223,-0.832449235991,0.000337760201
557,-29.992231188747,0.000206593197,-0.833117533021,0.000005738700
558,-29.979841612554,0.005981024629,-0.832773378126,0.000166139573
559,-29.959011560450,0.012854059683,-0.832194765568,0.000357057213
560,-29.976336754779,0.010694435942,-0.832676020966,0.000297067665
561,-29.863911542686,0.033027288406,-0.829553098408,0.000917424678
562,-29.967652367843,0.010711884589,-0.832434787996,0.000297552350
563,-29.985753850341,0.003199098332,-0.832937606954,0.000088863843
564,-29.953335859081,0.017334978023,-0.832037107197,0.000481527167
565,-29.981133421903,0.007402536064,-0.832809261720,0.000205626002
566,-29.798093771847,0.038111034919,-0.827724826996,0.001058639859
567,-29.928698892537,0.020995492159,-0.831352747015,0.000583208116
568,-29.991325041881,0.001799035278,-0.833092362274,0.000049973202
569,-29.988717772607,0.002719935197,-0.833019938128,0.000075553755
570,-29.993142335065,0.000182299147,-0.833142842641,0.000005063865
571,-29.993177535078,0.000181545113,-0.833143820419,0.000005042920
572,-29.992774761067,0.000488311575,-0.833132632252,0.000013564210
573,-29.987605174386,0.005381252641,-0.832989032622,0.000149479240
574,-29.993265189353,0.000179703633,-0.833146255260,0.000004991768
575,-29.991553165421,0.001800260376,-0.833098699039,0.000050007233
576,-29.952164659589,0.017232395263,-0.832004573877,0.000478677646
577,-29.992736879272,0.000642832134,-0.833131579980,0.000017856448
578,-29.970835868390,0.012785429676,-0.832523218566,0.000355150824
579,-29.989004630957,0.001802436669,-0.833027906415,0.000050067685
580,-29.990875782764,0.002597436796,-0.833079882855,0.000072151022
581,-29.985272099142,0.005467941140,-0.832924224976,0.000151887254
582,-29.908610652825,0.024757281279,-0.830794740356,0.000687702258
583,-29.988603175170,0.004987873521,-0.833016754866,0.000138552042
584,-29.991378979372,0.001782559177,-0.833093860538,0.000049515533
585,-29.993491318352,0.000175820721,-0.833152536621,0.000004883909
586,-29.992668219713,0.000878534713,-0.833129672770,0.000024403742
587,-29.993098939802,0.000467698260,-0.833141637217,0.000012991618
588,-29.993099768962,0.000175223621,-0.833141660249,0.000004867323
589,-29.991327219588,0.002280041444,-0.833092422766,0.000063334485
590,-29.993562881689,0.000174846595,-0.833154524491,0.000004856850
591,-29.993574487058,0.000174696024,-0.833154846863,0.000004852667
592,-29.993584865345,0.000174563041,-0.833155135148,0.000004848973
593,-29.993594152628,0.000174445407,-0.833155393129,0.000004845706
594,-29.991198603384,0.002474575542,-0.833088850094,0.000068738209
595,-29.837166979566,0.034004397777,-0.828810193877,0.000944566605
596,-29.956847161779,0.016031617115,-0.832134643383,0.000445322698
597,-29.992752085419,0.000921573169,-0.833132002373,0.000025599255
598,-29.991859304183,0.001465112654,-0.833107202894,0.000040697574
599,-29.989274635865,0.003248274860,-0.833035406552,0.000090229857
600,-29.930432809149,0.023409000386,-0.831400911365,0.000650250011
601,-29.989741099119,0.004033368736,-0.833048363864,0.000112038020
602,-29.991013290307,0.002751586894,-0.833083702509,0.000076432969
603,-29.900528519755,0.026644947732,-0.830570236660,0.000740137437
604,-29.897138622966,0.027452804075,-0.830476072860,0.000762577891
605,-29.990509167913,0.003301506745,-0.833069699109,0.000091708521
606,-29.993732603857,0.000173315729,-0.833159238996,0.000004814326
607,-29.993324594319,0.000463288579,-0.833147905398,0.000012869127
608,-29.982338011658,0.004608507223,-0.832842722546,0.000128014090
609,-29.756911148152,0.042546109630,-0.826580865226,0.001181836379
610,-29.988434686707,0.004085693271,-0.833012074631,0.000113491480
611,-29.993783937452,0.000173133302,-0.833160664929,0.000004809258
612,-29.992353602533,0.001070948826,-0.833120933404,0.000029748578
613,-29.991262409310,0.002611981541,-0.833090622481,0.000072555043
614,-29.993810057943,0.000173089037,-0.833161390498,0.000004808029
615,-29.986933639528,0.004093205393,-0.832970378876,0.000113700150
616,-29.991621563446,0.002279287744,-0.833100598985,0.000063313548
617,-29.990872498077,0.002647851309,-0.833079791613,0.000073551425
618,-29.993844844092,0.000172890025,-0.833162356780,0.000004802501
619,-29.993853090179,0.000172823250,-0.833162585838,0.000004800646
620,-29.991452106736,0.002478159536,-0.833095891854,0.000068837765
621,-29.990920057990,0.002333680991,-0.833081112722,0.000064824472
622,-29.993874373670,0.000172724888,-0.833163177046,0.000004797914
623,-29.993880995124,0.000172695742,-0.833163360976,0.000004797104
624,-29.993886913864,0.000172671191,-0.833163525385,0.000004796422
625,-29.993892208070,0.000172650471,-0.833163672446,0.000004795846
626,-29.993896946525,0.000172632951,-0.833163804070,0.000004795360
627,-29.991690092262,0.002285332384,-0.833102502563,0.000063481455
628,-29.993482181073,0.000466959908,-0.833152282808,0.000012971109
629,-29.993911436741,0.000172540318,-0.833164206576,0.000004792787
630,-29.993916327075,0.000172497225,-0.833164342419,0.000004791590
631,-29.993920709736,0.000172459232,-0.833164464159,0.000004790534
632,-29.993924639063,0.000172425694,-0.833164573307,0.000004789603
633,-29.990919141459,0.003086159873,-0.833081087263,0.000085726663
634,-29.993931570479,0.000172380121,-0.833164765847,0.000004788337
635,-29.993934627977,0.000172366184,-0.833164850777,0.000004787950
636,-29.990928321619,0.003086198072,-0.833081342267,0.000085727724
637,-29.985473089930,0.006412168237,-0.832929808054,0.000178115784
638,-29.982546450544,0.008288790306,-0.832848512515,0.000230244175
639,-29.510179784029,0.492809623584,-0.819727216223,0.013689156211
640,-29.990548731040,0.000432585638,-0.833070798084,0.000012016268
641,-29.992052479487,0.000935654328,-0.833112568875,0.000025990398
642,-29.992188066807,0.001274321487,-0.833116335189,0.000035397819
643,-29.983900249316,0.009697425492,-0.832886118037,0.000269372930
644,-29.993662659846,0.000507827053,-0.833157296107,0.000014106307
645,-29.989069699753,0.004971877864,-0.833029713882,0.000138107718
646,-29.994538844790,0.000220384413,-0.833181634578,0.000006121789
647,-29.987981574023,0.005133865671,-0.832999488167,0.000142607380
648,-29.994243139772,0.000647167250,-0.833173420549,0.000017976868
649,-29.994959808758,0.000182423446,-0.833193328021,0.000005067318
650,-29.979897777368,0.010598068517,-0.832774938260,0.000294390792
651,-29.990439077224,0.004259079363,-0.833067752145,0.000118307760
652,-29.992549942289,0.002319814233,-0.833126387286,0.000064439284
653,-29.990634950560,0.004354884139,-0.833073193071,0.000120969004
654,-29.991209380434,0.002802798057,-0.833089149457,0.000077855502
655,-29.995383302679,0.000146559634,-0.833205091741,0.000004071101
656,-29.995427745391,0.000143142120,-0.833206326261,0.000003976170
657,-29.952246711091,0.017364831460,-0.832006853086,0.000482356429
658,-29.990673307636,0.003637479351,-0.833074258545,0.000101041093
659,-29.994731308896,0.000837332425,-0.833186980803,0.000023259234
660,-29.989113637165,0.005876351060,-0.833030934366,0.000163231974
661,-29.993984741826,0.001655887236,-0.833166242829,0.000045996868
662,-29.995614400105,0.000130178180,-0.833211511114,0.000003616061
663,-29.995636169291,0.000128854036,-0.833212115814,0.000003579279
664,-29.995655579694,0.000127676821,-0.833212654992,0.000003546578
665,-29.923197236948,0.023196564963,-0.831199923249,0.000644349027
666,-29.995689216080,0.000125718704,-0.833213589336,0.000003492186
667,-29.995703812228,0.000124906042,-0.833213994784,0.000003469612
668,-29.978441151212,0.011926440684,-0.832734476423,0.000331290019
669,-29.991596557125,0.004246718148,-0.833099904365,0.000117964393
670,-29.993475940942,0.001943809033,-0.833152109471,0.000053994695
671,-29.886942364065,0.028974232958,-0.830192843446,0.000804839804
672,-29.993240893324,0.002599962319,-0.833145580370,0.000072221176
673,-29.971106539482,0.014348927258,-0.832530737208,0.000398581313
674,-29.993644662617,0.001580274140,-0.833156796184,0.000043896504
675,-29.981308180887,0.007834190044,-0.832814116136,0.000217616390
676,-29.887721054395,0.028117486654,-0.830214473733,0.000781041296
677,-29.970826955094,0.014806438918,-0.832522970975,0.000411289970
678,-29.995842386429,0.000120497179,-0.833217844067,0.000003347144
679,-29.993249470670,0.002676908838,-0.833145818630,0.000074358579
680,-29.994250082570,0.001678452059,-0.833173613405,0.000046623668
681,-29.995873185346,0.000120258053,-0.833218699593,0.000003340501
682,-29.994618580458,0.001305124020,-0.833183849457,0.000036253445
683,-29.957879560426,0.015742641097,-0.832163321123,0.000437295586
684,-29.944634384095,0.019100076906,-0.831795399558,0.000530557692
685,-29.992875902140,0.001907871451,-0.833135441726,0.000052996429
686,-29.995917966131,0.000120138152,-0.833219943504,0.000003337171
687,-29.928786885722,0.022588821366,-0.831355191270,0.000627467260
688,-29.995934988978,0.000120220584,-0.833220416361,0.000003339461
689,-29.920544876596,0.023383839458,-0.831126246572,0.000649551096
690,-29.935507188014,0.020686970740,-0.831541866334,0.000574638076
691,-29.995150945843,0.000854608553,-0.833198637385,0.000023739126
692,-29.995964983520,0.000120486416,-0.833221249542,0.000003346845
693,-29.995971497416,0.000120551968,-0.833221430484,0.000003348666
694,-29.939411370851,0.021007785986,-0.831650315857,0.000583549611
695,-29.988720320594,0.005791374928,-0.833020008905,0.000160871526
696,-29.971626699631,0.014683706921,-0.832545186101,0.000407880748
697,-29.993738983630,0.001480238580,-0.833159416212,0.000041117738
698,-29.987739475740,0.005292263971,-0.832992763215,0.000147007333
699,-29.919817169097,0.023042980227,-0.831106032475,0.000640082784
700,-29.915485297617,0.025014746753,-0.830985702712,0.000694854076
701,-29.994763187758,0.001305376130,-0.833187866327,0.000036260448
702,-29.989275631793,0.006172856017,-0.833035434216,0.000171468223
703,-29.990819335959,0.005368806202,-0.833078314888,0.000149133506
704,-29.991457847436,0.004721273164,-0.833096051318,0.000131146477
705,-29.895114910107,0.027570178990,-0.830419858614,0.000765838305
706,-29.996070939431,0.000122275164,-0.833224192762,0.000003396532
707,-29.996078730679,0.000122450601,-0.833224409186,0.000003401406
708,-29.994282732599,0.001857065225,-0.833174520350,0.000051585145
709,-29.995249165092,0.000875791775,-0.833201365697,0.000024327549
710,-29.996098846804,0.000122948665,-0.833224967967,0.000003415241
711,-29.996104831815,0.000123091542,-0.833225134217,0.000003419209
712,-29.994503886821,0.001655553705,-0.833180663523,0.000045987603
713,-29.996115620372,0.000123386699,-0.833225433899,0.000003427408
714,-29.996120480003,0.000123536794,-0.833225568889,0.000003431578
715,-29.996124832874,0.000123673123,-0.833225689802,0.000003435365
716,-29.993177376744,0.003034723913,-0.833143816021,0.000084297886
717,-29.995326152178,0.000856432668,-0.833203504227,0.000023789796
718,-29.996137456264,0.000123992655,-0.833226040452,0.000003444240
719,-29.833689474710,0.036787362287,-0.828713596520,0.001021871175
720,-29.996145187473,0.000124210506,-0.833226255208,0.000003450292
721,-29.994864237228,0.001326101925,-0.833190673256,0.000036836165
722,-29.996152842609,0.000124437804,-0.833226467850,0.000003456606
723,-29.996156589228,0.000124533211,-0.833226571923,0.000003459256
724,-29.970933135294,0.013345700703,-0.832525920425,0.000370713908
725,-29.994357306153,0.001854550904,-0.833176591838,0.000051515303
726,-29.996166860357,0.000124882846,-0.833226857232,0.000003468968
727,-29.996169984387,0.000124995582,-0.833226944011,0.000003472099
728,-29.950137700390,0.019455634098,-0.831948269455,0.000540434280
729,-29.994976036783,0.001241934463,-0.833193778800,0.000034498180
730,-29.995581089923,0.000626498283,-0.833210585831,0.000017402730
731,-29.995586909128,0.000630904832,-0.833210747476,0.000017525134
732,-29.996192481750,0.000125405209,-0.833227568937,0.000003483478
733,-29.996196527308,0.000125498889,-0.833227681314,0.000003486080
734,-29.996200156719,0.000125583865,-0.833227782131,0.000003488441
735,-29.996203414196,0.000125660908,-0.833227872617,0.000003490581
736,-29.994995690372,0.001268723725,-0.833194324733,0.000035242326
737,-29.996209277523,0.000125791447,-0.833228035487,0.000003494207
738,-29.996211917294,0.000125846505,-0.833228108814,0.000003495736
739,-29.996214289430,0.000125896416,-0.833228174706,0.000003497123
740,-29.996216421678,0.000125941653,-0.833228233936,0.000003498379
741,-29.906962089534,0.026148863704,-0.830748946931,0.000726357325
742,-29.990747333158,0.005641612854,-0.833076314810,0.000156711468
743,-29.996223157320,0.000126151288,-0.833228421037,0.000003504202
744,-29.996225446103,0.000126219438,-0.833228484614,0.000003506095
745,-29.887249371644,0.028275958778,-0.830201371435,0.000785443299
746,-29.993224186122,0.003090076258,-0.833145116281,0.000085835452
747,-29.996231872510,0.000126509328,-0.833228663125,0.000003514148
748,-29.996233796985,0.000126627073,-0.833228716583,0.000003517419
749,-29.996235522860,0.000126733638,-0.833228764524,0.000003520379
750,-29.092292066800,0.928386197936,-0.808119224078,0.025788505498
751,-29.996949979741,0.000049123790,-0.833248610548,0.000001364550
752,-29.996234996706,0.000623530079,-0.833228749909,0.000017320280
753,-29.988769603091,0.000624846400,-0.833021377864,0.000017356844
754,-29.899026308771,0.027301904700,-0.830528508577,0.000758386242
755,-29.854954701638,0.031299280459,-0.829304297268,0.000869424457
756,-29.734854278898,0.044083077993,-0.825968174414,0.001224529944
757,-29.795154907531,0.038587702983,-0.827643191876,0.001071880638
758,-29.870965217576,0.030151297597,-0.829749033822,0.000837536044
759,-29.634706571922,0.050230051369,-0.823186293664,0.001395279205
760,-29.724054987790,0.043251154818,-0.825668194105,0.001201420967
761,-29.711494446035,0.044726714841,-0.825319290168,0.001242408746
762,-29.524623494768,0.057573856847,-0.820128430410,0.001599273801
763,-29.649062897871,0.048706069657,-0.823585080496,0.001352946379
764,-29.536737890633,0.055964972972,-0.820464941406,0.001554582583
765,-29.625774970440,0.050076357083,-0.822938193623,0.001391009919
766,-29.545037342960,0.055153305551,-0.820695481749,0.001532036265
767,-29.377913292621,0.063778204944,-0.816053147017,0.001771616804
768,-29.538242819594,0.099967974867,-0.820506744989,0.002776888191
769,-29.443447269535,0.060582403016,-0.817873535265,0.001682844528
770,-29.509408487507,0.056965390483,-0.819705791320,0.001582371958
771,-29.513846914471,0.056336452775,-0.819829080958,0.001564901466
772,-29.372652401079,0.063732478552,-0.815907011141,0.001770346626
773,-29.426875551350,0.059986760133,-0.817413209760,0.001666298893
774,-29.394860413010,0.063518654729,-0.816523900361,0.001764407076
775,-29.396710880082,0.062888093878,-0.816575302225,0.001746891497
776,-29.409309092764,0.063785742655,-0.816925252577,0.001771826185
777,-29.599008956538,0.050914791220,-0.822194693237,0.001414299756
778,-29.427013214823,0.060166304183,-0.817417033745,0.001671286227
779,-29.497432057179,0.058339543704,-0.819373112699,0.001620542881
780,-29.521426401687,0.057133230749,-0.820039622269,0.001587034187
781,-29.396414653894,0.062500611586,-0.816567073719,0.001736128100
782,-29.439490140579,0.060417962573,-0.817763615016,0.001678276738
783,-29.622336842331,0.049559359340,-0.822842690065,0.001376648871
784,-29.441518395080,0.061111808589,-0.817819955419,0.001697550239
785,-29.426230532104,0.060510799305,-0.817395292558,0.001680855536
786,-29.425503454721,0.061244505550,-0.817375095964,0.001701236265
787,-29.561400043566,0.053495394620,-0.821150001210,0.001485983184
788,-29.460320839381,0.058566904570,-0.818342245538,0.001626858460
789,-29.653201927304,0.047883045787,-0.823700053536,0.001330084605
790,-29.554259592546,0.054649602605,-0.820951655349,0.001518044517
791,-29.578399317201,0.052527878581,-0.821622203256,0.001459107738
792,-29.320286657585,0.066987428914,-0.814452407155,0.001860761914
793,-29.376414946197,0.063986386803,-0.816011526283,0.001777399633
794,-29.456083505385,0.059961438366,-0.818224541816,0.001665595510
795,-29.546599901467,0.054481992645,-0.820738886152,0.001513388685
796,-29.323362073284,0.066549678293,-0.814537835369,0.001848602175
797,-29.445723154182,0.059845792515,-0.817936754283,0.001662383125
798,-29.513744729860,0.056446449478,-0.819826242496,0.001567956930
799,-29.419748822377,0.061680584404,-0.817215245066,0.001713349567
