# MLP_real history | L=6 (N=36) | J1=1.0 | J2=0.6
# n_samples=10000 | n_iter=800 | diag_shift=0.01 | seed=1234
iter,energy_mean,energy_sigma,energy_per_site_mean,energy_per_site_sigma
0,114.288068257437,0.060551571248,3.174668562707,0.001681988090
1,114.085466496100,0.062981961417,3.169040736003,0.001749498928
2,114.063255055700,0.064199744913,3.168423751547,0.001783326248
3,113.958649757725,0.069667536190,3.165518048826,0.001935209339
4,113.873828883787,0.068739554668,3.163161913439,0.001909432074
5,113.944727750958,0.074548645418,3.165131326415,0.002070795706
6,113.964158036033,0.069036230385,3.165671056556,0.001917673066
7,113.838996478223,0.073148226007,3.162194346617,0.002031895167
8,113.548639147491,0.075696395494,3.154128865208,0.002102677653
9,113.600201291332,0.078895537229,3.155561146981,0.002191542701
10,113.472778870251,0.075284888760,3.152021635285,0.002091246910
11,113.468659578307,0.086967744740,3.151907210509,0.002415770687
12,113.413035321699,0.090351671294,3.150362092269,0.002509768647
13,113.270603646794,0.083752239100,3.146405656855,0.002326451086
14,113.019057454330,0.090775518690,3.139418262620,0.002521542186
15,113.093845754518,0.090820239157,3.141495715403,0.002522784421
16,112.928361801881,0.094055787490,3.136898938941,0.002612660764
17,112.813129297022,0.094690598727,3.133698036028,0.002630294409
18,112.755366877085,0.101621525602,3.132093524363,0.002822820156
19,112.769550044674,0.101966207316,3.132487501241,0.002832394648
20,112.590444679701,0.108897247036,3.127512352214,0.003024923529
21,112.731050114714,0.106125037701,3.131418058742,0.002947917714
22,112.354359396751,0.108415419866,3.120954427688,0.003011539441
23,112.201041696896,0.116394752696,3.116695602692,0.003233187575
24,111.926201980992,0.120412338848,3.109061166139,0.003344787190
25,111.854741947996,0.114060509623,3.107076165222,0.003168347490
26,111.705843601249,0.128314236785,3.102940100035,0.003564284355
27,111.742517847215,0.125471468325,3.103958829089,0.003485318565
28,111.312923199789,0.121575128627,3.092025644439,0.003377086906
29,111.089570025617,0.132981774237,3.085821389600,0.003693938173
30,111.281113751022,0.126013798814,3.091142048640,0.003500383300
31,110.761811913268,0.133720300204,3.076716997591,0.003714452783
32,110.760875551534,0.135562400170,3.076690987543,0.003765622227
33,110.754749569387,0.150023244533,3.076520821372,0.004167312348
34,110.204805619774,0.144173331124,3.061244600549,0.004004814753
35,109.867738159083,0.150734938779,3.051881615530,0.004187081633
36,109.875247086567,0.147203471087,3.052090196849,0.004088985308
37,109.961303941524,0.151791539696,3.054480665042,0.004216431658
38,109.515852562695,0.154179228127,3.042107015630,0.004282756337
39,109.190887141874,0.156349292578,3.033080198385,0.004343035905
40,108.989149453179,0.160158504049,3.027476373699,0.004448847335
41,108.814250619638,0.163489749200,3.022618072768,0.004541381922
42,108.304609537600,0.174523465310,3.008461376044,0.004847874036
43,108.456932796656,0.176000584020,3.012692577685,0.004888905112
44,108.230925048011,0.180490540861,3.006414584667,0.005013626135
45,107.426328680191,0.189503412789,2.984064685561,0.005263983689
46,107.158873592161,0.194621083438,2.976635377560,0.005406141207
47,107.114423077004,0.193091569632,2.975400641028,0.005363654712
48,106.698903426148,0.197739429367,2.963858428504,0.005492761927
49,106.776914010056,0.190324383599,2.966025389168,0.005286788433
50,105.946163606703,0.201565246447,2.942948989075,0.005599034624
51,105.623562874007,0.206006007588,2.933987857611,0.005722389100
52,105.665586182515,0.221254274326,2.935155171737,0.006145952065
53,105.127331360849,0.215893535033,2.920203648912,0.005997042640
54,104.754914173544,0.216945377197,2.909858727043,0.006026260478
55,104.392916274483,0.224085967255,2.899803229847,0.006224610202
56,103.951830822607,0.219910390924,2.887550856184,0.006108621970
57,103.262572808229,0.240580315653,2.868404800229,0.006682786546
58,102.978496341896,0.237336077628,2.860513787275,0.006592668823
59,102.439517599807,0.232028158442,2.845542155550,0.006445226623
60,102.437139947251,0.240914030980,2.845476109646,0.006692056416
61,101.419262954032,0.245447336743,2.817201748723,0.006817981576
62,101.300903984584,0.251114228694,2.813913999572,0.006975395242
63,100.806181625133,0.263883001802,2.800171711809,0.007330083383
64,99.851631796940,0.254923518937,2.773656438804,0.007081208859
65,99.063699922750,0.269783850287,2.751769442299,0.007493995841
66,98.861866556117,0.281386454358,2.746162959892,0.007816290399
67,98.237237500289,0.282170529794,2.728812152786,0.007838070272
68,97.908418195872,0.276810948513,2.719678283219,0.007689193014
69,97.549567446213,0.290574838884,2.709710206839,0.008071523302
70,97.399418319786,0.283771649342,2.705539397772,0.007882545815
71,96.421188711339,0.310998105055,2.678366353093,0.008638836252
72,95.518356385940,0.296829002879,2.653287677387,0.008245250080
73,94.779403542789,0.308763114488,2.632761209522,0.008576753180
74,94.232503119101,0.330218994892,2.617569531086,0.009172749858
75,93.584013335404,0.309085044774,2.599555925983,0.008585695688
76,92.714283018488,0.317116214299,2.575396750514,0.008808783731
77,92.368314918544,0.328252527829,2.565786525515,0.009118125773
78,91.952203693188,0.330897893472,2.554227880366,0.009191608152
79,91.110270778514,0.319456125354,2.530840854959,0.008873781260
80,90.288353291181,0.351052835273,2.508009813644,0.009751467646
81,89.708351148955,0.366729622866,2.491898643027,0.010186933968
82,88.624038182854,0.323270584003,2.461778838413,0.008979738445
83,86.944393613298,0.370787053614,2.415122044814,0.010299640378
84,87.105792975945,0.365238137782,2.419605360443,0.010145503827
85,86.758267794658,0.367120487071,2.409951883185,0.010197791308
86,85.775098467391,0.372392750131,2.382641624094,0.010344243059
87,84.289652539819,0.365709015625,2.341379237217,0.010158583767
88,83.607652634329,0.384143459330,2.322434795398,0.010670651648
89,82.785370185356,0.376436365294,2.299593616260,0.010456565703
90,81.720708178660,0.395742531260,2.270019671629,0.010992848091
91,81.240842419141,0.387683230427,2.256690067198,0.010768978623
92,80.753103566124,0.421697021828,2.243141765726,0.011713806162
93,79.317092931324,0.399784820285,2.203252581426,0.011105133897
94,78.950393334734,0.386380022130,2.193066481520,0.010732778392
95,77.117048593359,0.401304453897,2.142140238704,0.011147345942
96,76.589837237186,0.407581384862,2.127495478811,0.011321705135
97,75.069102820198,0.410817590563,2.085252856117,0.011411599738
98,74.400833846753,0.390108508230,2.066689829076,0.010836347451
99,74.468721326819,0.430791706393,2.068575592412,0.011966436289
100,73.056656426668,0.404093764583,2.029351567407,0.011224826794
101,72.007792042824,0.426051558307,2.000216445634,0.011834765509
102,70.941359616678,0.433352164545,1.970593322685,0.012037560126
103,70.485798902901,0.432322704808,1.957938858414,0.012008964022
104,69.241739686853,0.436578375952,1.923381657968,0.012127177110
105,69.265232447230,0.456693422395,1.924034234645,0.012685928400
106,67.600177074305,0.437493793184,1.877782696508,0.012152605366
107,66.804078769133,0.441916173661,1.855668854698,0.012275449268
108,65.069864620442,0.472490953913,1.807496239457,0.013124748720
109,64.761296469126,0.433828656739,1.798924901920,0.012050796021
110,63.486863286330,0.468611556015,1.763523980176,0.013016987667
111,62.432651449507,0.465534898533,1.734240318042,0.012931524959
112,60.663652694076,0.454185937626,1.685101463724,0.012616276045
113,61.078997948267,0.443262492163,1.696638831896,0.012312847005
114,59.046052871797,0.454260080655,1.640168135328,0.012618335574
115,58.612154458283,0.477085236854,1.628115401619,0.013252367690
116,57.741643833719,0.499706189271,1.603934550937,0.013880727480
117,56.837488565360,0.464118474301,1.578819126816,0.012892179842
118,55.698432463034,0.468826888239,1.547178679529,0.013022969118
119,54.325494782133,0.496113921516,1.509041521726,0.013780942264
120,53.651046141072,0.503669664182,1.490306837252,0.013990824005
121,52.891445554652,0.492322655682,1.469206820963,0.013675629325
122,52.476872360476,0.485799373200,1.457690898902,0.013494427033
123,51.277840417597,0.508576400310,1.424384456044,0.014127122231
124,51.302210669864,0.485553606196,1.425061407496,0.013487600172
125,49.985562336393,0.512660633738,1.388487842678,0.014240573159
126,48.735949460025,0.492423676632,1.353776373890,0.013678435462
127,48.322984555273,0.497307471482,1.342305126535,0.013814096430
128,46.227770416938,0.462584029822,1.284104733804,0.012849556384
129,45.687243498143,0.483864584250,1.269090097171,0.013440682896
130,45.066941211683,0.485639442916,1.251859478102,0.013489984525
131,44.863449156390,0.475181094117,1.246206921011,0.013199474837
132,43.803497420572,0.479238788547,1.216763817238,0.013312188571
133,42.761241153613,0.530864502207,1.187812254267,0.014746236172
134,42.798500794849,0.491077475613,1.188847244301,0.013641040989
135,42.228544459495,0.505356986363,1.173015123875,0.014037694066
136,39.639040529522,0.510894888749,1.101084459153,0.014191524687
137,40.139247091806,0.510023510617,1.114979085883,0.014167319739
138,40.097910518476,0.493606960818,1.113830847735,0.013711304467
139,38.034583777359,0.519274186161,1.056516216038,0.014424282949
140,37.461332330118,0.477821853229,1.040592564726,0.013272829256
141,36.510365513153,0.488231374273,1.014176819810,0.013561982619
142,36.155021029778,0.501080240332,1.004306139716,0.013918895565
143,36.638614211380,0.563240536752,1.017739283649,0.015645570465
144,34.229119280749,0.489669771301,0.950808868910,0.013601938092
145,34.059463939701,0.493360865240,0.946096220547,0.013704468479
146,33.028743306298,0.554015328316,0.917465091842,0.015389314675
147,32.110491496568,0.501564273145,0.891958097127,0.013932340921
148,31.351263547980,0.534132610434,0.870868431888,0.014837016956
149,31.589271433668,0.468462859218,0.877479762046,0.013012857201
150,31.248024216911,0.505286874434,0.868000672692,0.014035746512
151,29.724714685148,0.461817086928,0.825686519032,0.012828252415
152,29.695367876143,0.499225767307,0.824871329893,0.013867382425
153,29.040277199146,0.520552902464,0.806674366643,0.014459802846
154,28.909910905895,0.485942194835,0.803053080719,0.013498394301
155,28.399722075578,0.479593315879,0.788881168766,0.013322036552
156,26.233767884744,0.478922544989,0.728715774576,0.013303404027
157,26.714241167578,0.498067505439,0.742062254655,0.013835208484
158,26.213943230711,0.515351197617,0.728165089742,0.014315311045
159,26.227390009310,0.490832659199,0.728538611370,0.013634240533
160,25.747846060206,0.509444470433,0.715217946117,0.014151235290
161,25.315654568084,0.513280576117,0.703212626891,0.014257793781
162,24.299247235613,0.491664451737,0.674979089878,0.013657345882
163,24.156427947502,0.501144160869,0.671011887431,0.013920671135
164,23.742078693148,0.511585613308,0.659502185921,0.014210711481
165,22.716207206034,0.486287474092,0.631005755723,0.013507985391
166,22.671093367309,0.472575976870,0.629752593536,0.013127110469
167,22.508843657437,0.569080519784,0.625245657151,0.015807792216
168,20.661752950139,0.472340815566,0.573937581948,0.013120578210
169,20.454553357079,0.477740681964,0.568182037697,0.013270574499
170,20.689486570062,0.476428763205,0.574707960279,0.013234132311
171,20.270701772004,0.457035597965,0.563075049222,0.012695433277
172,18.781925407039,0.453403398791,0.521720150196,0.012594538855
173,19.252045431693,0.479169379368,0.534779039769,0.013310260538
174,18.385833014254,0.487389725794,0.510717583729,0.013538603494
175,18.944236429462,0.475901242777,0.526228789707,0.013219478966
176,18.045029786477,0.437914319953,0.501250827402,0.012164286665
177,17.695190223583,0.444556166545,0.491533061766,0.012348782404
178,17.970075642375,0.497237158118,0.499168767844,0.013812143281
179,16.637367214990,0.470834489181,0.462149089305,0.013078735811
180,17.299721935656,0.473449392590,0.480547831546,0.013151372016
181,15.900237501533,0.491738995064,0.441673263931,0.013659416530
182,15.564527883626,0.470234228254,0.432347996767,0.013062061896
183,15.212573103661,0.467566688756,0.422571475102,0.012987963577
184,14.967650944400,0.529221166302,0.415768081789,0.014700587953
185,14.601083277915,0.440003796787,0.405585646609,0.012222327689
186,14.500431120082,0.445286146416,0.402789753336,0.012369059623
187,15.183948570845,0.514559009235,0.421776349190,0.014293305812
188,14.236865478936,0.488778093955,0.395468485526,0.013577169277
189,13.760493151527,0.498548433825,0.382235920876,0.013848567606
190,12.898567452806,0.431388113678,0.358293540356,0.011983003158
191,12.402080597132,0.490900687747,0.344502238809,0.013636130215
192,13.181373976686,0.479603876821,0.366149277130,0.013322329912
193,12.738624578319,0.452754029778,0.353850682731,0.012576500827
194,11.952494235164,0.467329317268,0.332013728755,0.012981369924
195,11.717635582825,0.442470814245,0.325489877301,0.012290855951
196,11.608216205072,0.466758076851,0.322450450141,0.012965502135
197,10.343455678560,0.419432976319,0.287318213293,0.011650916009
198,10.575004303402,0.503711560590,0.293750119539,0.013991987794
199,11.286668933964,0.476599250395,0.313518581499,0.013238868067
200,10.501298462898,0.434170290418,0.291702735081,0.012060285845
201,9.235429074389,0.453840684601,0.256539696511,0.012606685683
202,10.279377833813,0.454687890307,0.285538273161,0.012630219175
203,9.342529343149,0.442889629310,0.259514703976,0.012302489703
204,8.805946827250,0.520782163314,0.244609634090,0.014466171203
205,8.753240790968,0.525717075660,0.243145577527,0.014603252102
206,8.295097488661,0.438674016037,0.230419374685,0.012185389334
207,7.994771673794,0.415825662159,0.222076990939,0.011550712838
208,8.064666051382,0.434076313557,0.224018501427,0.012057675377
209,7.477666236992,0.453448789415,0.207712951028,0.012595799706
210,6.875206594410,0.418968898674,0.190977960956,0.011638024963
211,6.986047438984,0.475512418334,0.194056873305,0.013208678287
212,7.050704702639,0.444220515411,0.195852908407,0.012339458761
213,7.562830397894,0.467153451112,0.210078622164,0.012976484753
214,5.012076941931,0.399500355460,0.139224359498,0.011097232096
215,6.653277003353,0.510249479733,0.184813250093,0.014173596659
216,6.244875533439,0.493719710152,0.173468764818,0.013714436393
217,5.918992163961,0.426980632146,0.164416448999,0.011860573115
218,5.944175495935,0.424005803579,0.165115985998,0.011777938988
219,4.922393801497,0.384221332518,0.136733161153,0.010672814792
220,4.520905980454,0.421428914066,0.125580721679,0.011706358724
221,4.501856845613,0.520279542138,0.125051579045,0.014452209504
222,4.984586111812,0.413489308914,0.138460725328,0.011485814137
223,4.554446765075,0.372416670482,0.126512410141,0.010344907513
224,4.223579113817,0.394338411548,0.117321642050,0.010953844765
225,3.989436445971,0.377653094585,0.110817679055,0.010490363738
226,4.820976235704,0.390197012119,0.133916006547,0.010838805892
227,3.944079089887,0.401339873258,0.109557752497,0.011148329813
228,4.415084503969,0.655292488736,0.122641236221,0.018202569132
229,3.468785902913,0.417801983883,0.096355163970,0.011605610663
230,3.076255830898,0.366130584269,0.085451550858,0.010170294007
231,3.285086395922,0.404060263624,0.091252399887,0.011223896212
232,1.974061689915,0.375789624070,0.054835046942,0.010438600669
233,2.373822968184,0.413039283704,0.065939526894,0.011473313436
234,3.487096844215,0.619311769978,0.096863801228,0.017203104722
235,2.341996638708,0.406996389269,0.065055462186,0.011305455257
236,2.251760329518,0.396682265525,0.062548898042,0.011018951820
237,2.043570051257,0.458631368127,0.056765834757,0.012739760226
238,2.231594444131,0.369993765945,0.061988734559,0.010277604610
239,1.554644677377,0.351033809022,0.043184574372,0.009750939139
240,1.585623128119,0.359912193523,0.044045086892,0.009997560931
241,1.626127559350,0.401173045092,0.045170209982,0.011143695697
242,1.160907254070,0.356816714253,0.032247423724,0.009911575396
243,0.666469891818,0.373055629072,0.018513052550,0.010362656363
244,0.370292461799,0.398054918461,0.010285901717,0.011057081068
245,0.895478866104,0.406800398170,0.024874412947,0.011300011060
246,1.336161534777,0.399584049763,0.037115598188,0.011099556938
247,0.931796766024,0.635183126249,0.025883243501,0.017643975729
248,0.031967484131,0.360241446369,0.000887985670,0.010006706844
249,-0.189032375515,0.367736150307,-0.005250899320,0.010214893064
250,0.427591432990,0.342400244070,0.011877539805,0.009511117891
251,0.751362492074,0.386479250208,0.020871180335,0.010735534728
252,-0.337999922690,0.365024335342,-0.009388886741,0.010139564871
253,0.539154550321,0.434087264749,0.014976515287,0.012057979576
254,-0.790693346202,0.334253605679,-0.021963704061,0.009284822380
255,0.299595704397,0.428376992076,0.008322102900,0.011899360891
256,-0.368468019510,0.375315219957,-0.010235222764,0.010425422777
257,-1.486846087911,0.368725916798,-0.041301280220,0.010242386578
258,-1.177394425190,0.695985408858,-0.032705400700,0.019332928024
259,-1.189003663518,0.365561876451,-0.033027879542,0.010154496568
260,-1.642035163176,0.350276458024,-0.045612087866,0.009729901612
261,-1.401199063619,0.392830407858,-0.038922196212,0.010911955774
262,-2.167470767072,0.332198412743,-0.060207521308,0.009227733687
263,-1.283383293052,0.369806035639,-0.035649535918,0.010272389879
264,-2.120187251566,0.331724739450,-0.058894090321,0.009214576096
265,-1.444822609564,0.442720736893,-0.040133961377,0.012297798247
266,-1.932241545724,0.329691305402,-0.053673376270,0.009158091817
267,-1.771313423518,0.362175345586,-0.049203150653,0.010060426266
268,-2.412435659795,0.337062070971,-0.067012101661,0.009362835305
269,-3.015032649354,0.322796912228,-0.083750906927,0.008966580895
270,-3.266073340523,0.356603394906,-0.090724259459,0.009905649859
271,-3.354772112951,0.340460616765,-0.093188114249,0.009457239355
272,-2.792064457425,0.371600481187,-0.077557346040,0.010322235589
273,-2.322119823927,0.487072070037,-0.064503328442,0.013529779723
274,-3.501451447501,0.427703359006,-0.097262540208,0.011880648861
275,-3.102627209214,0.351997536110,-0.086184089145,0.009777709336
276,-3.025801164810,0.315881581300,-0.084050032356,0.008774488369
277,-2.069417665083,1.554315881830,-0.057483824030,0.043175441162
278,-3.972073973750,0.339193956726,-0.110335388160,0.009422054353
279,-3.469603915112,0.341640939674,-0.096377886531,0.009490026102
280,-3.340183143290,0.340384750211,-0.092782865091,0.009455131950
281,-3.442194727250,0.341609137741,-0.095616520201,0.009489142715
282,-2.769425333596,0.358837256562,-0.076928481489,0.009967701571
283,-4.036398697819,0.325297217127,-0.112122186051,0.009036033809
284,-3.721737158779,0.313079653011,-0.103381587744,0.008696657028
285,-4.660376266432,0.307360992021,-0.129454896290,0.008537805334
286,-4.433963156381,0.328652021383,-0.123165643233,0.009129222816
287,-3.485698966527,0.330634084870,-0.096824971292,0.009184280135
288,-5.232895852228,0.310763427426,-0.145358218117,0.008632317428
289,-3.637123609536,0.357498550393,-0.101031211376,0.009930515289
290,-3.698119033398,0.446184777845,-0.102725528705,0.012394021607
291,-4.254707344053,0.347358908156,-0.118186315113,0.009648858560
292,-4.168051699906,0.357206737994,-0.115779213886,0.009922409389
293,-4.075821994979,0.320829047826,-0.113217277638,0.008911917995
294,-4.888671302572,0.341077528497,-0.135796425071,0.009474375792
295,-5.553252911883,0.297781469851,-0.154257025330,0.008271707496
296,-5.030769834126,0.307702854853,-0.139743606503,0.008547301524
297,-5.546020001969,0.350398226020,-0.154056111166,0.009733284056
298,-4.735031807510,0.432328357547,-0.131528661320,0.012009121043
299,-5.078152502464,0.309711634867,-0.141059791735,0.008603100969
300,-5.258683906219,0.358164693291,-0.146074552951,0.009949019258
301,-5.189508280322,0.340452243001,-0.144153007787,0.009457006750
302,-5.145943373647,0.328317894397,-0.142942871490,0.009119941511
303,-6.077475652649,0.334185437314,-0.168818768129,0.009282928814
304,-5.334820929261,0.340549676063,-0.148189470257,0.009459713224
305,-5.686933803815,0.307963964868,-0.157970383439,0.008554554580
306,-6.037891002861,0.478675769935,-0.167719194524,0.013296549165
307,-5.609763221249,0.298572203384,-0.155826756146,0.008293672316
308,-6.000643620181,0.308077189690,-0.166684545005,0.008557699714
309,-5.650481071766,0.326615050319,-0.156957807549,0.009072640287
310,-7.121873797040,0.296516259697,-0.197829827696,0.008236562769
311,-6.615009768275,0.387150632833,-0.183750271341,0.010754184245
312,-5.994857312928,0.305212997982,-0.166523814248,0.008478138833
313,-5.986052590010,0.323633126422,-0.166279238611,0.008989809067
314,-6.674836677584,0.312420016591,-0.185412129933,0.008678333794
315,-6.898844727656,0.308641220970,-0.191634575768,0.008573367249
316,-6.704582362204,0.334368767023,-0.186238398950,0.009288021306
317,-5.732451033582,0.327814665788,-0.159234750933,0.009105962939
318,-7.274204011464,0.309203376406,-0.202061222541,0.008588982678
319,-5.856676303255,0.377717339380,-0.162685452868,0.010492148316
320,-6.826190278714,0.344773382180,-0.189616396631,0.009577038394
321,-6.410597990013,0.394884429360,-0.178072166389,0.010969011927
322,-7.620490473915,0.388849862284,-0.211680290942,0.010801385063
323,-7.000088672906,0.282993550638,-0.194446907581,0.007860931962
324,-7.261557427562,0.311208386091,-0.201709928543,0.008644677391
325,-7.421642283874,0.314707854853,-0.206156730108,0.008741884857
326,-8.435235215277,0.302014432371,-0.234312089313,0.008389289788
327,-7.042822050490,0.292137138199,-0.195633945847,0.008114920506
328,-7.880652661891,0.300029170959,-0.218907018386,0.008334143638
329,-7.291911363013,0.297996430009,-0.202553093417,0.008277678611
330,-7.722769253007,0.279501582067,-0.214521368139,0.007763932835
331,-7.693742310306,0.316280494937,-0.213715064175,0.008785569304
332,-8.352704690250,0.291258423375,-0.232019574729,0.008090511760
333,-7.276963895406,0.335126753948,-0.202137885984,0.009309076499
334,-8.439592585123,0.283679833317,-0.234433127365,0.007879995370
335,-7.883598449887,0.297306411517,-0.218988845830,0.008258511431
336,-8.347290628723,0.309141506462,-0.231869184131,0.008587264068
337,-8.097325382753,0.341622366873,-0.224925705076,0.009489510191
338,-8.164905399488,0.314610110721,-0.226802927764,0.008739169742
339,-7.325542157945,0.384245474616,-0.203487282165,0.010673485406
340,-9.250431504273,0.310125513521,-0.256956430674,0.008614597598
341,-8.356193331388,0.366010906431,-0.232116481427,0.010166969623
342,-8.814725156495,0.300979635912,-0.244853476569,0.008360545442
343,-9.010313813701,0.316234709165,-0.250286494825,0.008784297477
344,-8.607312415179,0.290036941144,-0.239092011533,0.008056581698
345,-8.129644311672,0.342900528678,-0.225823453102,0.009525014685
346,-9.223565068577,0.300942060789,-0.256210140794,0.008359501689
347,-9.062534079762,0.344731778553,-0.251737057771,0.009575882738
348,-8.214051131069,0.292225280827,-0.228168086974,0.008117368912
349,-9.009582595046,0.294016312080,-0.250266183196,0.008167119780
350,-9.123078341753,0.326693405151,-0.253418842826,0.009074816810
351,-9.280789565127,0.300656711533,-0.257799710142,0.008351575320
352,-9.114779584075,0.287760974812,-0.253188321780,0.007993360411
353,-9.564246407904,0.311814902318,-0.265673511331,0.008661525064
354,-9.017887194946,0.306418065736,-0.250496866526,0.008511612937
355,-8.574249535646,0.365955450413,-0.238173598212,0.010165429178
356,-8.893956949206,0.388711834420,-0.247054359700,0.010797550956
357,-9.937199169205,0.276643587115,-0.276033310256,0.007684544087
358,-10.112210259312,0.289211009897,-0.280894729425,0.008033639164
359,-9.730097856787,0.315219940721,-0.270280496022,0.008756109464
360,-8.908867563934,0.300258520610,-0.247468543443,0.008340514461
361,-10.170941534497,0.277113870700,-0.282526153736,0.007697607519
362,-9.517043957328,0.310947705657,-0.264362332148,0.008637436268
363,-10.546634417624,0.278864975209,-0.292962067156,0.007746249311
364,-10.530921465400,0.260653791899,-0.292525596261,0.007240383108
365,-9.460500815259,0.284289364691,-0.262791689313,0.007896926797
366,-9.702858553021,0.301176978218,-0.269523848695,0.008366027173
367,-9.970603281765,0.263735310156,-0.276961202271,0.007325980838
368,-9.690054797451,0.312775490956,-0.269168188818,0.008688208082
369,-9.640652135869,0.302008368208,-0.267795892663,0.008389121339
370,-10.333853190455,0.277598687088,-0.287051477513,0.007711074641
371,-10.476693213212,0.399130975307,-0.291019255923,0.011086971536
372,-10.325028380862,0.332310399384,-0.286806343913,0.009230844427
373,-10.550910540668,0.276608662937,-0.293080848352,0.007683573970
374,-9.852298996688,0.306095206678,-0.273674972130,0.008502644630
375,-10.093127738297,0.296866206770,-0.280364659397,0.008246283521
376,-9.333367527886,0.393323826468,-0.259260209108,0.010925661846
377,-10.719795131565,0.703516618967,-0.297772086988,0.019542128305
378,-11.392304256622,0.254895070225,-0.316452896017,0.007080418617
379,-10.833294695998,0.296751936127,-0.300924852667,0.008243109337
380,-10.256231313419,0.279542871006,-0.284895314262,0.007765079750
381,-11.197165944936,0.286271369470,-0.311032387359,0.007951982485
382,-12.438525366624,0.291735604453,-0.345514593517,0.008103766790
383,-11.141200274557,0.390575392753,-0.309477785404,0.010849316465
384,-11.119110778408,0.282960756356,-0.308864188289,0.007860021010
385,-11.025790454969,0.284947158589,-0.306271957082,0.007915198850
386,-10.991692765630,0.344434574237,-0.305324799045,0.009567627062
387,-11.965474871632,0.255348475483,-0.332374301990,0.007093013208
388,-12.369314883167,0.281807580196,-0.343592080088,0.007827988339
389,-11.317476550956,0.271463280632,-0.314374348638,0.007540646684
390,-12.007082548039,0.301852356815,-0.333530070779,0.008384787689
391,-11.168706236557,0.292555185944,-0.310241839904,0.008126532943
392,-10.894298847649,0.287942449973,-0.302619412435,0.007998401388
393,-12.123535427951,0.257557265075,-0.336764872999,0.007154368474
394,-11.846908312106,0.320846548935,-0.329080786447,0.008912404137
395,-11.829536075423,0.259632053528,-0.328598224317,0.007212001487
396,-12.618067546525,0.253011504135,-0.350501876292,0.007028097337
397,-11.111899665642,0.263916082015,-0.308663879601,0.007331002278
398,-11.314188176868,0.284271323630,-0.314283004913,0.007896425656
399,-11.573951519486,0.273229513254,-0.321498653319,0.007589708701
400,-11.962628084755,0.285458067429,-0.332295224577,0.007929390762
401,-12.267370180997,0.305614563847,-0.340760282805,0.008489293440
402,-10.731591544990,0.289865579982,-0.298099765139,0.008051821666
403,-11.583473450915,0.295456680119,-0.321763151414,0.008207130003
404,-12.005389773733,0.303358392920,-0.333483049270,0.008426622026
405,-11.847500460275,0.332594030745,-0.329097235008,0.009238723076
406,-12.721628431769,0.282142486028,-0.353378567549,0.007837291279
407,-12.629172419108,0.267543198617,-0.350810344975,0.007431755517
408,-11.495672402177,0.243353599619,-0.319324233394,0.006759822212
409,-11.825363980955,0.285384369044,-0.328482332804,0.007927343585
410,-12.442578545396,0.262067764989,-0.345627181817,0.007279660139
411,-12.211084289414,0.249400444447,-0.339196785817,0.006927790124
412,-12.563434455054,0.296659141492,-0.348984290418,0.008240531708
413,-12.723471010680,0.261435652904,-0.353429750297,0.007262101470
414,-12.910706226008,0.309935002039,-0.358630728500,0.008609305612
415,-12.285997196245,0.285814204771,-0.341277699896,0.007939283466
416,-12.706231444773,0.253648884531,-0.352950873466,0.007045802348
417,-12.244551398871,0.413401426314,-0.340126427746,0.011483372953
418,-12.299512343806,0.264035081769,-0.341653120661,0.007334307827
419,-13.130190117620,0.270414883669,-0.364727503267,0.007511524546
420,-12.483196269551,0.241216367571,-0.346755451932,0.006700454655
421,-13.687263289299,0.291937246750,-0.380201758036,0.008109367965
422,-13.263051925038,0.267637723855,-0.368418109029,0.007434381218
423,-13.550430118099,0.257170041812,-0.376400836614,0.007143612273
424,-13.667048553527,0.254785015428,-0.379640237598,0.007077361540
425,-12.648872751130,0.263506102148,-0.351357576420,0.007319613949
426,-12.465485928618,0.267828783825,-0.346263498017,0.007439688440
427,-13.938152360145,0.278754028581,-0.387170898893,0.007743167461
428,-13.040042391382,0.253325023119,-0.362223399761,0.007036806198
429,-13.589763401166,0.271128059768,-0.377493427810,0.007531334994
430,-13.888466757714,0.240583128437,-0.385790743270,0.006682864679
431,-13.795749122057,0.234252794038,-0.383215253390,0.006507022057
432,-13.604453959789,0.285341490206,-0.377901498883,0.007926152506
433,-14.272201282366,0.248719358957,-0.396450035621,0.006908871082
434,-13.416273680781,0.271509395437,-0.372674268911,0.007541927651
435,-13.576469243903,0.223374376406,-0.377124145664,0.006204843789
436,-12.641223002194,0.287590534823,-0.351145083394,0.007988625967
437,-14.252540696535,0.286890595831,-0.395903908237,0.007969183218
438,-14.493893746101,0.225870140860,-0.402608159614,0.006274170579
439,-14.015596142794,0.236539544936,-0.389322115078,0.006570542915
440,-12.916722225242,0.264240594723,-0.358797839590,0.007340016520
441,-13.715563825768,0.247411193756,-0.380987884049,0.006872533160
442,-14.331409931669,0.241931611052,-0.398094720324,0.006720322529
443,-15.309575530187,0.223932307139,-0.425265986950,0.006220341865
444,-13.961769492956,0.225576821005,-0.387826930360,0.006266022806
445,-13.918956948385,0.240416583857,-0.386637693011,0.006678238440
446,-15.150355304124,0.236491149693,-0.420843202892,0.006569198603
447,-14.329153686850,0.242192993290,-0.398032046857,0.006727583147
448,-13.785170765511,0.244879297760,-0.382921410153,0.006802202716
449,-14.242645599983,0.236155526863,-0.395629044444,0.006559875746
450,-14.067932067284,0.251185166846,-0.390775890758,0.006977365746
451,-13.649060569452,0.271550238702,-0.379140571374,0.007543062186
452,-13.797088859563,0.250352056741,-0.383252468321,0.006954223798
453,-14.879819141969,0.256448105562,-0.413328309499,0.007123558488
454,-14.576852687530,0.247297991470,-0.404912574654,0.006869388652
455,-15.061640224728,0.244180183640,-0.418378895131,0.006782782879
456,-15.881482661737,0.252154189971,-0.441152296159,0.007004283055
457,-14.949434131814,0.263233963861,-0.415262059217,0.007312054552
458,-15.900527123257,0.248754574942,-0.441681308979,0.006909849304
459,-15.241489157034,0.262308992789,-0.423374698806,0.007286360911
460,-14.102579768423,0.294632488738,-0.391738326901,0.008184235798
461,-14.731440620315,0.271085643712,-0.409206683898,0.007530156770
462,-15.177476435714,0.380515340124,-0.421596567659,0.010569870559
463,-15.156929269152,0.235740925908,-0.421025813032,0.006548359053
464,-12.988069534490,0.360341547298,-0.360779709291,0.010009487425
465,-14.449157174494,0.236158253111,-0.401365477069,0.006559951475
466,-14.202149620245,0.244662243814,-0.394504156118,0.006796173439
467,-15.228937863509,0.246570887605,-0.423026051764,0.006849191322
468,-15.624097224459,0.231118525559,-0.434002700679,0.006419959043
469,-15.938314912538,0.243934100649,-0.442730969793,0.006775947240
470,-15.299156539669,0.258802332463,-0.424976570546,0.007188953680
471,-15.302441980111,0.260206809690,-0.425067832781,0.007227966936
472,-15.323474166651,0.246642718554,-0.425652060185,0.006851186627
473,-16.400061166406,0.236465500873,-0.455557254622,0.006568486135
474,-16.821708438792,0.259264326794,-0.467269678855,0.007201786855
475,-15.423601816303,0.245733589677,-0.428433383786,0.006825933047
476,-15.532908069323,0.266450815825,-0.431469668592,0.007401411551
477,-15.848405449282,0.273214527048,-0.440233484702,0.007589292418
478,-15.834265185445,0.227959226174,-0.439840699596,0.006332200727
479,-16.986497342413,0.213868462894,-0.471847148400,0.005940790636
480,-16.400910996697,0.244086652212,-0.455580861019,0.006780184784
481,-16.073187062566,0.287806265812,-0.446477418405,0.007994618495
482,-15.298279056914,0.284274154218,-0.424952196025,0.007896504284
483,-16.346625149144,0.214211609699,-0.454072920810,0.005950322492
484,-16.569547708622,0.207092566108,-0.460265214128,0.005752571281
485,-15.693175078445,0.253359151910,-0.435921529957,0.007037754220
486,-16.136539344556,0.222237246137,-0.448237204015,0.006173256837
487,-15.167839108788,0.267451228208,-0.421328864133,0.007429200784
488,-15.883722326767,0.237248956351,-0.441214509077,0.006590248788
489,-16.287964997630,0.259826995713,-0.452443472156,0.007217416548
490,-15.527489519176,0.286359265139,-0.431319153310,0.007954424032
491,-16.644886611417,0.292037035595,-0.462357961428,0.008112139878
492,-16.000218319149,0.317737470618,-0.444450508865,0.008826040850
493,-16.167969964479,0.223569359694,-0.449110276791,0.006210259991
494,-15.874332692655,0.252263990765,-0.440953685907,0.007007333077
495,-15.398568849972,0.228614519843,-0.427738023610,0.006350403329
496,-16.346963083896,0.215116316434,-0.454082307886,0.005975453234
497,-16.103913173546,0.300427734587,-0.447330921487,0.008345214850
498,-17.915690787943,0.270958737899,-0.497658077443,0.007526631608
499,-16.729040384060,0.256310824822,-0.464695566224,0.007119745134
500,-16.653098235702,0.218822921750,-0.462586062103,0.006078414493
501,-16.518889179012,0.199019305011,-0.458858032750,0.005528314028
502,-16.637210469768,0.257756050773,-0.462144735271,0.007159890299
503,-15.931751772288,0.298397736564,-0.442548660341,0.008288826016
504,-16.790682021070,0.235922407962,-0.466407833919,0.006553400221
505,-16.949627536211,0.236041810250,-0.470822987117,0.006556716951
506,-16.986728277731,0.210418916757,-0.471853563270,0.005844969910
507,-16.344707705078,0.245892253772,-0.454019658474,0.006830340383
508,-17.825629711916,0.224785877464,-0.495156380887,0.006244052152
509,-17.735341589132,0.234157562256,-0.492648377476,0.006504376729
510,-17.164999325752,0.240555299166,-0.476805536826,0.006682091643
511,-17.505533139673,0.241960114667,-0.486264809435,0.006721114296
512,-17.521259604307,0.254575050147,-0.486701655675,0.007071529171
513,-17.409677106501,0.229962291678,-0.483602141847,0.006387841436
514,-17.630852421107,0.264521077566,-0.489745900586,0.007347807710
515,-18.207974702794,0.252065418284,-0.505777075078,0.007001817175
516,-17.696259385266,0.243714647145,-0.491562760702,0.006769851310
517,-18.082762677448,0.220963927396,-0.502298963262,0.006137886872
518,-17.206554039919,0.236152556703,-0.477959834442,0.006559793242
519,-17.225416775118,0.291582277506,-0.478483799309,0.008099507708
520,-15.991278693478,0.256525168314,-0.444202185930,0.007125699120
521,-17.958948248198,0.219922496442,-0.498859673561,0.006108958234
522,-18.063792332125,0.225825375482,-0.501772009226,0.006272927097
523,-17.990615454036,0.244234403429,-0.499739318168,0.006784288984
524,-17.785194958851,0.219332433332,-0.494033193301,0.006092567593
525,-18.046779545156,0.246394964674,-0.501299431810,0.006844304574
526,-17.989195790686,0.232221033919,-0.499699883075,0.006450584276
527,-16.301310282968,0.248020658715,-0.452814174527,0.006889462742
528,-17.025101657077,0.232963468193,-0.472919490474,0.006471207450
529,-16.802187274484,0.291372764807,-0.466727424291,0.008093687911
530,-16.886924606956,0.257012477551,-0.469081239082,0.007139235488
531,-16.854354307669,0.222725815197,-0.468176508546,0.006186828200
532,-18.189518721737,0.256828168545,-0.505264408937,0.007134115793
533,-18.247906236433,0.233611812340,-0.506886284345,0.006489217009
534,-19.187274466062,0.237593662419,-0.532979846279,0.006599823956
535,-17.232699769053,0.226992345720,-0.478686104696,0.006305342937
536,-19.175118577521,0.234415040429,-0.532642182709,0.006511528901
537,-18.795580227763,0.201160442502,-0.522099450771,0.005587790070
538,-18.121225350719,0.268482639030,-0.503367370853,0.007457851084
539,-18.675256257661,0.227254723994,-0.518757118268,0.006312631222
540,-18.051383823165,0.249646632027,-0.501427328421,0.006934628667
541,-18.715111556699,0.256338010564,-0.519864209908,0.007120500293
542,-18.287279820135,0.245417046325,-0.507979995004,0.006817140176
543,-17.728746036568,0.235033745881,-0.492465167682,0.006528715163
544,-17.923685398473,0.236601777778,-0.497880149958,0.006572271605
545,-18.599429313198,0.265672881973,-0.516650814256,0.007379802277
546,-17.842131360746,0.252633182966,-0.495614760021,0.007017588416
547,-18.988881562992,0.228513250781,-0.527468932305,0.006347590299
548,-19.024511928969,0.236832542942,-0.528458664694,0.006578681748
549,-16.946757556039,0.324886827369,-0.470743265446,0.009024634094
550,-17.959051565213,0.268554473980,-0.498862543478,0.007459846499
551,-18.073984723276,0.242916628115,-0.502055131202,0.006747684114
552,-17.095192783903,0.249381256443,-0.474866466220,0.006927257123
553,-17.105724672718,0.255112354333,-0.475159018687,0.007086454287
554,-18.037976951002,0.233751441724,-0.501054915306,0.006493095603
555,-19.301844129496,0.233818496376,-0.536162336930,0.006494958233
556,-18.967964196455,0.258622184047,-0.526887894346,0.007183949557
557,-19.936071698273,0.244188613984,-0.553779769396,0.006783017055
558,-19.320395415181,0.238755661442,-0.536677650422,0.006632101707
559,-18.743133079239,0.253631418584,-0.520642585534,0.007045317183
560,-19.490312555227,0.223893005297,-0.541397570979,0.006219250147
561,-19.523005632685,0.245652443016,-0.542305712019,0.006823678973
562,-20.302179462182,0.240115338789,-0.563949429505,0.006669870522
563,-19.890047241931,0.241796976702,-0.552501312276,0.006716582686
564,-19.014378879324,0.219190125387,-0.528177191092,0.006088614594
565,-19.097337172433,0.245946974386,-0.530481588123,0.006831860400
566,-18.354120719325,0.254261065783,-0.509836686648,0.007062807383
567,-19.220133659069,0.245746715864,-0.533892601641,0.006826297663
568,-18.954528452548,0.239175582460,-0.526514679237,0.006643766179
569,-20.139575417133,0.195992041259,-0.559432650476,0.005444223368
570,-20.448597001540,0.201183264159,-0.568016583376,0.005588424004
571,-19.860519487435,0.221084725171,-0.551681096873,0.006141242366
572,-18.977222034172,0.201422428402,-0.527145056505,0.005595067456
573,-18.729739107224,0.246558548323,-0.520270530756,0.006848848565
574,-19.104402521336,0.210906048106,-0.530677847815,0.005858501336
575,-19.313844095718,0.608679549904,-0.536495669325,0.016907765275
576,-18.961101876367,0.244682059386,-0.526697274344,0.006796723872
577,-17.973533894646,0.251709467143,-0.499264830407,0.006991929643
578,-18.593451101876,0.293143209655,-0.516484752830,0.008142866935
579,-18.606648013294,0.222111043639,-0.516851333703,0.006169751212
580,-18.904536436693,0.261982898254,-0.525126012130,0.007277302729
581,-18.155287757500,0.237942135906,-0.504313548819,0.006609503775
582,-17.928908229037,0.230140527645,-0.498025228584,0.006392792435
583,-19.774617864326,0.219511297031,-0.549294940676,0.006097536029
584,-20.796834010556,0.205932809217,-0.577689833627,0.005720355812
585,-20.214168312527,0.240803293793,-0.561504675348,0.006688980383
586,-20.296724344488,0.223224123177,-0.563797898458,0.006200670088
587,-20.306786906424,0.247692671608,-0.564077414067,0.006880351989
588,-20.807392290786,0.230855547241,-0.577983119188,0.006412654090
589,-19.348156101776,0.259237917081,-0.537448780605,0.007201053252
590,-20.183512771079,0.240993680155,-0.560653132530,0.006694268893
591,-19.562859050553,0.260115993485,-0.543412751404,0.007225444263
592,-18.792602783878,0.267008463559,-0.522016743997,0.007416901766
593,-18.689113872734,0.248250377089,-0.519142052020,0.006895843808
594,-20.663512255844,0.218437858765,-0.573986451551,0.006067718299
595,-21.684079742851,0.193283905572,-0.602335548413,0.005368997377
596,-20.358955120428,0.251337677055,-0.565526531123,0.006981602140
597,-18.799292889125,0.238020255730,-0.522202580253,0.006611673770
598,-20.029304449109,0.211826010102,-0.556369568031,0.005884055836
599,-20.323086795622,0.200692823855,-0.564530188767,0.005574800663
600,-19.220499991086,0.243239558201,-0.533902777530,0.006756654394
601,-20.146072287126,0.242384056741,-0.559613119087,0.006732890465
602,-22.232824463156,0.221943008462,-0.617578457310,0.006165083568
603,-20.853620429431,0.214351476866,-0.579267234151,0.005954207691
604,-20.090250293952,0.233709745715,-0.558062508165,0.006491937381
605,-21.032580905241,0.267785077450,-0.584238358479,0.007438474374
606,-19.600796827623,0.249981071660,-0.544466578545,0.006943918657
607,-19.910378193107,0.178203541568,-0.553066060920,0.004950098377
608,-19.046744656116,0.255161489407,-0.529076240448,0.007087819150
609,-19.287097035384,0.248100414952,-0.535752695427,0.006891678193
610,-20.710963251675,0.259467070817,-0.575304534769,0.007207418634
611,-20.148399303479,0.237799661559,-0.559677758430,0.006605546154
612,-21.540934254272,0.206667109932,-0.598359284841,0.005740753054
613,-20.025705242376,0.196839899835,-0.556269590066,0.005467774995
614,-21.844311590567,0.225225160637,-0.606786433071,0.006256254462
615,-21.664651201352,0.441667130980,-0.601795866704,0.012268531416
616,-20.284516437837,0.277593625693,-0.563458789940,0.007710934047
617,-20.519952793016,0.247948533894,-0.569998688695,0.006887459275
618,-20.643132024472,0.532638718919,-0.573420334013,0.014795519970
619,-21.268203059811,0.233913931846,-0.590783418328,0.006497609218
620,-21.728969892259,0.203694601489,-0.603582497007,0.005658183375
621,-23.922795634538,0.195532897185,-0.664522100959,0.005431469366
622,-21.144917892527,0.258951603385,-0.587358830348,0.007193100094
623,-20.536407087869,0.249833844280,-0.570455752441,0.006939829008
624,-21.827368362114,0.189369314171,-0.606315787837,0.005260258727
625,-21.752556907690,0.213804984440,-0.604237691880,0.005939027346
626,-21.129826547314,0.195584926691,-0.586939626314,0.005432914630
627,-20.449358181303,0.210460617401,-0.568037727258,0.005846128261
628,-21.192349108612,0.213371198805,-0.588676364128,0.005926977745
629,-21.875442186942,0.236001494550,-0.607651171859,0.006555597071
630,-21.278540814492,0.240128868502,-0.591070578180,0.006670246347
631,-21.179479486047,0.268604893346,-0.588318874612,0.007461247037
632,-21.022156526041,0.226878752374,-0.583948792390,0.006302187566
633,-20.315919123418,0.309943602658,-0.564331086762,0.008609544518
634,-19.958305173292,0.268881862386,-0.554397365925,0.007468940622
635,-19.994269519623,0.237000835033,-0.555396375545,0.006583356529
636,-20.639099552238,0.205803241141,-0.573308320895,0.005716756698
637,-20.808263806927,0.227872095592,-0.578007327970,0.006329780433
638,-20.526609543749,0.246720972114,-0.570183598437,0.006853360337
639,-20.349197996595,0.216589319077,-0.565255499905,0.006016369974
640,-20.133476155549,0.236214067843,-0.559263226543,0.006561501885
641,-20.915469707326,0.225013687649,-0.580985269648,0.006250380212
642,-22.305251743928,0.245898432120,-0.619590326220,0.006830512003
643,-20.715904395980,0.240212629519,-0.575441788777,0.006672573042
644,-21.296995878854,0.249466303522,-0.591583218857,0.006929619542
645,-23.655750550366,0.219634941735,-0.657104181955,0.006100970604
646,-22.977116064184,0.298504070772,-0.638253224005,0.008291779744
647,-23.921994550094,0.186545261817,-0.664499848614,0.005181812828
648,-23.921995473564,0.176737154539,-0.664499874266,0.004909365404
649,-22.074259463334,0.267062144072,-0.613173873982,0.007418392891
650,-19.769398910266,0.272410962877,-0.549149969730,0.007566971191
651,-22.537912570719,0.205364623725,-0.626053126964,0.005704572881
652,-22.063556174555,0.233045223515,-0.612876560404,0.006473478431
653,-21.761908646289,0.259809982488,-0.604497462397,0.007216943958
654,-21.257038487042,0.291617727636,-0.590473291307,0.008100492434
655,-22.297327054381,0.189961983817,-0.619370195955,0.005276721773
656,-22.968585383933,0.295485838917,-0.638016260665,0.008207939970
657,-22.997188150155,0.269669561111,-0.638810781949,0.007490821142
658,-23.808810425854,0.191681677489,-0.661355845163,0.005324491041
659,-24.011048240116,0.247989088004,-0.666973562225,0.006888585778
660,-23.397549763116,0.259235468963,-0.649931937864,0.007200985249
661,-22.288955911443,0.290092782301,-0.619137664207,0.008058132842
662,-22.409875579772,0.262976829114,-0.622496543883,0.007304911920
663,-22.480044231418,0.261920919770,-0.624445673095,0.007275581105
664,-23.266217528759,0.256797091173,-0.646283820243,0.007133252533
665,-22.214529329729,0.265504748851,-0.617070259159,0.007375131913
666,-20.677125425745,0.323886610617,-0.574364595160,0.008996850295
667,-21.400978704477,0.305385250149,-0.594471630680,0.008482923615
668,-22.059363842395,0.219005306717,-0.612760106733,0.006083480742
669,-21.597066051600,0.288936672547,-0.599918501433,0.008026018682
670,-23.507495759471,0.261038698700,-0.652985993319,0.007251074964
671,-23.189244148828,0.218329814225,-0.644145670801,0.006064717062
672,-22.413281702866,0.239026926256,-0.622591158413,0.006639636840
673,-23.150048244015,0.269734396060,-0.643056895667,0.007492622113
674,-22.409569081839,0.247732686766,-0.622488030051,0.006881463521
675,-22.094084909298,0.225822555736,-0.613724580814,0.006272848770
676,-22.791468448728,0.228776109282,-0.633096345798,0.006354891924
677,-24.093418847653,0.247695312589,-0.669261634657,0.006880425350
678,-24.263341605205,0.247963199309,-0.673981711256,0.006887866647
679,-23.857202054120,0.231190561126,-0.662700057059,0.006421960031
680,-23.570719030428,0.267508280141,-0.654742195290,0.007430785559
681,-22.515311720150,0.443971458959,-0.625425325560,0.012332540527
682,-23.270829299532,0.199338570262,-0.646411924987,0.005537182507
683,-22.786604268387,0.254524845544,-0.632961229677,0.007070134598
684,-23.611561175600,0.237842461060,-0.655876699322,0.006606735029
685,-23.808768548392,0.203992481996,-0.661354681900,0.005666457833
686,-23.967063044413,0.235177823861,-0.665751751234,0.006532717329
687,-23.605244793025,0.258644066118,-0.655701244251,0.007184557392
688,-24.131843440492,0.262475784008,-0.670328984458,0.007290994000
689,-24.479262749807,0.220791760272,-0.679979520828,0.006133104452
690,-24.979318699651,0.201581205870,-0.693869963879,0.005599477941
691,-25.237241620701,0.212820488191,-0.701034489464,0.005911680228
692,-24.858394822529,0.210467630526,-0.690510967292,0.005846323070
693,-24.017144466775,0.248095595482,-0.667142901855,0.006891544319
694,-25.315041460815,0.211172643554,-0.703195596134,0.005865906765
695,-26.415843028280,0.192294322652,-0.733773417452,0.005341508963
696,-26.257003480990,0.195870555366,-0.729361207805,0.005440848760
697,-25.645985413872,0.215716314766,-0.712388483719,0.005992119855
698,-26.248777940161,0.193453986044,-0.729132720560,0.005373721835
699,-24.074051319273,0.264834813833,-0.668723647758,0.007356522606
700,-24.897092764972,0.173375587123,-0.691585910138,0.004815988531
701,-26.002455354596,0.196351203176,-0.722290426517,0.005454200088
702,-26.490936296154,0.200894027227,-0.735859341560,0.005580389645
703,-25.752871433701,0.222206926440,-0.715357539825,0.006172414623
704,-25.495679047669,0.208707766996,-0.708213306880,0.005797437972
705,-25.354528159661,0.205007397706,-0.704292448879,0.005694649936
706,-24.912842830459,0.206701058655,-0.692023411957,0.005741696074
707,-25.879246150497,0.202152094097,-0.718867948625,0.005615335947
708,-25.126680457995,0.221250643695,-0.697963346055,0.006145851214
709,-23.114261706819,0.224117726195,-0.642062825189,0.006225492394
710,-23.484787686401,0.210353974093,-0.652355213511,0.005843165947
711,-25.287911177595,0.215132801195,-0.702441977155,0.005975911144
712,-25.807812916710,0.243203857794,-0.716883692131,0.006755662716
713,-25.721101182767,0.237600895278,-0.714475032855,0.006600024869
714,-25.956312925619,0.218095994115,-0.721008692378,0.006058222059
715,-26.642165457769,0.204290769999,-0.740060151605,0.005674743611
716,-26.041287225973,0.215439089298,-0.723369089610,0.005984419147
717,-25.846622042941,0.230095927066,-0.717961723415,0.006391553530
718,-26.714345974642,0.206319966132,-0.742065165962,0.005731110170
719,-26.810261781437,0.200759533113,-0.744729493929,0.005576653698
720,-27.218906875665,0.206365078884,-0.756080746546,0.005732363302
721,-26.465938232547,0.201954064010,-0.735164950904,0.005609835111
722,-24.897570840242,0.223475216952,-0.691599190007,0.006207644915
723,-24.308090789949,0.238026555375,-0.675224744165,0.006611848760
724,-24.689650863779,0.230016690395,-0.685823635105,0.006389352511
725,-24.188110045804,0.207557293450,-0.671891945717,0.005765480374
726,-23.080447472268,0.258568998880,-0.641123540896,0.007182472191
727,-24.254673017415,0.210494963816,-0.673740917150,0.005847082328
728,-23.943235680760,0.221576729198,-0.665089880021,0.006154909144
729,-23.914996995114,0.237270759658,-0.664305472087,0.006590854435
730,-24.721084057946,0.208362532856,-0.686696779387,0.005787848135
731,-23.610724041881,0.243564068582,-0.655853445608,0.006765668572
732,-24.111175337149,0.245199595874,-0.669754870476,0.006811099885
733,-24.673290886417,0.241208553140,-0.685369191289,0.006700237587
734,-24.909989951023,0.221455059713,-0.691944165306,0.006151529436
735,-23.647674700489,0.242442575975,-0.656879852791,0.006734515999
736,-24.828996722307,0.216028644523,-0.689694353397,0.006000795681
737,-25.170199588638,0.233700727362,-0.699172210795,0.006491686871
738,-24.668201352288,0.230990034796,-0.685227815341,0.006416389855
739,-25.197370641486,0.226815506033,-0.699926962263,0.006300430723
740,-24.391541099992,0.242703008845,-0.677542808333,0.006741750246
741,-24.682082103337,0.235135133493,-0.685613391759,0.006531531486
742,-25.090345381435,0.242897473084,-0.696954038373,0.006747152030
743,-25.035491865190,0.238450585738,-0.695430329589,0.006623627382
744,-25.591230312199,0.233469498179,-0.710867508672,0.006485263838
745,-26.218555765935,0.245490529224,-0.728293215720,0.006819181367
746,-26.070153045698,0.197345797843,-0.724170917936,0.005481827718
747,-26.077793278412,0.208390117424,-0.724383146623,0.005788614373
748,-25.208490311794,0.267671505157,-0.700235841994,0.007435319588
749,-26.157251121850,0.197983397741,-0.726590308940,0.005499538826
750,-25.622784841776,0.624171250609,-0.711744023383,0.017338090295
751,-25.811046695260,0.174620289332,-0.716973519313,0.004850563593
752,-25.089968529558,0.193505066333,-0.696943570266,0.005375140731
753,-24.640367515353,0.192097891378,-0.684454653204,0.005336052538
754,-25.249074798316,0.217779369283,-0.701363188842,0.006049426925
755,-25.548253045766,0.212783829168,-0.709673695716,0.005910661921
756,-25.941812905280,0.234146296141,-0.720605914036,0.006504063782
757,-25.921052494472,0.219040519028,-0.720029235958,0.006084458862
758,-26.457116919978,0.224620613277,-0.734919914444,0.006239461480
759,-26.077891544185,0.217067586958,-0.724385876227,0.006029655193
760,-27.360039563310,0.195224570837,-0.760001098981,0.005422904745
761,-27.278105823883,0.179466621301,-0.757725161775,0.004985183925
762,-28.364283273490,0.143657381236,-0.787896757597,0.003990482812
763,-27.642207415800,0.166160977092,-0.767839094883,0.004615582697
764,-26.835217092786,0.201778814572,-0.745422697022,0.005604967071
765,-26.954089289188,0.197090950881,-0.748724702477,0.005474748636
766,-25.959087838343,0.362997173378,-0.721085773287,0.010083254816
767,-26.266052771949,0.209484708822,-0.729612576999,0.005819019690
768,-26.124347976926,0.205045181321,-0.725676332692,0.005695699481
769,-26.127370020695,0.227200460269,-0.725760278353,0.006311123896
770,-26.249263560415,0.214729884596,-0.729146210012,0.005964719017
771,-27.177592360702,0.208830884180,-0.754933121131,0.005800857894
772,-27.134391101784,0.195761094356,-0.753733086161,0.005437808177
773,-27.014986719670,0.208238242789,-0.750416297769,0.005784395633
774,-26.408833368622,0.214055479573,-0.733578704684,0.005945985544
775,-26.163061754906,0.213994679190,-0.726751715414,0.005944296644
776,-25.579587669756,0.242445533200,-0.710544101938,0.006734598144
777,-25.620148798122,0.272034068956,-0.711670799948,0.007556501915
778,-27.041312095900,0.215326194871,-0.751147558219,0.005981283191
779,-26.318672648836,0.230639717646,-0.731074240245,0.006406658823
780,-26.724646468466,0.261900367740,-0.742351290791,0.007275010215
781,-26.405766782911,0.282271407753,-0.733493521748,0.007840872438
782,-25.865235394540,0.274588325707,-0.718478760959,0.007627453492
783,-25.499437722302,0.258600862094,-0.708317714508,0.007183357280
784,-27.178610414957,0.244766794695,-0.754961400415,0.006799077630
785,-27.249337799746,0.216655588113,-0.756926049993,0.006018210781
786,-26.164466308051,0.242822700096,-0.726790730779,0.006745075003
787,-26.512990699387,0.261380531946,-0.736471963872,0.007260570332
788,-26.819210086006,0.219284632054,-0.744978057945,0.006091239779
789,-28.179758675489,0.186974790288,-0.782771074319,0.005193744175
790,-27.838002283793,0.204317345843,-0.773277841216,0.005675481829
791,-27.925652378092,0.192442149517,-0.775712566058,0.005345615264
792,-27.267320281584,0.229125578362,-0.757425563377,0.006364599399
793,-27.811482168680,0.274941237937,-0.772541171352,0.007637256609
794,-27.943659614270,0.224090902053,-0.776212767063,0.006224747279
795,-28.190651328531,0.172896175505,-0.783073648015,0.004802671542
796,-28.540600023704,0.167467462019,-0.792794445103,0.004651873945
797,-27.826090714930,0.212528854107,-0.772946964304,0.005903579281
798,-28.405242653066,0.176847595045,-0.789034518141,0.004912433196
799,-28.426914299518,0.180721651948,-0.789636508320,0.005020045887
