# RBM history | dtype=REAL | L=6 (N_sites=36) | J1=1.0 | J2=0.6
# Optimizer=Adam | lr=0.001 | alpha=4 | SR diag_shift=0.01
# Sampler=MetropolisExchange(d_max=2) | n_samples=10000 | discard=50 | seed=1234
# Paper reference E/site = -0.49518
iter,energy_mean,energy_sigma,energy_per_site_mean,energy_per_site_sigma
0,115.128415665019,0.011979178925,3.198011546251,0.000332754970
1,115.077405851240,0.015385527245,3.196594606979,0.000427375757
2,115.048270009044,0.018467895937,3.195785278029,0.000512997109
3,114.996969022334,0.022531765164,3.194360250620,0.000625882366
4,114.928008423132,0.023460006839,3.192444678420,0.000651666857
5,114.854750213668,0.028684844908,3.190409728157,0.000796801247
6,114.666725236808,0.035788534297,3.185186812134,0.000994125953
7,114.583033934391,0.040602998260,3.182862053733,0.001127861063
8,114.443640675165,0.045438997506,3.178990018755,0.001262194375
9,114.159729048274,0.053444158803,3.171103584674,0.001484559967
10,113.929945148200,0.058501813503,3.164720698561,0.001625050375
11,113.535906608461,0.068716294438,3.153775183568,0.001908785957
12,113.184136982157,0.075653286665,3.144003805060,0.002101480185
13,112.605285758042,0.082229254082,3.127924604390,0.002284145947
14,112.140042925041,0.091313038182,3.115001192362,0.002536473283
15,111.673410136539,0.096275485049,3.102039170459,0.002674319029
16,110.848350546578,0.114217241230,3.079120848516,0.003172701145
17,109.917797408139,0.126041239973,3.053272150226,0.003501145555
18,108.901909521790,0.142022471465,3.025053042272,0.003945068652
19,107.544150786747,0.147485097428,2.987337521854,0.004096808262
20,106.168943024664,0.166447994109,2.949137306241,0.004623555392
21,105.181079556536,0.178874858179,2.921696654348,0.004968746061
22,102.733757673483,0.196285308125,2.853715490930,0.005452369670
23,101.067414544785,0.204003130207,2.807428181800,0.005666753617
24,99.206235780653,0.227030089178,2.755728771685,0.006306391366
25,96.189238406382,0.254984595500,2.671923289066,0.007082905431
26,93.678139042462,0.271699880350,2.602170528957,0.007547218899
27,91.228618525141,0.279911453297,2.534128292365,0.007775318147
28,87.535153022527,0.309335832823,2.431532028404,0.008592662023
29,83.878869001119,0.319586876039,2.329968583364,0.008877413223
30,81.075322083746,0.346707393179,2.252092280104,0.009630760922
31,76.529471385108,0.383495520197,2.125818649586,0.010652653339
32,73.615322318117,0.406001757876,2.044870064392,0.011277826608
33,68.924765973692,0.422443893487,1.914576832603,0.011734552597
34,64.873779825305,0.422670453019,1.802049439592,0.011740845917
35,60.847811963654,0.453068574872,1.690216998990,0.012585238191
36,56.877196809420,0.451205131320,1.579922133595,0.012533475870
37,53.145231125869,0.481432094365,1.476256420163,0.013373113732
38,49.045680934749,0.523766487553,1.362380025965,0.014549069099
39,44.635384342090,0.532110128927,1.239871787280,0.014780836915
40,40.600045426042,0.498822202283,1.127779039612,0.013856172286
41,37.513844434889,0.508637388050,1.042051234302,0.014128816335
42,33.365588906162,0.506610535034,0.926821914060,0.014072514862
43,32.019499142350,0.478401782948,0.889430531732,0.013288938415
44,27.790605661056,0.478160543968,0.771961268363,0.013282237332
45,24.694765464385,0.469744516735,0.685965707344,0.013048458798
46,21.817811070542,0.455875582222,0.606050307515,0.012663210617
47,19.120863247563,0.447614857599,0.531135090210,0.012433746044
48,18.439358328927,0.450120150782,0.512204398026,0.012503337522
49,15.590031706515,0.441932303436,0.433056436292,0.012275897318
50,13.132472203705,0.417788587984,0.364790894547,0.011605238555
51,12.025961175310,0.458871621894,0.334054477092,0.012746433941
52,9.783205517777,0.400362267313,0.271755708827,0.011121174092
53,7.810409517174,0.400408335122,0.216955819922,0.011122453753
54,6.394392998273,0.383641114073,0.177622027730,0.010656697613
55,5.293122041697,0.375936647003,0.147031167825,0.010442684639
56,3.592055997508,0.363342952154,0.099779333264,0.010092859782
57,2.937040623799,0.371683052137,0.081584461772,0.010324529226
58,1.299817403699,0.343761040689,0.036106038992,0.009548917797
59,0.773455407681,0.347329981850,0.021484872436,0.009648055051
60,-0.297171326678,0.370766613089,-0.008254759074,0.010299072586
61,-1.748984139627,0.347195017404,-0.048582892767,0.009644306039
62,-2.426553427042,0.334652716943,-0.067404261862,0.009295908804
63,-3.929187740481,0.286061127271,-0.109144103902,0.007946142424
64,-4.313931361642,0.284005915969,-0.119831426712,0.007889053221
65,-5.849371017678,0.283101267137,-0.162482528269,0.007863924087
66,-6.214090794546,0.276175055812,-0.172613633182,0.007671529328
67,-6.207560270147,0.308062289045,-0.172432229726,0.008557285807
68,-7.218179725600,0.316577024279,-0.200504992378,0.008793806230
69,-7.346622887013,0.347221254104,-0.204072857973,0.009645034836
70,-8.408300606894,0.274767982283,-0.233563905747,0.007632443952
71,-8.686369296515,0.285801776703,-0.241288036014,0.007938938242
72,-9.406078243364,0.326669866260,-0.261279951205,0.009074162952
73,-9.949949654635,0.298109696779,-0.276387490407,0.008280824911
74,-10.694181581555,0.265763859839,-0.297060599488,0.007382329440
75,-11.050043681540,0.260340378616,-0.306945657821,0.007231677184
76,-11.256773562086,0.264204853345,-0.312688154502,0.007339023704
77,-10.672940861894,1.074358704979,-0.296470579497,0.029843297361
78,-12.292117671217,0.271649275603,-0.341447713089,0.007545813211
79,-12.357283691784,0.242992455851,-0.343257880327,0.006749790440
80,-12.708586315535,0.255726301886,-0.353016286543,0.007103508386
81,-13.194602367491,0.214738916029,-0.366516732430,0.005964969890
82,-13.492262129654,0.293771692180,-0.374785059157,0.008160324783
83,-13.545494842605,0.273619016332,-0.376263745628,0.007600528231
84,-14.060139301065,0.232591762500,-0.390559425030,0.006460882292
85,-13.901431768525,0.270476694664,-0.386150882459,0.007513241518
86,-14.745958756242,0.215791451022,-0.409609965451,0.005994206973
87,-15.023998946537,0.243447817581,-0.417333304070,0.006762439377
88,-15.088975766360,0.208600292108,-0.419138215732,0.005794452559
89,-15.947207202887,0.226685107290,-0.442977977858,0.006296808536
90,-15.530516145318,0.223847555773,-0.431403226259,0.006217987660
91,-15.998489919397,0.209561049048,-0.444402497761,0.005821140251
92,-15.497594141379,0.538726483644,-0.430488726149,0.014964624546
93,-16.234050915552,0.242828216080,-0.450945858765,0.006745228224
94,-16.498813930559,0.231673471082,-0.458300386960,0.006435374197
95,-16.307686871643,0.276789240326,-0.452991301990,0.007688590009
96,-16.843276947663,0.226021897069,-0.467868804102,0.006278386030
97,-17.426578581479,0.191337676234,-0.484071627263,0.005314935451
98,-17.238808923478,0.341200967657,-0.478855803430,0.009477804657
99,-17.748798078971,0.228270018528,-0.493022168860,0.006340833848
100,-18.077706226516,0.188813415525,-0.502158506292,0.005244817098
101,-18.072558259740,0.185706651479,-0.502015507215,0.005158518097
102,-18.689890081218,0.192388427312,-0.519163613367,0.005344122981
103,-18.612082459253,0.200896991072,-0.517002290535,0.005580471974
104,-18.901654518134,0.182809205034,-0.525045958837,0.005078033473
105,-19.317628722427,0.209595180395,-0.536600797845,0.005822088344
106,-19.276626673266,0.178913475127,-0.535461852035,0.004969818754
107,-19.348055280747,0.185812734114,-0.537445980021,0.005161464836
108,-19.752719186374,0.183421653934,-0.548686644066,0.005095045943
109,-19.885172820289,0.170359966210,-0.552365911675,0.004732221284
110,-20.219558991619,0.164694613320,-0.561654416434,0.004574850370
111,-19.762476731607,0.247330228597,-0.548957686989,0.006870284128
112,-19.934250071620,0.220684678013,-0.553729168656,0.006130129945
113,-20.798267702146,0.168764263630,-0.577729658393,0.004687896212
114,-20.492002856121,0.196104662288,-0.569222301559,0.005447351730
115,-20.170936525206,0.179388872357,-0.560303792367,0.004983024232
116,-21.418987096196,0.174501222355,-0.594971863783,0.004847256177
117,-21.126721311436,0.175070500561,-0.586853369762,0.004863069460
118,-21.528461748420,0.158779358101,-0.598012826345,0.004410537725
119,-21.584421099609,0.162106381132,-0.599567252767,0.004502955031
120,-21.224314899722,0.216304842165,-0.589564302770,0.006008467838
121,-21.761532138194,0.167289359201,-0.604487003839,0.004646926644
122,-21.568891484441,0.245606222719,-0.599135874568,0.006822395076
123,-21.932984877698,0.161518627836,-0.609249579936,0.004486628551
124,-22.197543036857,0.186104898259,-0.616598417690,0.005169580507
125,-22.323395406327,0.177337230510,-0.620094316842,0.004926034181
126,-22.431233099509,0.198473334133,-0.623089808320,0.005513148170
127,-22.147819441127,0.256617876398,-0.615217206698,0.007128274344
128,-22.628446064026,0.175816828365,-0.628567946223,0.004883800788
129,-22.838253225916,0.171985041555,-0.634395922942,0.004777362265
130,-22.441970833709,0.200488480906,-0.623388078714,0.005569124470
131,-22.754117531676,0.158873606828,-0.632058820324,0.004413155745
132,-23.496647676862,0.169498746307,-0.652684657691,0.004708298509
133,-23.778429670673,0.174785425076,-0.660511935296,0.004855150697
134,-23.966272938292,0.169817292271,-0.665729803841,0.004717147008
135,-23.598360329024,0.176798129359,-0.655510009140,0.004911059149
136,-23.277206046404,0.169406102975,-0.646589056845,0.004705725083
137,-24.653918469652,0.160452017406,-0.684831068601,0.004457000483
138,-23.507795004892,0.502118316411,-0.652994305691,0.013947731011
139,-24.451167632787,0.142943266548,-0.679199100911,0.003970646293
140,-24.196173335747,0.185162493138,-0.672115925993,0.005143402587
141,-24.939692031481,0.152868342161,-0.692769223097,0.004246342838
142,-24.753599464780,0.223742634249,-0.687599985133,0.006215073174
143,-24.310930530854,0.189429314873,-0.675303625857,0.005261925413
144,-24.687143130150,0.141626002990,-0.685753975837,0.003934055639
145,-24.290711786135,0.207055950236,-0.674741994059,0.005751554173
146,-25.367360458345,0.189287337528,-0.704648901621,0.005257981598
147,-24.366109843563,0.170238081453,-0.676836384543,0.004728835596
148,-24.949164407676,0.180481724935,-0.693032344658,0.005013381248
149,-24.956013941833,0.161013277633,-0.693222609495,0.004472591045
150,-25.725784326502,0.157577731269,-0.714605120181,0.004377159202
151,-25.956869396371,0.161917846410,-0.721024149899,0.004497717956
152,-25.634656517374,0.170911357732,-0.712073792149,0.004747537715
153,-25.086814621780,0.151269314499,-0.696855961716,0.004201925403
154,-25.129652583636,0.161139704449,-0.698045905101,0.004476102901
155,-26.149019841588,0.168383588768,-0.726361662266,0.004677321910
156,-26.185407698815,0.144384301529,-0.727372436078,0.004010675042
157,-25.613673674272,0.139010643505,-0.711490935396,0.003861406764
158,-26.220410319808,0.160084893573,-0.728344731106,0.004446802599
159,-26.377718852974,0.155569577540,-0.732714412583,0.004321377154
160,-25.569691234110,0.166374408583,-0.710269200947,0.004621511350
161,-26.431207212547,0.164185305182,-0.734200200349,0.004560702922
162,-25.813803472468,0.195751082955,-0.717050096457,0.005437530082
163,-25.243977170699,0.225839703889,-0.701221588075,0.006273325108
164,-26.897023471117,0.154112440042,-0.747139540864,0.004280901112
165,-25.338812109819,0.969504833009,-0.703855891939,0.026930689806
166,-26.408715901926,0.166643661858,-0.733575441720,0.004628990607
167,-27.035969752988,0.178020415035,-0.750999159805,0.004945011529
168,-27.177211361612,0.230133612327,-0.754922537823,0.006392600342
169,-27.020581092378,0.492722609685,-0.750571697010,0.013686739158
170,-27.551971597218,0.131741308234,-0.765332544367,0.003659480784
171,-27.917774198609,0.158265724355,-0.775493727739,0.004396270121
172,-27.795253978566,0.317313780186,-0.772090388294,0.008814271672
173,-27.637098223985,0.129120101167,-0.767697172888,0.003586669477
174,-27.722024427564,0.134172368453,-0.770056234099,0.003727010235
175,-27.739116751568,0.139548168616,-0.770531020877,0.003876338017
176,-27.941380007072,0.136954895369,-0.776149444641,0.003804302649
177,-27.439530051114,0.151545663498,-0.762209168087,0.004209601764
178,-27.479621298058,0.176060238829,-0.763322813835,0.004890562190
179,-28.358872307410,0.116469476084,-0.787746452984,0.003235263225
180,-28.280757935968,0.133992103931,-0.785576609332,0.003722002887
181,-28.471578252781,0.125803320999,-0.790877173688,0.003494536694
182,-28.532015246221,0.116382593159,-0.792555979062,0.003232849810
183,-28.322214822223,0.119544232640,-0.786728189506,0.003320673129
184,-28.371186559286,0.151645206847,-0.788088515536,0.004212366857
185,-28.398184350751,0.188931888944,-0.788838454188,0.005248108026
186,-28.425279261224,0.199593676862,-0.789591090590,0.005544268802
187,-28.361376254527,0.120690546114,-0.787816007070,0.003352515170
188,-28.472606842330,0.137479120545,-0.790905745620,0.003818864460
189,-28.635874694168,0.163092909906,-0.795440963727,0.004530358609
190,-28.578714962728,0.195302426945,-0.793853193409,0.005425067415
191,-27.980861152791,0.181864898550,-0.777246143133,0.005051802737
192,-28.068810785521,0.190925426063,-0.779689188487,0.005303484057
193,-28.727377315608,0.111694702432,-0.797982703211,0.003102630623
194,-28.103216468891,0.275444508307,-0.780644901914,0.007651236342
195,-29.064597930183,0.106283428721,-0.807349942505,0.002952317464
196,-28.953431819651,0.111675398597,-0.804261994990,0.003102094405
197,-28.985153629149,0.117491628737,-0.805143156365,0.003263656354
198,-28.689833285714,0.105835543742,-0.796939813492,0.002939876215
199,-28.872654434838,0.117579184036,-0.802018178745,0.003266088445
200,-28.586794032294,0.134626737325,-0.794077612008,0.003739631592
201,-28.899954713114,0.103140085444,-0.802776519809,0.002865002373
202,-28.730874440993,0.169538742632,-0.798079845583,0.004709409518
203,-29.143983096232,0.103697386129,-0.809555086006,0.002880482948
204,-28.935937485758,0.116097620308,-0.803776041271,0.003224933897
205,-28.862572722819,0.131918563635,-0.801738131189,0.003664404545
206,-28.948841551072,0.118410980777,-0.804134487530,0.003289193910
207,-29.149701025971,0.112950787934,-0.809713917388,0.003137521887
208,-27.833609577157,1.240261113605,-0.773155821588,0.034451697600
209,-29.330696797615,0.092873906987,-0.814741577712,0.002579830750
210,-28.860131552973,0.272221814822,-0.801670320916,0.007561717078
211,-28.804011414679,0.214318806132,-0.800111428186,0.005953300170
212,-28.896085296971,0.103243139753,-0.802669036027,0.002867864993
213,-29.011829102144,0.108739445781,-0.805884141726,0.003020540161
214,-28.903332938812,0.106881536897,-0.802870359411,0.002968931580
215,-28.842709287378,0.106042402092,-0.801186369094,0.002945622280
216,-28.502721271553,0.114458875095,-0.791742257543,0.003179413197
217,-28.754181792894,0.107474769665,-0.798727272025,0.002985410268
218,-28.888259187724,0.106316790246,-0.802451644103,0.002953244174
219,-28.754904443006,0.122333827060,-0.798747345639,0.003398161863
220,-28.793873051484,0.126449528891,-0.799829806986,0.003512486914
221,-29.054039613410,0.103276381269,-0.807056655928,0.002868788369
222,-28.812523330052,0.162550726492,-0.800347870279,0.004515297958
223,-28.892214840315,0.103119570907,-0.802561523342,0.002864432525
224,-28.999450932786,0.186984020901,-0.805540303688,0.005194000581
225,-28.891411297008,0.105369228978,-0.802539202695,0.002926923027
226,-28.973194770963,0.102317976866,-0.804810965860,0.002842166024
227,-29.123954472904,0.099474290439,-0.808998735358,0.002763174734
228,-29.001660796260,0.120003102258,-0.805601688785,0.003333419507
229,-28.706000087908,0.206700232646,-0.797388891331,0.005741673129
230,-28.744635598716,0.107997559043,-0.798462099964,0.002999932196
231,-28.855033519285,0.106423105580,-0.801528708869,0.002956197377
232,-29.087151533547,0.118013080895,-0.807976431487,0.003278141136
233,-28.961749042961,0.136646984573,-0.804493028971,0.003795749571
234,-29.046850737239,0.100318946522,-0.806856964923,0.002786637403
235,-29.107808162307,0.100031409835,-0.808550226731,0.002778650273
236,-29.191044364130,0.097709922020,-0.810862343448,0.002714164501
237,-29.124723980268,0.097033672959,-0.809020110563,0.002695379804
238,-29.178163988007,0.099254972371,-0.810504555222,0.002757082566
239,-29.230261535937,0.097598141128,-0.811951709332,0.002711059476
240,-29.112567041866,0.144245760014,-0.808682417830,0.004006826667
241,-28.949566497421,0.215162127834,-0.804154624928,0.005976725773
242,-29.364146267561,0.092563834886,-0.815670729654,0.002571217636
243,-29.279152982458,0.094028711680,-0.813309805068,0.002611908658
244,-29.005419295202,0.137994759880,-0.805706091533,0.003833187774
245,-29.291827819990,0.103676675599,-0.813661883889,0.002879907656
246,-29.250995855483,0.095306990812,-0.812527662652,0.002647416411
247,-29.304279460033,0.093109487160,-0.814007762779,0.002586374643
248,-29.327738417432,0.096992069913,-0.814659400484,0.002694224164
249,-29.552324113920,0.085968047052,-0.820897892053,0.002388001307
250,-29.595275803512,0.086523387509,-0.822090994542,0.002403427431
251,-29.511657448271,0.090540073685,-0.819768262452,0.002515002047
252,-29.442349415050,0.087624228420,-0.817843039307,0.002434006345
253,-29.446661607979,0.089458217907,-0.817962822444,0.002484950497
254,-29.420930350598,0.091959281965,-0.817248065294,0.002554424499
255,-29.360054040810,0.098148846737,-0.815557056689,0.002726356854
256,-29.588941804108,0.095708378828,-0.821915050114,0.002658566079
257,-29.513601468806,0.088044750720,-0.819822263022,0.002445687520
258,-29.436936592367,0.089669980600,-0.817692683121,0.002490832794
259,-29.690165511618,0.082011851322,-0.824726819767,0.002278106981
260,-29.517249025766,0.090487284984,-0.819923584049,0.002513535694
261,-29.681560269601,0.083079929142,-0.824487785267,0.002307775809
262,-29.618669349348,0.086860003397,-0.822740815260,0.002412777872
263,-29.657873393898,0.086406194482,-0.823829816497,0.002400172069
264,-29.558971364244,0.089320729322,-0.821082537896,0.002481131370
265,-29.678695898766,0.087601026573,-0.824408219410,0.002433361849
266,-29.641165710982,0.120585509757,-0.823365714194,0.003349597493
267,-29.711615675236,0.082480764457,-0.825322657645,0.002291132346
268,-29.560479389439,0.181836571627,-0.821124427484,0.005051015879
269,-29.793560550532,0.080552142048,-0.827598904181,0.002237559501
270,-29.519149053921,0.101541977878,-0.819976362609,0.002820610497
271,-29.808876652827,0.079404950922,-0.828024351467,0.002205693081
272,-29.723998609538,0.087027101608,-0.825666628043,0.002417419489
273,-29.811856080417,0.083644160519,-0.828107113345,0.002323448903
274,-29.757685293200,0.081723995169,-0.826602369256,0.002270110977
275,-29.770984607936,0.084541382544,-0.826971794665,0.002348371737
276,-29.832682539565,0.081183200270,-0.828685626099,0.002255088896
277,-29.899925733972,0.077074325330,-0.830553492610,0.002140953481
278,-30.015864064944,0.073056932169,-0.833774001804,0.002029359227
279,-29.881119228222,0.081100168547,-0.830031089673,0.002252782460
280,-29.917193806308,0.076093724933,-0.831033161286,0.002113714581
281,-29.896168466226,0.182777573713,-0.830449124062,0.005077154825
282,-30.103819888246,0.074423613640,-0.836217219118,0.002067322601
283,-30.003872223798,0.075432119831,-0.833440895106,0.002095336662
284,-29.980570675101,0.078155168183,-0.832793629864,0.002170976894
285,-30.059246819024,0.074590188876,-0.834979078306,0.002071949691
286,-30.002387535732,0.076304814736,-0.833399653770,0.002119578187
287,-30.101406336864,0.076553588912,-0.836150176024,0.002126488581
288,-30.050060302962,0.072612063951,-0.834723897304,0.002017001776
289,-30.090707937427,0.073672284196,-0.835852998262,0.002046452339
290,-30.102328083697,0.074808721713,-0.836175780103,0.002078020048
291,-30.107213299673,0.071294156493,-0.836311480546,0.001980393236
292,-30.102800163472,0.072597259025,-0.836188893430,0.002016590528
293,-30.191160031032,0.077260295349,-0.838643334195,0.002146119315
294,-30.161792489464,0.072011160897,-0.837827569152,0.002000310025
295,-30.187752066170,0.070106478708,-0.838548668505,0.001947402186
296,-30.210257261186,0.069376990331,-0.839173812811,0.001927138620
297,-30.385904710020,0.064648039021,-0.844052908612,0.001795778862
298,-30.287762143169,0.070146244531,-0.841326726199,0.001948506793
299,-30.384846435492,0.067543663880,-0.844023512097,0.001876212886
300,-30.080164797856,0.197597607871,-0.835560133274,0.005488822441
301,-30.273191515952,0.068698559797,-0.840921986554,0.001908293328
302,-30.373851494580,0.064648702353,-0.843718097072,0.001795797288
303,-29.304818033378,1.006564334339,-0.814022723149,0.027960120398
304,-30.359051424158,0.064847079493,-0.843306984004,0.001801307764
305,-30.309462800929,0.067140157998,-0.841929522248,0.001865004389
306,-30.146027095474,0.083327991236,-0.837389641541,0.002314666423
307,-30.264272513306,0.069462846149,-0.840674236481,0.001929523504
308,-30.328371356573,0.067535379775,-0.842454759905,0.001875982772
309,-30.054363548963,0.157522663668,-0.834843431916,0.004375629546
310,-30.390989245336,0.060638018773,-0.844194145704,0.001684389410
311,-30.249760745664,0.068814565225,-0.840271131824,0.001911515701
312,-30.296127823949,0.077200512540,-0.841559106221,0.002144458682
313,-30.206534744951,0.069164880908,-0.839070409582,0.001921246692
314,-30.159109603687,0.076399177744,-0.837753044547,0.002122199382
315,-30.161974549444,0.075712516601,-0.837832626373,0.002103125461
316,-30.121760196047,0.077227824522,-0.836715561001,0.002145217348
317,-30.137723477011,0.098031447652,-0.837158985473,0.002723095768
318,-30.281506986139,0.065637980859,-0.841152971837,0.001823277246
319,-30.278616507083,0.068036576130,-0.841072680752,0.001889904893
320,-30.359875295697,0.063867076826,-0.843329869325,0.001774085467
321,-30.257985816447,0.069076556552,-0.840499606012,0.001918793238
322,-30.417928542640,0.060922999760,-0.844942459518,0.001692305549
323,-30.338091748750,0.067426062008,-0.842724770799,0.001872946167
324,-30.213457610815,0.072153470838,-0.839262711412,0.002004263079
325,-30.348669573670,0.068947681759,-0.843018599269,0.001915213382
326,-30.348948219719,0.067298376283,-0.843026339437,0.001869399341
327,-30.348582427509,0.065521084898,-0.843016178542,0.001820030136
328,-30.325699166989,0.071652281314,-0.842380532416,0.001990341148
329,-30.416475673936,0.064167339991,-0.844902102054,0.001782426111
330,-30.292128692362,0.069894683503,-0.841448019232,0.001941518986
331,-30.438701331694,0.061545543924,-0.845519481436,0.001709598442
332,-30.111400774038,0.138218918294,-0.836427799279,0.003839414397
333,-30.348169749934,0.084702145533,-0.843004715276,0.002352837376
334,-30.461471494065,0.062083345296,-0.846151985946,0.001724537369
335,-30.369177825488,0.064560114460,-0.843588272930,0.001793336513
336,-30.424378050645,0.063053310182,-0.845121612518,0.001751480838
337,-30.509899800938,0.058597175457,-0.847497216693,0.001627699318
338,-30.511766641752,0.062355954727,-0.847549073382,0.001732109854
339,-30.353069676110,0.068435376999,-0.843140824336,0.001900982694
340,-30.471857042209,0.062787011747,-0.846440473395,0.001744083660
341,-30.534614527283,0.057786332282,-0.848183736869,0.001605175897
342,-30.533411480027,0.063085963740,-0.848150318890,0.001752387882
343,-30.583658094769,0.057016857151,-0.849546058188,0.001583801588
344,-30.561020870603,0.068948612239,-0.848917246406,0.001915239229
345,-30.547250331004,0.059329023101,-0.848534731417,0.001648028419
346,-30.631556038738,0.054535929278,-0.850876556632,0.001514886924
347,-30.588396364465,0.051548234828,-0.849677676791,0.001431895412
348,-30.549905543197,0.071856070278,-0.848608487311,0.001996001952
349,-30.560226506543,0.055976049866,-0.848895180737,0.001554890274
350,-30.735474788487,0.047513686401,-0.853763188569,0.001319824622
351,-30.628180487758,0.057120052395,-0.850782791327,0.001586668122
352,-30.740463993717,0.049821873276,-0.853901777603,0.001383940924
353,-30.647710783153,0.055893591711,-0.851325299532,0.001552599770
354,-30.635361551847,0.059088534838,-0.850982265329,0.001641348190
355,-30.717065101696,0.051125305998,-0.853251808380,0.001420147389
356,-30.702241974463,0.050126958183,-0.852840054846,0.001392415505
357,-30.731239950055,0.052222165001,-0.853645554168,0.001450615694
358,-30.757063392618,0.047193349688,-0.854362872017,0.001310926380
359,-30.687003228894,0.052182863796,-0.852416756358,0.001449523994
360,-30.778644362151,0.045828750451,-0.854962343393,0.001273020846
361,-30.804782605671,0.047830316398,-0.855688405713,0.001328619900
362,-30.832464701768,0.044131639849,-0.856457352827,0.001225878885
363,-30.792484832934,0.047237796143,-0.855346800915,0.001312161004
364,-30.760971641565,0.049063753662,-0.854471434488,0.001362882046
365,-30.861307438621,0.043540003462,-0.857258539962,0.001209444541
366,-30.837873928275,0.041651361928,-0.856607609119,0.001156982276
367,-30.824218944376,0.044987466193,-0.856228304010,0.001249651839
368,-30.853952715613,0.045064139884,-0.857054242100,0.001251781663
369,-30.764930454689,0.051936132979,-0.854581401519,0.001442670361
370,-30.894191549900,0.041563619481,-0.858171987497,0.001154544986
371,-30.885173643271,0.040992530006,-0.857921490091,0.001138681389
372,-30.843480739941,0.047982782675,-0.856763353887,0.001332855074
373,-30.798971903650,0.047159590098,-0.855526997324,0.001309988614
374,-30.913082776729,0.039028451673,-0.858696743798,0.001084123658
375,-30.776967167723,0.054379202571,-0.854915754659,0.001510533405
376,-30.630728842247,0.035835879461,-0.850853578951,0.000995441096
377,-30.961731087569,0.045166043925,-0.860048085766,0.001254612331
378,-30.890588854113,0.041770621562,-0.858071912614,0.001160295043
379,-30.951098430309,0.037951086986,-0.859752734175,0.001054196861
380,-30.942959976569,0.037587380879,-0.859526666016,0.001044093913
381,-31.035295015893,0.030174415081,-0.862091528219,0.000838178197
382,-30.874259305249,0.046325732379,-0.857618314035,0.001286825899
383,-30.940445888822,0.039987716221,-0.859456830245,0.001110769895
384,-30.995209630483,0.032898338037,-0.860978045291,0.000913842723
385,-31.038210861661,0.025288136496,-0.862172523935,0.000702448236
386,-31.005648278585,0.037313770455,-0.861268007738,0.001036493624
387,-30.971981763785,0.035625828350,-0.860332826772,0.000989606343
388,-30.941000803016,0.038526891400,-0.859472244528,0.001070191428
389,-30.983439949065,0.035082053298,-0.860651109696,0.000974501480
390,-30.987652938191,0.033388426421,-0.860768137172,0.000927456289
391,-31.009346288434,0.033709308406,-0.861370730234,0.000936369678
392,-31.018379266926,0.033362636205,-0.861621646303,0.000926739895
393,-30.995610198507,0.033789080057,-0.860989172181,0.000938585557
394,-31.072054036496,0.027064273671,-0.863112612125,0.000751785380
395,-31.020240096163,0.033474841766,-0.861673336005,0.000929856716
396,-30.966879016934,0.040192808867,-0.860191083804,0.001116466913
397,-31.052073094732,0.025303269827,-0.862557585965,0.000702868606
398,-31.071593421057,0.025333851630,-0.863099817252,0.000703718101
399,-31.057032571313,0.028779743274,-0.862695349203,0.000799437313
400,-31.120661730369,0.016463258064,-0.864462825844,0.000457312724
401,-31.068337879145,0.031163137402,-0.863009385532,0.000865642706
402,-30.933888298891,0.042599960954,-0.859274674969,0.001183332249
403,-31.005143839436,0.036433617285,-0.861253995540,0.001012044925
404,-31.149612912500,0.012771947307,-0.865267025347,0.000354776314
405,-31.022613511775,0.035050149445,-0.861739264216,0.000973615262
406,-31.054385839097,0.028590194583,-0.862621828864,0.000794172072
407,-31.045045685400,0.031498388347,-0.862362380150,0.000874955232
408,-30.993582784683,0.037371339894,-0.860932855130,0.001038092775
409,-31.076186713802,0.029040386533,-0.863227408717,0.000806677404
410,-31.084835017182,0.023972951944,-0.863467639366,0.000665915332
411,-31.108978745906,0.021327736017,-0.864138298497,0.000592437112
412,-31.060109986169,0.030060241164,-0.862780832949,0.000835006699
413,-31.058057367961,0.031763378408,-0.862723815777,0.000882316067
414,-31.063568360120,0.028316161187,-0.862876898892,0.000786560033
415,-31.057935257966,0.029628106594,-0.862720423832,0.000823002961
416,-31.066177960179,0.026338700006,-0.862949387783,0.000731630556
417,-31.031734155998,0.034532322759,-0.861992615444,0.000959231188
418,-31.147604345419,0.014733650450,-0.865211231817,0.000409268068
419,-31.129674211880,0.018698251978,-0.864713172552,0.000519395888
420,-31.046091534404,0.030231241210,-0.862391431511,0.000839756700
421,-31.131798256659,0.017996173752,-0.864772173796,0.000499893715
422,-31.075336062788,0.026022149637,-0.863203779522,0.000722837490
423,-31.082190285451,0.026344797914,-0.863394174596,0.000731799942
424,-31.024858846307,0.037790440703,-0.861801634620,0.001049734464
425,-31.070804880954,0.029313512598,-0.863077913360,0.000814264239
426,-31.067039820660,0.034066951853,-0.862973328352,0.000946304218
427,-31.107868346075,0.022044866074,-0.864107454058,0.000612357391
428,-31.102505871572,0.025280132337,-0.863958496433,0.000702225898
429,-31.150267820747,0.015722515218,-0.865285217243,0.000436736534
430,-31.035843320163,0.034310187569,-0.862106758893,0.000953060766
431,-31.141102717148,0.017605133548,-0.865030631032,0.000489031487
432,-31.079089297200,0.028514631844,-0.863308036033,0.000792073107
433,-31.152489832049,0.014083681959,-0.865346939779,0.000391213388
434,-31.082492743392,0.027569612114,-0.863402576205,0.000765822559
435,-31.074496285664,0.027368784775,-0.863180452380,0.000760244022
436,-31.122492295094,0.022688637804,-0.864513674864,0.000630239939
437,-31.135677223753,0.017085589615,-0.864879922882,0.000474599712
438,-31.136640874769,0.016618316698,-0.864906690966,0.000461619908
439,-31.045400358929,0.035217423249,-0.862372232192,0.000978261757
440,-31.145558633871,0.016512622010,-0.865154406496,0.000458683945
441,-31.140257607851,0.018283215305,-0.865007155774,0.000507867092
442,-31.123997660963,0.017998628033,-0.864555490582,0.000499961890
443,-31.097168018227,0.025915175512,-0.863810222729,0.000719865986
444,-31.138077990019,0.018333853002,-0.864946610834,0.000509273694
445,-31.155123374206,0.013491914030,-0.865420093728,0.000374775390
446,-31.117859579386,0.022679320757,-0.864384988316,0.000629981132
447,-31.141073049123,0.019028766878,-0.865029806920,0.000528576858
448,-31.129806714506,0.018941543301,-0.864716853181,0.000526153981
449,-31.143419908522,0.019160423449,-0.865094997459,0.000532233985
450,-31.154424557926,0.013761259855,-0.865400682165,0.000382257218
451,-31.111020162673,0.022615301276,-0.864195004519,0.000628202813
452,-31.136489512621,0.020353711531,-0.864902486462,0.000565380876
453,-31.115406997326,0.021525680112,-0.864316861037,0.000597935559
454,-31.155111493884,0.014676641686,-0.865419763719,0.000407684491
455,-31.093315506414,0.028456700571,-0.863703208512,0.000790463905
456,-31.160375134632,0.010269330987,-0.865565975962,0.000285259194
457,-31.145463630799,0.017835823240,-0.865151767522,0.000495439534
458,-31.138291154539,0.019325490682,-0.864952532071,0.000536819186
459,-31.137456671398,0.018896441191,-0.864929351983,0.000524901144
460,-31.147011143198,0.017505761294,-0.865194753978,0.000486271147
461,-31.136324528360,0.015932375329,-0.864897903566,0.000442565981
462,-31.173064015920,0.011588684115,-0.865918444887,0.000321907892
463,-31.169965021996,0.009432830895,-0.865832361722,0.000262023080
464,-31.157316091124,0.014869500340,-0.865481002531,0.000413041676
465,-31.160789747227,0.014958826913,-0.865577492979,0.000415522970
466,-31.145187090211,0.018797929592,-0.865144085839,0.000522164711
467,-31.129372749571,0.022381488914,-0.864704798599,0.000621708025
468,-31.159328401998,0.014419008385,-0.865536900055,0.000400528011
469,-31.173809392354,0.009391862388,-0.865939149788,0.000260885066
470,-31.158163170386,0.013513401901,-0.865504532511,0.000375372275
471,-31.144514450727,0.017642736319,-0.865125401409,0.000490076009
472,-31.065123944631,0.030235637945,-0.862920109573,0.000839878832
473,-31.170826274730,0.010788712552,-0.865856285409,0.000299686460
474,-31.168261541547,0.011644706935,-0.865785042821,0.000323464082
475,-31.162481983095,0.014620775785,-0.865624499530,0.000406132661
476,-31.160351620046,0.010078504449,-0.865565322779,0.000279958457
477,-31.169619570334,0.009638514952,-0.865822765843,0.000267736526
478,-31.176297347583,0.011205944948,-0.866008259655,0.000311276249
479,-31.171168681554,0.011637802384,-0.865865796710,0.000323272288
480,-31.165637852740,0.011988419918,-0.865712162576,0.000333011664
481,-31.157424213826,0.015907204821,-0.865484005940,0.000441866801
482,-31.177665553509,0.008181063593,-0.866046265375,0.000227251766
483,-31.168433978485,0.012084467520,-0.865789832736,0.000335679653
484,-31.182716636600,0.002857486066,-0.866186573239,0.000079374613
485,-31.175301546117,0.011955169393,-0.865980598503,0.000332088039
486,-31.180696193603,0.007081939754,-0.866130449822,0.000196720549
487,-31.191636439414,0.001786386291,-0.866434345539,0.000049621841
488,-31.105818654828,0.025876586139,-0.864050518190,0.000718794059
489,-31.173183031336,0.007056143170,-0.865921750870,0.000196003977
490,-31.164862670338,0.013420516357,-0.865690629732,0.000372792121
491,-31.156033482815,0.016909025281,-0.865445374523,0.000469695147
492,-31.157326869012,0.016024115608,-0.865481301917,0.000445114322
493,-31.147650013093,0.019081948273,-0.865212500364,0.000530054119
494,-31.191700284389,0.003062216166,-0.866436119011,0.000085061560
495,-31.169347515375,0.013629429197,-0.865815208760,0.000378595255
496,-31.178372419943,0.006571049353,-0.866065900554,0.000182529149
497,-31.192111967173,0.002078361548,-0.866447554644,0.000057732265
498,-31.193417520362,0.001058491483,-0.866483820010,0.000029402541
499,-31.183001119533,0.005884965250,-0.866194475543,0.000163471257
500,-31.176442317804,0.006701145354,-0.866012286606,0.000186142927
501,-31.188899607659,0.003260046408,-0.866358322435,0.000090556845
502,-31.187361358501,0.004898775609,-0.866315593292,0.000136077100
503,-31.185648314119,0.007506005244,-0.866268008726,0.000208500146
504,-31.177449138732,0.011109985742,-0.866040253854,0.000308610715
505,-31.168775936608,0.012529962616,-0.865799331572,0.000348054517
506,-31.192567019453,0.002186940860,-0.866460194985,0.000060748357
507,-31.190216603917,0.002800959399,-0.866394905664,0.000077804428
508,-31.189672342078,0.004695657489,-0.866379787280,0.000130434930
509,-31.182511339201,0.005165618569,-0.866180870533,0.000143489405
510,-31.180376245340,0.007277459350,-0.866121562371,0.000202151649
511,-31.179543617573,0.009009377652,-0.866098433821,0.000250260490
512,-31.183596026111,0.007063818628,-0.866211000725,0.000196217184
513,-31.184923083537,0.005563699336,-0.866247863432,0.000154547204
514,-31.178680595521,0.009038662898,-0.866074460987,0.000251073969
515,-31.155932533713,0.015388008625,-0.865442570381,0.000427444684
516,-31.189941574302,0.004135041245,-0.866387265953,0.000114862257
517,-31.183658880140,0.006438986066,-0.866212746671,0.000178860724
518,-31.176090674872,0.011741783120,-0.866002518746,0.000326160642
519,-31.192662525646,0.003303627617,-0.866462847935,0.000091767434
520,-31.190426300395,0.004589695785,-0.866400730567,0.000127491550
521,-31.190440831320,0.002345438328,-0.866401134203,0.000065151065
522,-31.174592388562,0.007240809284,-0.865960899682,0.000201133591
523,-31.175962626033,0.011074298652,-0.865998961834,0.000307619407
524,-31.195387937888,0.000419993676,-0.866538553830,0.000011666491
525,-31.183805717239,0.006494476389,-0.866216825479,0.000180402122
526,-31.187697220486,0.006278548798,-0.866324922791,0.000174404133
527,-31.121715437303,0.038044495160,-0.864492095481,0.001056791532
528,-31.182500372380,0.009960105464,-0.866180565899,0.000276669596
529,-31.173717164805,0.012878453144,-0.865936587911,0.000357734810
530,-31.194909488970,0.001187288525,-0.866525263582,0.000032980237
531,-31.174342576403,0.010107355255,-0.865953960456,0.000280759868
532,-31.194008053399,0.001255660100,-0.866500223706,0.000034879447
533,-31.150897887019,0.020429171850,-0.865302719084,0.000567476996
534,-31.187958615137,0.005726920123,-0.866332183754,0.000159081115
535,-31.194443664239,0.001437075823,-0.866512324007,0.000039918773
536,-31.178014359481,0.010776026676,-0.866055954430,0.000299334074
537,-31.195015022629,0.001188332128,-0.866528195073,0.000033009226
538,-31.166263644035,0.014404210024,-0.865729545668,0.000400116945
539,-31.190367426245,0.005567612110,-0.866399095173,0.000154655892
540,-31.182365419457,0.008367344950,-0.866176817207,0.000232426249
541,-31.187332507146,0.006849323302,-0.866314791865,0.000190258981
542,-31.193056654016,0.002119439891,-0.866473795945,0.000058873330
543,-31.193647232690,0.001992248858,-0.866490200908,0.000055340246
544,-31.181853760833,0.007058453990,-0.866162604468,0.000196068166
545,-31.183355469517,0.006269945704,-0.866204318598,0.000174165158
546,-31.185144780737,0.006748124791,-0.866254021687,0.000187447911
547,-31.188413354981,0.001487610024,-0.866344815416,0.000041322501
548,-31.145393122288,0.020077284334,-0.865149808952,0.000557702343
549,-31.190534862621,0.002876523300,-0.866403746184,0.000079903425
550,-31.193393120228,0.002239294465,-0.866483142229,0.000062202624
551,-31.195195271768,0.001191344369,-0.866533201994,0.000033092899
552,-31.193178785133,0.002471722830,-0.866477188476,0.000068658968
553,-31.184509543788,0.008302215141,-0.866236376216,0.000230617087
554,-31.195507045625,0.000906554983,-0.866541862378,0.000025182083
555,-31.145667165177,0.020530077670,-0.865157421255,0.000570279935
556,-31.110949469986,0.050609049717,-0.864193040833,0.001405806937
557,-31.196426969360,0.000023197780,-0.866567415816,0.000000644383
558,-31.196437847239,0.000023339677,-0.866567717979,0.000000648324
559,-31.182329339834,0.010770473595,-0.866175814995,0.000299179822
560,-31.168963333982,0.016041470120,-0.865804537055,0.000445596392
561,-31.160608487613,0.028197353762,-0.865572457989,0.000783259827
562,-31.183380907097,0.007130009225,-0.866205025197,0.000198055812
563,-31.195350535627,0.000730628543,-0.866537514879,0.000020295237
564,-31.196530418458,0.000023824358,-0.866570289402,0.000000661788
565,-31.196547590701,0.000023851836,-0.866570766408,0.000000662551
566,-31.196562944428,0.000023875718,-0.866571192901,0.000000663214
567,-31.195997352937,0.000596356864,-0.866555482026,0.000016565468
568,-31.176757810516,0.012668589801,-0.866021050292,0.000351905272
569,-31.192259156930,0.002639321126,-0.866451643248,0.000073314476
570,-31.190852575823,0.003980150573,-0.866412571551,0.000110559738
571,-31.188041302644,0.004743072100,-0.866334480629,0.000131752003
572,-31.192007634981,0.003589070041,-0.866444656527,0.000099696390
573,-31.196070049490,0.000421770357,-0.866557501375,0.000011715843
574,-31.194006921831,0.001923620642,-0.866500192273,0.000053433907
575,-31.196670229169,0.000023663224,-0.866574173032,0.000000657312
576,-31.196679808971,0.000023656049,-0.866574439138,0.000000657112
577,-31.196109716840,0.000595684857,-0.866558603246,0.000016546802
578,-31.196696600072,0.000023640255,-0.866574905558,0.000000656674
579,-31.158102901841,0.014068536813,-0.865502858384,0.000390792689
580,-31.196711790392,0.000023646819,-0.866575327511,0.000000656856
581,-31.160120486319,0.016059680846,-0.865558902398,0.000446102246
582,-31.186558692789,0.005476493322,-0.866293297022,0.000152124815
583,-31.176299681307,0.010634177899,-0.866008324481,0.000295393831
584,-31.194103554181,0.002429646062,-0.866502876505,0.000067490168
585,-31.186069031628,0.006510625643,-0.866279695323,0.000180850712
586,-31.192708017467,0.002849962143,-0.866464111596,0.000079165615
587,-31.177932344144,0.011433284068,-0.866053676226,0.000317591224
588,-31.193883438219,0.002103685419,-0.866496762173,0.000058435706
589,-31.196788580257,0.000023810027,-0.866577460563,0.000000661390
590,-31.190482308342,0.004030791535,-0.866402286343,0.000111966432
591,-31.196805343129,0.000023877474,-0.866577926198,0.000000663263
592,-31.196813129885,0.000023912505,-0.866578142497,0.000000664236
593,-31.196820120607,0.000023943754,-0.866578336684,0.000000665104
594,-31.195666356944,0.001192488081,-0.866546287693,0.000033124669
595,-31.195382104623,0.001074681280,-0.866538391795,0.000029852258
596,-31.196258117065,0.000597377266,-0.866562725474,0.000016593813
597,-31.196844212425,0.000024020633,-0.866579005901,0.000000667240
598,-31.196559077799,0.000300054173,-0.866571085494,0.000008334838
599,-31.196854500491,0.000024036443,-0.866579291680,0.000000667679
600,-31.184201623802,0.009247128907,-0.866227822883,0.000256864692
601,-31.196864168610,0.000024058538,-0.866579560239,0.000000668293
602,-31.195706222694,0.001195038699,-0.866547395075,0.000033195519
603,-31.196873308085,0.000024083910,-0.866579814113,0.000000668998
604,-31.192137990746,0.004068521661,-0.866448277521,0.000113014491
605,-31.192810600915,0.003074004439,-0.866466961137,0.000085389012
606,-31.196887486110,0.000024131055,-0.866580207948,0.000000670307
607,-31.193108775568,0.002293127325,-0.866475243766,0.000063697981
608,-31.196896491953,0.000024155141,-0.866580458110,0.000000670976
609,-31.193830919992,0.003153400948,-0.866495303333,0.000087594471
610,-31.193118783928,0.003064406527,-0.866475521776,0.000085122404
611,-31.196909691711,0.000024190782,-0.866580824770,0.000000671966
612,-31.196913802196,0.000024200620,-0.866580938950,0.000000672239
613,-31.191088037014,0.003805932096,-0.866419112139,0.000105720336
614,-31.190951542243,0.004162966744,-0.866415320618,0.000115637965
615,-31.196926041464,0.000024231249,-0.866581278930,0.000000673090
616,-31.195471734446,0.001499047497,-0.866540881512,0.000041640208
617,-31.193067110808,0.002956523238,-0.866474086411,0.000082125646
618,-31.196939356736,0.000024283235,-0.866581648798,0.000000674534
619,-31.185045518575,0.008743588033,-0.866251264405,0.000242877445
620,-31.185721590052,0.006625459061,-0.866270044168,0.000184040529
621,-31.195201294651,0.001341756433,-0.866533369296,0.000037271012
622,-31.192407939662,0.004672335397,-0.866455776102,0.000129787094
623,-31.192874128991,0.004201395715,-0.866468725805,0.000116705437
624,-31.196969633460,0.000024366253,-0.866582489818,0.000000676840
625,-31.191919451615,0.004166393840,-0.866442206989,0.000115733162
626,-31.190841483742,0.003267804337,-0.866412263437,0.000090772343
627,-31.192792004799,0.004307019729,-0.866466444578,0.000119639437
628,-31.196992246594,0.000024381999,-0.866583117961,0.000000677278
629,-31.196998761477,0.000024422256,-0.866583298930,0.000000678396
630,-31.184530005512,0.010211607699,-0.866236944598,0.000283655769
631,-31.176523031798,0.008060822326,-0.866014528661,0.000223911731
632,-31.197019808843,0.000024439105,-0.866583883579,0.000000678864
633,-31.195856688588,0.000951509704,-0.866551574683,0.000026430825
634,-31.192643494506,0.003954384354,-0.866462319292,0.000109844010
635,-31.195284887744,0.001534105616,-0.866535691326,0.000042614045
636,-31.191776215610,0.003478796760,-0.866438228211,0.000096633243
637,-31.195590040021,0.001085534010,-0.866544167778,0.000030153722
638,-31.188706290497,0.007231782206,-0.866352952514,0.000200882839
639,-31.191025440030,0.004549122903,-0.866417373334,0.000126364525
640,-31.197077546348,0.000024209936,-0.866585487399,0.000000672498
641,-31.197084859031,0.000024153722,-0.866585690529,0.000000670937
642,-31.197091427653,0.000024103174,-0.866585872990,0.000000669533
643,-31.197097329677,0.000024057711,-0.866586036935,0.000000668270
644,-31.195342236918,0.001808946995,-0.866537284359,0.000050248528
645,-31.188597742652,0.006466595010,-0.866349937296,0.000179627639
646,-31.197112928341,0.000023936925,-0.866586470232,0.000000664915
647,-31.197117512571,0.000023901239,-0.866586597571,0.000000663923
648,-31.195947092360,0.001207369956,-0.866554085899,0.000033538054
649,-31.194776111583,0.001706052069,-0.866521558655,0.000047390335
650,-31.197129897692,0.000023804321,-0.866586941603,0.000000661231
651,-31.194488803109,0.002717138865,-0.866513577864,0.000075476080
652,-31.197137385201,0.000023745311,-0.866587149589,0.000000659592
653,-31.196552692575,0.000605323339,-0.866570908127,0.000016814537
654,-31.196555960522,0.000605515524,-0.866570998903,0.000016819876
655,-30.415276092236,0.773869117250,-0.844868780340,0.021496364368
656,-31.194216164840,0.002086272242,-0.866506004579,0.000057952007
657,-31.188480981249,0.005667615048,-0.866346693924,0.000157433751
658,-31.195215245315,0.000070365769,-0.866533756814,0.000001954605
659,-31.194117878060,0.000087946688,-0.866503274391,0.000002442964
660,-31.192824088570,0.000107344422,-0.866467335794,0.000002981789
661,-31.191340569819,0.000128612625,-0.866426126939,0.000003572573
662,-31.185368231111,0.004432624475,-0.866260228642,0.000123128458
663,-31.096953193430,0.029953049865,-0.863804255373,0.000832029163
664,-31.136485786507,0.020390051599,-0.864902382959,0.000566390322
665,-30.949577602099,0.049945550052,-0.859710488947,0.001387376390
666,-30.870477630205,0.058724110155,-0.857513267506,0.001631225282
667,-31.021472291504,0.041561622777,-0.861707563653,0.001154489522
668,-30.748889144314,0.072110265147,-0.854135809564,0.002003062921
669,-30.685071464579,0.107531482828,-0.852363096238,0.002986985634
670,-30.423411157359,0.088339425693,-0.845094754371,0.002453872936
671,-30.564984938851,0.078051547541,-0.849027359413,0.002168098543
672,-30.142812421291,0.230497002978,-0.837300345036,0.006402694527
673,-30.288303643605,0.091598610610,-0.841341767878,0.002544405850
674,-30.250346340924,0.122896698401,-0.840287398359,0.003413797178
675,-30.279820149413,0.098837287273,-0.841106115261,0.002745480202
676,-30.392563086009,0.094736793474,-0.844237863500,0.002631577596
677,-29.522394643338,0.138203515810,-0.820066517870,0.003838986550
678,-29.745154862363,0.114267667585,-0.826254301732,0.003174101877
679,-29.326118986843,0.126802464463,-0.814614416301,0.003522290680
680,-29.206459420028,0.126665634749,-0.811290539445,0.003518489854
681,-29.927221744509,0.109185392583,-0.831311715125,0.003032927572
682,-29.883156891329,0.109760330483,-0.830087691426,0.003048898069
683,-30.579052514986,0.079141286596,-0.849418125416,0.002198369072
684,-30.069563183337,0.106270474464,-0.835265643982,0.002951957624
685,-30.572906124358,0.079885161045,-0.849247392343,0.002219032251
686,-29.548411960505,0.118533517443,-0.820789221125,0.003292597707
687,-29.405621041723,0.119033640040,-0.816822806715,0.003306490001
688,-29.054667270640,0.126224154947,-0.807074090851,0.003506226526
689,-29.077142921202,0.129853879642,-0.807698414478,0.003607052212
690,-29.294208949942,0.127775942845,-0.813728026387,0.003549331746
691,-28.776084463801,0.131068208965,-0.799335679550,0.003640783582
692,-29.220236498331,0.125290292029,-0.811673236065,0.003480285890
693,-29.866794308361,0.112808765575,-0.829633175232,0.003133576822
694,-30.182912805909,0.098317509601,-0.838414244609,0.002731041933
695,-29.626555896153,0.118926904236,-0.822959886004,0.003303525118
696,-29.340440389101,0.127130391920,-0.815012233031,0.003531399776
697,-29.872082759386,0.113166409507,-0.829780076650,0.003143511375
698,-29.070436246556,0.198672604908,-0.807512117960,0.005518683470
699,-29.417993724465,0.120219745022,-0.817166492346,0.003339437362
700,-29.661553917271,0.121305421274,-0.823932053258,0.003369595035
701,-29.694480097898,0.111222663219,-0.824846669386,0.003089518423
702,-29.113033170507,0.127772492671,-0.808695365847,0.003549235908
703,-29.584207246034,0.121368991410,-0.821783534612,0.003371360873
704,-29.025302254706,0.281752761483,-0.806258395964,0.007826465597
705,-29.189762335107,0.315402901854,-0.810826731531,0.008761191718
706,-29.187197621488,0.140131532940,-0.810755489486,0.003892542582
707,-29.707695409153,0.117104443660,-0.825213761365,0.003252901213
708,-30.698967720694,0.074680809285,-0.852749103353,0.002074466925
709,-30.591563323991,0.078975263672,-0.849765647889,0.002193757324
710,-30.860237181269,0.060013118683,-0.857228810591,0.001667031075
711,-30.851857872748,0.054628482317,-0.856996052021,0.001517457842
712,-30.444579647101,0.083496614477,-0.845682767975,0.002319350402
713,-30.560120477054,0.082671816983,-0.848892235474,0.002296439361
714,-30.646804696096,0.073663064989,-0.851300130447,0.002046196250
715,-30.347160221070,0.090187998768,-0.842976672808,0.002505222188
716,-29.765022217303,0.111426105206,-0.826806172703,0.003095169589
717,-29.534690641484,0.121518915681,-0.820408073375,0.003375525436
718,-29.505293951305,0.117459960580,-0.819591498647,0.003262776683
719,-30.185768312107,0.097272072657,-0.838493564225,0.002702002018
720,-29.895451694672,0.106982671496,-0.830429213741,0.002971740875
721,-29.845916320718,0.107945272935,-0.829053231131,0.002998479804
722,-30.398158270592,0.089880894086,-0.844393285294,0.002496691502
723,-30.694553918975,0.072963539478,-0.852626497749,0.002026764986
724,-31.088540955261,0.024629692999,-0.863570582091,0.000684158139
725,-30.914583415235,0.057437196861,-0.858738428201,0.001595477691
726,-31.119597661705,0.026262625370,-0.864433268381,0.000729517371
727,-30.704408838686,0.063900353462,-0.852900245519,0.001775009818
728,-30.600688002621,0.058564637321,-0.850019111184,0.001626795481
729,-30.179717429832,0.087348393252,-0.838325484162,0.002426344257
730,-30.233256980106,0.089011119494,-0.839812693892,0.002472531097
731,-30.227710177286,0.098192794303,-0.839658616036,0.002727577620
732,-30.637588038158,0.071100355249,-0.851044112171,0.001975009868
733,-30.991574098501,0.035662301439,-0.860877058292,0.000990619484
734,-31.127866992493,0.020328034845,-0.864662972014,0.000564667635
735,-31.088428747360,0.032677810156,-0.863567465204,0.000907716949
736,-31.101794243193,0.030068580487,-0.863938728978,0.000835238347
737,-31.051342389902,0.036791785289,-0.862537288608,0.001021994036
738,-30.856819396546,0.059614601864,-0.857133872126,0.001655961163
739,-30.845748623640,0.057007949011,-0.856826350657,0.001583554139
740,-30.674557253638,0.072198601646,-0.852071034823,0.002005516712
741,-30.723144934620,0.065246177474,-0.853420692628,0.001812393819
742,-30.863661353457,0.041272996020,-0.857323926485,0.001146472112
743,-30.828878120823,0.060119666665,-0.856357725578,0.001669990741
744,-30.655423119208,0.059942429694,-0.851539531089,0.001665067492
745,-30.830435801275,0.086677757233,-0.856400994480,0.002407715479
746,-30.912373925859,0.044185972520,-0.858677053496,0.001227388126
747,-30.382002142432,0.085113515070,-0.843944503956,0.002364264307
748,-30.754346017803,0.084923918072,-0.854287389383,0.002358997724
749,-30.306875639822,0.082864458421,-0.841857656662,0.002301790512
750,-30.762825469439,0.053362622941,-0.854522929707,0.001482295082
751,-30.721985705446,0.051467173301,-0.853388491818,0.001429643703
752,-30.570987036262,0.076594375140,-0.849194084341,0.002127621532
753,-30.566296711459,0.073110722329,-0.849063797541,0.002030853398
754,-30.434780740964,0.079316050754,-0.845410576138,0.002203223632
755,-30.594301759538,0.075153084114,-0.849841715543,0.002087585670
756,-30.653547131754,0.071549828875,-0.851487420326,0.001987495247
757,-30.549376579051,0.076800100046,-0.848593793863,0.002133336112
758,-30.640413992610,0.073376155475,-0.851122610906,0.002038226541
759,-30.631020644835,0.074847009207,-0.850861684579,0.002079083589
760,-30.378953969956,0.146424959154,-0.843859832499,0.004067359976
761,-30.733802556671,0.062344983231,-0.853716737685,0.001731805090
762,-30.504406723416,0.079259160937,-0.847344631206,0.002201643359
763,-30.740598263222,0.069044721547,-0.853905507312,0.001917908932
764,-31.180471174221,0.008906112446,-0.866124199284,0.000247392012
765,-31.080829862822,0.038230053887,-0.863356385078,0.001061945941
766,-31.163949924473,0.017994164149,-0.865665275680,0.000499837893
767,-31.148137076902,0.021614473531,-0.865226029914,0.000600402043
768,-31.167349952905,0.013230749228,-0.865759720914,0.000367520812
769,-31.164240052201,0.016482019167,-0.865673334783,0.000457833866
770,-31.147725166023,0.021636924225,-0.865214587945,0.000601025673
771,-31.145786845132,0.021307867622,-0.865160745698,0.000591885212
772,-31.002945747006,0.046750499103,-0.861192937417,0.001298624975
773,-31.174564280718,0.011026385131,-0.865960118909,0.000306288476
774,-31.166158315028,0.015835306084,-0.865726619862,0.000439869613
775,-31.181662518712,0.003943142340,-0.866157292186,0.000109531732
776,-31.067361128515,0.026226923052,-0.862982253570,0.000728525640
777,-30.988815286763,0.035302378074,-0.860800424632,0.000980621613
778,-31.070846735254,0.021164726093,-0.863079075979,0.000587909058
779,-30.711844048386,0.065143936768,-0.853106779122,0.001809553799
780,-30.898725539054,0.046004492471,-0.858297931640,0.001277902569
781,-30.553000500575,0.069446306541,-0.848694458349,0.001929064071
782,-30.451219849513,0.088121749524,-0.845867218042,0.002447826376
783,-30.857192876668,0.042686725690,-0.857144246574,0.001185742380
784,-30.874615536881,0.039593449499,-0.857628209358,0.001099818042
785,-30.822323576499,0.044949336429,-0.856175654903,0.001248592679
786,-30.942829449020,0.029862437344,-0.859523040251,0.000829512148
787,-30.936146379727,0.032950228108,-0.859337399437,0.000915284114
788,-30.542153356787,0.069973877063,-0.848393148800,0.001943718807
789,-30.265991908421,0.256557039420,-0.840721997456,0.007126584428
790,-30.201604121658,0.553782933210,-0.838933447824,0.015382859256
791,-30.914072215155,0.033332976672,-0.858724228199,0.000925916019
792,-30.982931116673,0.028529864465,-0.860636975463,0.000792496235
793,-31.010606189546,0.036942567696,-0.861405727487,0.001026182436
794,-31.004631579114,0.038312243904,-0.861239766086,0.001064228997
795,-31.123747164920,0.028524216013,-0.864548532359,0.000792339334
796,-31.048497239362,0.035042999242,-0.862458256649,0.000973416646
797,-31.065211908038,0.022142394086,-0.862922553001,0.000615066502
798,-31.105141637089,0.044993916153,-0.864031712141,0.001249831004
799,-31.167178145087,0.017370171267,-0.865754948475,0.000482504757
