# MLP_real_depth_4 | MLP depth=4 | hidden_dims=(36,36,36,36)
# L=6 (N_sites=36) | J1=1.0 | J2=0.5
# n_samples=10000 | n_iter=600 | diag_shift=0.01 | seed=1234
iter,energy_mean,energy_sigma,energy_per_site_mean,energy_per_site_sigma
0,108.000501555478,0.001072553325,3.000013932097,0.000029793148
1,108.000238645727,0.001433410671,3.000006629048,0.000039816963
2,108.001549160277,0.001601264237,3.000043032230,0.000044479562
3,107.997663115308,0.002029023554,2.999935086536,0.000056361765
4,108.003872740167,0.002420881613,3.000107576116,0.000067246711
5,107.994076368113,0.003722037421,2.999835454670,0.000103389928
6,107.998076082633,0.003701020860,2.999946557851,0.000102806135
7,108.003080655163,0.004653870616,3.000085573755,0.000129274184
8,107.987411711622,0.005572522943,2.999650325323,0.000154792304
9,107.991221263435,0.006335646912,2.999756146207,0.000175990192
10,107.985359442585,0.007664625922,2.999593317850,0.000212906276
11,107.986965021378,0.008205477711,2.999637917260,0.000227929936
12,107.963793844842,0.011079572233,2.998994273468,0.000307765895
13,107.970646840331,0.012377066591,2.999184634454,0.000343807405
14,107.933454830688,0.015224155912,2.998151523075,0.000422893220
15,107.918884731995,0.017845833457,2.997746798111,0.000495717596
16,107.889079266582,0.022878676329,2.996918868516,0.000635518787
17,107.792676587107,0.026893288252,2.994241016309,0.000747035785
18,107.688371507490,0.035429174493,2.991343652986,0.000984143736
19,107.700560250147,0.038735486538,2.991682229171,0.001075985737
20,107.424072733737,0.048556528263,2.984002020382,0.001348792452
21,107.242640575445,0.060066491248,2.978962238207,0.001668513646
22,106.947934351615,0.072076164220,2.970775954212,0.002002115673
23,106.701083977420,0.079479573499,2.963918999373,0.002207765931
24,106.080726185834,0.102996038516,2.946686838495,0.002861001070
25,105.325249017633,0.138733439955,2.925701361601,0.003853706665
26,104.223427642640,0.167060166775,2.895095212296,0.004640560188
27,102.973641914444,0.209910289696,2.860378942068,0.005830841380
28,101.476193305692,0.271863682375,2.818783147380,0.007551768955
29,99.654630912682,0.303492937217,2.768184192019,0.008430359367
30,97.559734269856,0.367886992408,2.709992618607,0.010219083122
31,94.307320621866,0.445475845402,2.619647795052,0.012374329039
32,91.054261278437,0.498790431418,2.529285035512,0.013855289762
33,86.695252141224,0.572896508758,2.408201448367,0.015913791910
34,83.065407719972,0.596266453019,2.307372436666,0.016562957028
35,78.774169080961,0.635221599651,2.188171363360,0.017645044435
36,73.903911179868,0.683787626937,2.052886421663,0.018994100748
37,70.259485820197,0.718291935867,1.951652383894,0.019952553774
38,65.912361730754,0.711991116070,1.830898936965,0.019777531002
39,61.760956113186,0.690720706588,1.715582114255,0.019186686294
40,59.755038985829,0.676621964485,1.659862194051,0.018795054569
41,55.524859336758,0.662058983289,1.542357203799,0.018390527314
42,53.135855690120,0.632912678159,1.475995991392,0.017580907727
43,49.214751413638,0.606391459848,1.367076428157,0.016844207218
44,47.528594278460,0.593396274426,1.320238729957,0.016483229845
45,44.652492854275,0.557377835060,1.240347023730,0.015482717641
46,42.574169748999,0.583483171738,1.182615826361,0.016207865882
47,40.150606119565,0.513310856857,1.115294614432,0.014258634913
48,39.596769780440,0.510488581663,1.099910271679,0.014180238380
49,36.770479998545,0.503941376128,1.021402222182,0.013998371559
50,34.328119584878,0.503277033236,0.953558877358,0.013979917590
51,32.766293982859,0.500670084612,0.910174832857,0.013907502350
52,30.900767774845,0.495548479532,0.858354660412,0.013765235543
53,27.993712484190,0.464632991692,0.777603124561,0.012906471991
54,26.899153177532,0.430591833132,0.747198699376,0.011960884254
55,23.860346451915,0.453825774247,0.662787401442,0.012606271507
56,22.495526095364,0.447701237469,0.624875724871,0.012436145485
57,21.909243509454,0.448217453611,0.608590097485,0.012450484823
58,19.863240977912,0.421413400711,0.551756693831,0.011705927798
59,18.617875370182,0.411853992947,0.517163204727,0.011440388693
60,16.926091115526,0.449243468910,0.470169197654,0.012478985248
61,15.439792839176,0.441952801149,0.428883134422,0.012276466699
62,14.375245325689,0.402205973867,0.399312370158,0.011172388163
63,12.483784465003,0.421028220988,0.346771790695,0.011695228361
64,9.873263874320,0.385865612941,0.274257329842,0.010718489248
65,9.928117622199,0.401508896486,0.275781045061,0.011153024902
66,7.335486893618,0.376081986768,0.203763524823,0.010446721855
67,6.803025285739,0.367997701178,0.188972924604,0.010222158366
68,5.266512241468,0.362114812346,0.146292006707,0.010058744787
69,4.525900947773,0.360681823251,0.125719470771,0.010018939535
70,4.101331552896,0.368015148686,0.113925876469,0.010222643019
71,1.513670030184,0.340185549971,0.042046389727,0.009449598610
72,1.477480787998,0.303011152873,0.041041133000,0.008416976469
73,1.718950254402,0.333214845836,0.047748618178,0.009255967940
74,-0.029226384967,0.319301412082,-0.000811844027,0.008869483669
75,-0.291289635665,0.310031615245,-0.008091378768,0.008611989312
76,-1.926262220746,0.302672703538,-0.053507283910,0.008407575098
77,-2.913372997197,0.270182581043,-0.080927027700,0.007505071696
78,-2.802806666288,0.285172172993,-0.077855740730,0.007921449250
79,-2.949741721927,0.276743830805,-0.081937270054,0.007687328633
80,-4.352535450249,0.248936667619,-0.120903762507,0.006914907434
81,-4.125736533248,0.289306796773,-0.114603792590,0.008036299910
82,-4.432308988180,0.295770757019,-0.123119694116,0.008215854362
83,-4.956172258539,0.298515539996,-0.137671451626,0.008292098333
84,-5.744479050052,0.240510684704,-0.159568862501,0.006680852353
85,-5.490510123940,0.336188231869,-0.152514170109,0.009338561996
86,-6.007138694966,0.286992535078,-0.166864963749,0.007972014863
87,-7.071863052216,0.251389895408,-0.196440640339,0.006983052650
88,-7.210511939989,0.239734511577,-0.200291998333,0.006659291988
89,-7.812821183882,0.243959407232,-0.217022810663,0.006776650201
90,-7.253781399895,0.284944177985,-0.201493927775,0.007915116055
91,-8.421236279732,0.242453037378,-0.233923229993,0.006734806594
92,-8.284214702447,0.244936653821,-0.230117075068,0.006803795939
93,-8.790149643617,0.273731939930,-0.244170823434,0.007603664998
94,-9.203762471964,0.247267204803,-0.255660068666,0.006868533467
95,-9.249673461409,0.248672888496,-0.256935373928,0.006907580236
96,-8.607429476994,0.349559788662,-0.239095263250,0.009709994130
97,-9.298127427768,0.255956571895,-0.258281317438,0.007109904775
98,-8.684440955404,0.256861105787,-0.241234470983,0.007135030716
99,-10.797076911644,0.237005741503,-0.299918803101,0.006583492820
100,-11.545680398256,0.296939867684,-0.320713344396,0.008248329658
101,-11.434532838423,0.240948656872,-0.317625912178,0.006693018246
102,-11.389265127721,0.282881635689,-0.316368475770,0.007857823214
103,-12.832345134731,0.238642004528,-0.356454031520,0.006628944570
104,-12.009344947548,0.259998142075,-0.333592915210,0.007222170613
105,-11.961209039179,0.269203071554,-0.332255806644,0.007477863099
106,-11.310084287843,0.333281555971,-0.314169007996,0.009257820999
107,-13.448394543175,0.252321527897,-0.373566515088,0.007008931330
108,-12.596069095545,0.331918041781,-0.349890808210,0.009219945605
109,-11.967111708778,0.363364038919,-0.332419769688,0.010093445526
110,-12.146889920355,0.336844121731,-0.337413608899,0.009356781159
111,-11.724605459651,0.341398694904,-0.325683484990,0.009483297081
112,-12.151078784388,0.350976837786,-0.337529966233,0.009749356605
113,-12.345578771546,0.335462638125,-0.342932743654,0.009318406615
114,-12.689831392387,0.374460529890,-0.352495316455,0.010401681386
115,-12.413048871995,0.361323345225,-0.344806913111,0.010036759590
116,-13.023853126585,0.357726330486,-0.361773697961,0.009936842513
117,-14.571825216230,0.360160712965,-0.404772922673,0.010004464249
118,-14.785243034324,0.332723951094,-0.410701195398,0.009242331975
119,-15.104377906011,0.308960908976,-0.419566052945,0.008582247472
120,-15.448811152327,0.277915357780,-0.429133643120,0.007719871049
121,-16.902731145778,0.429275151573,-0.469520309605,0.011924309766
122,-17.595763866481,0.225062218955,-0.488771218513,0.006251728304
123,-15.011350294869,0.354704926348,-0.416981952635,0.009852914621
124,-16.194818183033,0.349536727160,-0.449856060640,0.009709353532
125,-16.159673544161,0.351860320798,-0.448879820671,0.009773897800
126,-15.108758472531,0.383101989097,-0.419687735348,0.010641721919
127,-16.001212346375,0.351116311924,-0.444478120733,0.009753230887
128,-15.766025634566,0.361525240866,-0.437945156516,0.010042367802
129,-16.450970988245,0.382400028523,-0.456971416340,0.010622223015
130,-16.679630468699,0.371669642862,-0.463323068575,0.010324156746
131,-16.733907964045,0.352475200687,-0.464830776779,0.009790977797
132,-16.707731640465,0.367479729245,-0.464103656680,0.010207770257
133,-17.368435893306,0.361458749077,-0.482456552592,0.010040520808
134,-16.286526377750,0.335016266232,-0.452403510493,0.009306007395
135,-17.442378450523,0.346437674614,-0.484510512515,0.009623268739
136,-17.009907553622,0.382627512668,-0.472497432045,0.010628542019
137,-17.161675478178,0.375565258073,-0.476713207727,0.010432368280
138,-16.512646456652,0.344079863439,-0.458684623796,0.009557773984
139,-17.398651945351,0.362544287162,-0.483295887371,0.010070674643
140,-17.114117776881,0.366046873100,-0.475392160469,0.010167968697
141,-18.675553241840,0.300757039997,-0.518765367829,0.008354362222
142,-17.779889441688,0.366322479612,-0.493885817825,0.010175624434
143,-19.644143351038,0.269894633890,-0.545670648640,0.007497073164
144,-17.556252048021,0.346351883888,-0.487673668001,0.009620885664
145,-17.726842064233,0.364857661441,-0.492412279562,0.010134935040
146,-17.429900983882,0.391579558370,-0.484163916219,0.010877209955
147,-18.139936465439,0.392449091848,-0.503887124040,0.010901363662
148,-18.985876990253,0.408224929926,-0.527385471951,0.011339581387
149,-18.633949121333,0.361425950236,-0.517609697815,0.010039609729
150,-19.022677673605,0.278376278222,-0.528407713156,0.007732674395
151,-20.299161059869,0.251941946751,-0.563865584996,0.006998387410
152,-21.601199828099,0.223597179836,-0.600033328558,0.006211032773
153,-21.144949474302,0.236534115508,-0.587359707619,0.006570392097
154,-21.234409951426,0.222400950810,-0.589844720873,0.006177804189
155,-19.808509035861,0.282365652203,-0.550236362107,0.007843490339
156,-18.711456259434,0.278554759678,-0.519762673873,0.007737632213
157,-21.144586636030,0.230017089665,-0.587349628779,0.006389363602
158,-20.824198003088,0.244189708661,-0.578449944530,0.006783047463
159,-21.575740851338,0.247950708129,-0.599326134759,0.006887519670
160,-21.070224841809,0.251328935375,-0.585284023384,0.006981359316
161,-21.181211770142,0.239175281896,-0.588366993615,0.006643757830
162,-21.310899852602,0.288020723573,-0.591969440350,0.008000575655
163,-22.133721860050,0.234908863722,-0.614825607224,0.006525246214
164,-21.945549689483,0.249296902669,-0.609598602486,0.006924913963
165,-23.197026586490,0.237710786164,-0.644361849625,0.006603077393
166,-21.650162927605,0.256175623369,-0.601393414656,0.007115989538
167,-22.736504597634,0.243468919870,-0.631569572157,0.006763025552
168,-22.735803805155,0.245437556071,-0.631550105699,0.006817709891
169,-23.421555529675,0.241343519464,-0.650598764713,0.006703986652
170,-24.090591739478,0.229285466887,-0.669183103874,0.006369040747
171,-23.819480338750,0.228530760562,-0.661652231632,0.006348076682
172,-24.130056510570,0.213732352924,-0.670279347516,0.005937009803
173,-24.926788654182,0.225185791238,-0.692410795949,0.006255160868
174,-24.758888463405,0.223978957355,-0.687746901761,0.006221637704
175,-24.176013229445,0.250884666828,-0.671555923040,0.006969018523
176,-25.160100211633,0.214612366280,-0.698891672545,0.005961454619
177,-25.408492728711,0.227419261445,-0.705791464686,0.006317201707
178,-24.749541776750,0.222903081055,-0.687487271576,0.006191752252
179,-25.769888985356,0.213092736211,-0.715830249593,0.005919242673
180,-25.286658301176,0.199137470791,-0.702407175033,0.005531596411
181,-25.308746298653,0.221412939311,-0.703020730518,0.006150359425
182,-23.947685767616,0.254911332827,-0.665213493545,0.007080870356
183,-25.462797094208,0.220048237210,-0.707299919284,0.006112451034
184,-25.534426806762,0.242786157829,-0.709289633521,0.006744059940
185,-24.869143569906,0.218952023307,-0.690809543608,0.006082000647
186,-24.752657259394,0.236315907743,-0.687573812761,0.006564330771
187,-25.066073143458,0.232693970146,-0.696279809540,0.006463721393
188,-27.148767485772,0.155242643824,-0.754132430160,0.004312295662
189,-26.787721970375,0.180227401013,-0.744103388066,0.005006316695
190,-25.830720750724,0.206355584057,-0.717520020853,0.005732099557
191,-26.505399435669,0.186806196551,-0.736261095435,0.005189061015
192,-26.031210463092,0.205751989228,-0.723089179530,0.005715333034
193,-25.425793019337,0.244045259834,-0.706272028315,0.006779034995
194,-26.137092639577,0.217639130256,-0.726030351099,0.006045531396
195,-25.098749292965,0.238783016826,-0.697187480360,0.006632861578
196,-25.839556715370,0.286226136804,-0.717765464316,0.007950726022
197,-26.083236433578,0.208176029102,-0.724534345377,0.005782667475
198,-26.573434817322,0.191346987627,-0.738150967148,0.005315194101
199,-27.339846466610,0.158741233355,-0.759440179628,0.004409478704
200,-25.299945307949,0.236786881932,-0.702776258554,0.006577413387
201,-25.048172968905,0.254910470301,-0.695782582470,0.007080846397
202,-23.652351671588,0.263015316216,-0.657009768655,0.007305981006
203,-24.470683492110,0.254554498649,-0.679741208114,0.007070958296
204,-24.065704229218,0.241899437339,-0.668491784145,0.006719428815
205,-26.794281546797,0.180097271502,-0.744285598522,0.005002701986
206,-26.335301507811,0.237870434153,-0.731536152995,0.006607512060
207,-27.163600993197,0.170496954819,-0.754544472033,0.004736026523
208,-27.127753224961,0.158824141151,-0.753548700693,0.004411781699
209,-26.656394298248,0.189222186302,-0.740455397174,0.005256171842
210,-24.938814522623,0.226836525811,-0.692744847851,0.006301014606
211,-25.087980132027,0.236900126336,-0.696888337001,0.006580559065
212,-24.898198693509,0.233483413038,-0.691616630375,0.006485650362
213,-25.679777580546,0.220878805986,-0.713327155015,0.006135522389
214,-26.141513297625,0.189751813943,-0.726153147156,0.005270883721
215,-27.447647711875,0.156232853501,-0.762434658663,0.004339801486
216,-27.383242500990,0.141476130379,-0.760645625028,0.003929892511
217,-28.115291089428,0.118523077015,-0.780980308040,0.003292307695
218,-28.246704748800,0.105259104665,-0.784630687467,0.002923864018
219,-27.111162564371,0.162741420168,-0.753087849010,0.004520595005
220,-27.410038090166,0.174231050036,-0.761389946949,0.004839751390
221,-28.244008911466,0.113091055520,-0.784555803096,0.003141418209
222,-27.913732076092,0.143474105774,-0.775381446558,0.003985391827
223,-27.819819753620,0.146670417689,-0.772772770934,0.004074178269
224,-28.489479156005,0.099316262203,-0.791374421000,0.002758785061
225,-28.440425434748,0.122858129670,-0.790011817632,0.003412725824
226,-27.757166633494,0.140719108323,-0.771032406486,0.003908864120
227,-27.927750143722,0.127231199244,-0.775770837326,0.003534199979
228,-28.082776171761,0.106313769101,-0.780077115882,0.002953160253
229,-27.619727323954,0.165524052014,-0.767214647888,0.004597890334
230,-27.903494257929,0.150863366787,-0.775097062720,0.004190649077
231,-28.475095105769,0.109757060035,-0.790974864049,0.003048807223
232,-28.294727730642,0.121890814140,-0.785964659185,0.003385855948
233,-28.832579649757,0.081408346928,-0.800904990271,0.002261342970
234,-28.549263422349,0.092586461081,-0.793035095065,0.002571846141
235,-28.955238451236,0.076033991689,-0.804312179201,0.002112055325
236,-28.685449205285,0.101279581027,-0.796818033480,0.002813321695
237,-28.626220019225,0.114277645658,-0.795172778312,0.003174379046
238,-28.637522605176,0.096005518017,-0.795486739033,0.002666819945
239,-28.673157747291,0.092734631786,-0.796476604091,0.002575961994
240,-28.937455353979,0.079478318537,-0.803818204277,0.002207731070
241,-28.734470771053,0.106556496764,-0.798179743640,0.002959902688
242,-28.847463382021,0.093780310456,-0.801318427278,0.002605008624
243,-28.485561725581,0.099509653550,-0.791265603488,0.002764157043
244,-28.993961396060,0.087079320703,-0.805387816557,0.002418870020
245,-29.264808123094,0.063949635697,-0.812911336753,0.001776378769
246,-29.104133062936,0.072220102015,-0.808448140637,0.002006113945
247,-29.408242662659,0.055157690785,-0.816895629518,0.001532158077
248,-29.026575672091,0.081578439043,-0.806293768669,0.002266067751
249,-29.273305364062,0.065416538925,-0.813147371224,0.001817126081
250,-28.900467193506,0.089603095460,-0.802790755375,0.002488974874
251,-28.682397127121,0.116266832729,-0.796733253531,0.003229634242
252,-28.079711810932,0.153001522716,-0.779991994748,0.004250042298
253,-28.407162426765,0.140295335853,-0.789087845188,0.003897092663
254,-28.448043987984,0.146974115165,-0.790223444111,0.004082614310
255,-28.555722695717,0.126598607795,-0.793214519325,0.003516627994
256,-28.737554667747,0.136997914330,-0.798265407437,0.003805497620
257,-29.047013884707,0.075368850212,-0.806861496797,0.002093579173
258,-28.756127981774,0.095123605835,-0.798781332827,0.002642322384
259,-28.888304227093,0.080664311521,-0.802452895197,0.002240675320
260,-29.259593165687,0.068431165525,-0.812766476825,0.001900865709
261,-29.358911989799,0.060180889055,-0.815525333050,0.001671691363
262,-29.248422337098,0.079156081013,-0.812456176031,0.002198780028
263,-28.710949405613,0.136358619088,-0.797526372378,0.003787739419
264,-28.890105213164,0.127087455088,-0.802502922588,0.003530207086
265,-28.829688391112,0.100949348398,-0.800824677531,0.002804148567
266,-29.345926388425,0.065288191367,-0.815164621901,0.001813560871
267,-29.300853889607,0.064818925065,-0.813912608045,0.001800525696
268,-28.473007326454,0.145851861518,-0.790916870179,0.004051440598
269,-29.306002823198,0.069159900631,-0.814055633978,0.001921108351
270,-29.324192221227,0.068704012219,-0.814560895034,0.001908444784
271,-29.596804700649,0.051389507618,-0.822133463907,0.001427486323
272,-28.945619687338,0.113940323145,-0.804044991315,0.003165008976
273,-28.404158402930,0.132109991387,-0.789004400081,0.003669721983
274,-28.853988625997,0.128749397171,-0.801499684055,0.003576372144
275,-29.611581333440,0.046144902650,-0.822543925929,0.001281802851
276,-29.371985206146,0.062526672239,-0.815888477948,0.001736852007
277,-29.647626291021,0.040834223585,-0.823545174751,0.001134283988
278,-29.721339193841,0.033607366356,-0.825592755384,0.000933537954
279,-29.732689756687,0.035751677672,-0.825908048797,0.000993102158
280,-29.773114072929,0.027519887020,-0.827030946470,0.000764441306
281,-29.708028173302,0.030998473006,-0.825223004814,0.000861068695
282,-29.631839566117,0.041370414526,-0.823106654614,0.001149178181
283,-29.200707497949,0.072800116116,-0.811130763832,0.002022225448
284,-29.611122882752,0.045839066752,-0.822531191188,0.001273307410
285,-29.734574391069,0.033742820787,-0.825960399752,0.000937300577
286,-29.742632390002,0.030184819675,-0.826184233056,0.000838467213
287,-29.743944986999,0.029664752579,-0.826220694083,0.000824020905
288,-29.771537056349,0.026863954080,-0.826987140454,0.000746220947
289,-29.627243040811,0.046633982964,-0.822978973356,0.001295388416
290,-29.447816893650,0.062239389367,-0.817994913712,0.001728871927
291,-29.379816644777,0.065757933744,-0.816106017910,0.001826609271
292,-29.275899114349,0.068952685497,-0.813219419843,0.001915352375
293,-29.528463077714,0.055726301289,-0.820235085492,0.001547952814
294,-29.553844549234,0.049483772859,-0.820940126368,0.001374549246
295,-29.668914009967,0.046859260649,-0.824136500277,0.001301646129
296,-29.825573001149,0.025320837671,-0.828488138921,0.000703356602
297,-29.705471495475,0.038766757899,-0.825151985985,0.001076854386
298,-29.416939042667,0.063079238321,-0.817137195630,0.001752201064
299,-29.563669399494,0.054159965018,-0.821213038875,0.001504443473
300,-29.694497396028,0.039315203808,-0.824847149890,0.001092088995
301,-29.617190864136,0.050671060523,-0.822699746226,0.001407529459
302,-29.669443212750,0.045343158340,-0.824151200354,0.001259532176
303,-29.622436902052,0.051583283968,-0.822845469501,0.001432868999
304,-28.528895586815,1.133438049449,-0.792469321856,0.031484390262
305,-29.195942593128,0.074806129702,-0.810998405365,0.002077948047
306,-29.535367587241,0.056464588151,-0.820426877423,0.001568460782
307,-29.461339955668,0.058287226308,-0.818370554324,0.001619089620
308,-29.406948526211,0.060104993712,-0.816859681284,0.001669583159
309,-29.423924149873,0.060715580524,-0.817331226385,0.001686543903
310,-29.182321194644,0.075707339370,-0.810620033185,0.002102981649
311,-29.583148311487,0.043697886959,-0.821754119764,0.001213830193
312,-29.567994588704,0.042540072206,-0.821333183020,0.001181668672
313,-29.375615885257,0.066279278482,-0.815989330146,0.001841091069
314,-29.302933055316,0.066936760001,-0.813970362648,0.001859354444
315,-29.179065635710,0.076714934291,-0.810529600992,0.002130970397
316,-29.610572123535,0.037416297694,-0.822515892320,0.001039341603
317,-29.409979911166,0.054105922072,-0.816943886421,0.001502942280
318,-29.085463852448,0.094502656306,-0.807929551457,0.002625073786
319,-29.364603871568,0.057250647043,-0.815683440877,0.001590295751
320,-29.391769905888,0.059015147283,-0.816438052941,0.001639309647
321,-29.530731408270,0.046532125436,-0.820298094674,0.001292559040
322,-29.557546313847,0.043351159396,-0.821042953162,0.001204198872
323,-29.479723142128,0.047644240848,-0.818881198392,0.001323451135
324,-29.391641212230,0.058935753783,-0.816434478118,0.001637104272
325,-29.321098464768,0.060532085838,-0.814474957355,0.001681446829
326,-29.062351726701,0.085679449575,-0.807287547964,0.002379984710
327,-29.358490215859,0.048854817498,-0.815513617107,0.001357078264
328,-29.540442699472,0.037989065042,-0.820567852763,0.001055251807
329,-29.560771490383,0.039495340199,-0.821132541400,0.001097092783
330,-29.449260608795,0.043923276924,-0.818035016911,0.001220091026
331,-29.378491413077,0.101126548990,-0.816069205919,0.002809070805
332,-29.231049750857,0.074802950616,-0.811973604190,0.002077859739
333,-29.316986996110,0.064673014061,-0.814360749892,0.001796472613
334,-29.556355285287,0.042416899436,-0.821009869036,0.001178247207
335,-29.451160015605,0.047329129912,-0.818087778211,0.001314698053
336,-29.487634976366,0.046372576052,-0.819100971566,0.001288127113
337,-29.322187486414,0.074517435455,-0.814505207956,0.002069928763
338,-29.448356784933,0.058233183256,-0.818009910693,0.001617588424
339,-29.385617997610,0.092260574311,-0.816267166600,0.002562793731
340,-29.457780278492,0.050328313946,-0.818271674403,0.001398008721
341,-29.516904544833,0.044707799446,-0.819914015134,0.001241883318
342,-29.607152756136,0.038527803387,-0.822420909893,0.001070216761
343,-29.537419149900,0.040509331899,-0.820483865275,0.001125259219
344,-29.627561336500,0.036478600965,-0.822987814903,0.001013294471
345,-29.710852789895,0.032187548857,-0.825301466386,0.000894098579
346,-29.714891059349,0.030851111517,-0.825413640537,0.000856975320
347,-29.598238385276,0.043813148979,-0.822173288480,0.001217031916
348,-29.554859604347,0.046082555607,-0.820968322343,0.001280070989
349,-29.507993549487,0.050401595158,-0.819666487486,0.001400044310
350,-29.485986998751,0.057635133603,-0.819055194410,0.001600975933
351,-29.687820064527,0.032056182433,-0.824661668459,0.000890449512
352,-29.407727104448,0.064185378366,-0.816881308457,0.001782927177
353,-29.694845761399,0.032706599025,-0.824856826706,0.000908516640
354,-29.693714724601,0.032755171380,-0.824825409017,0.000909865872
355,-29.750803828409,0.031553455071,-0.826411217456,0.000876484863
356,-29.754417577002,0.029347550685,-0.826511599361,0.000815209741
357,-29.664707695247,0.038802483377,-0.824019658201,0.001077846760
358,-29.683863485173,0.036421459627,-0.824551763477,0.001011707212
359,-29.640619864867,0.042264985511,-0.823350551802,0.001174027375
360,-29.794034738013,0.024062849732,-0.827612076056,0.000668412493
361,-29.607922493109,0.059361006022,-0.822442291475,0.001648916834
362,-29.789461320309,0.026411622888,-0.827485036675,0.000733656191
363,-29.720670523404,0.037463941429,-0.825574181206,0.001040665040
364,-29.752672884287,0.030960606748,-0.826463135675,0.000860016854
365,-29.792601779150,0.026989926630,-0.827572271643,0.000749720184
366,-29.617735142012,0.046268596955,-0.822714865056,0.001285238804
367,-29.725157074665,0.029624576529,-0.825698807630,0.000822904904
368,-29.792177152231,0.023298582512,-0.827560476451,0.000647182848
369,-29.739525559078,0.028483276503,-0.826097932197,0.000791202125
370,-29.786386666318,0.025490917940,-0.827399629620,0.000708081054
371,-29.732660287954,0.029531937186,-0.825907230221,0.000820331589
372,-29.761749454735,0.030085660008,-0.826715262632,0.000835712778
373,-29.681001021582,0.052000530973,-0.824472250599,0.001444459194
374,-29.298359230122,0.097303966101,-0.813843311948,0.002702887947
375,-29.823741059356,0.022711421333,-0.828437251649,0.000630872815
376,-29.822774808737,0.020719988497,-0.828410411354,0.000575555236
377,-29.796124851684,0.028461122220,-0.827670134769,0.000790586728
378,-29.789181298510,0.025570842421,-0.827477258292,0.000710301178
379,-29.806712283648,0.023935915833,-0.827964230101,0.000664886551
380,-29.702770213866,0.041125890351,-0.825076950385,0.001142385843
381,-29.828167143359,0.021444568287,-0.828560198427,0.000595682452
382,-29.848652678681,0.019403923307,-0.829129241074,0.000538997870
383,-29.810319377243,0.022385559413,-0.828064427146,0.000621821095
384,-29.879103877735,0.016442093375,-0.829975107715,0.000456724816
385,-29.857336311407,0.018438966954,-0.829370453095,0.000512193527
386,-29.820231394343,0.026986978883,-0.828339760954,0.000749638302
387,-29.866551811990,0.020323799823,-0.829626439222,0.000564549995
388,-29.851818490121,0.022429379629,-0.829217180281,0.000623038323
389,-29.838951070069,0.023646175545,-0.828859751946,0.000656838210
390,-29.844177072771,0.022124319625,-0.829004918688,0.000614564434
391,-29.840832502895,0.020607150231,-0.828912013969,0.000572420840
392,-29.851669681684,0.020547809088,-0.829213046713,0.000570772475
393,-29.880862726375,0.015587169960,-0.830023964622,0.000432976943
394,-29.831437542901,0.021996238942,-0.828651042858,0.000611006637
395,-29.699157271349,0.044164053700,-0.824976590871,0.001226779269
396,-29.718777771260,0.039349268233,-0.825521604757,0.001093035229
397,-29.866978899078,0.021324306779,-0.829638302752,0.000592341855
398,-29.710612481952,0.046402971548,-0.825294791165,0.001288971432
399,-29.837331275164,0.021755514643,-0.828814757643,0.000604319851
400,-29.849795008781,0.020479619264,-0.829160972466,0.000568878313
401,-29.843765711915,0.022760702263,-0.828993491998,0.000632241730
402,-29.892428647599,0.014288172510,-0.830345240211,0.000396893681
403,-29.831860099581,0.029719312584,-0.828662780544,0.000825536461
404,-29.906811416876,0.014399818883,-0.830744761580,0.000399994969
405,-29.858307393351,0.021948458471,-0.829397427593,0.000609679402
406,-29.864324989383,0.018732300677,-0.829564583038,0.000520341685
407,-29.915045130568,0.013875320247,-0.830973475849,0.000385425562
408,-29.838982620278,0.021581597592,-0.828860628341,0.000599488822
409,-29.891428333364,0.017548199601,-0.830317453705,0.000487449989
410,-29.884854089623,0.016470840535,-0.830134835823,0.000457523348
411,-29.904881234725,0.015469989227,-0.830691145409,0.000429721923
412,-29.873826016147,0.019587178146,-0.829828500449,0.000544088282
413,-29.886098298535,0.016654855514,-0.830169397182,0.000462634875
414,-29.887532454575,0.016097316907,-0.830209234849,0.000447147692
415,-29.846443301767,0.021365890709,-0.829067869494,0.000593496964
416,-29.886760849926,0.025566422283,-0.830187801387,0.000710178397
417,-29.895010547698,0.015503460562,-0.830416959658,0.000430651682
418,-29.894848379600,0.015733470730,-0.830412454989,0.000437040854
419,-29.893208274527,0.016093703226,-0.830366896515,0.000447047312
420,-29.924684837071,0.011554404501,-0.831241245474,0.000320955681
421,-29.923638959293,0.011479024448,-0.831212193314,0.000318861790
422,-29.914506004059,0.011770727588,-0.830958500113,0.000326964655
423,-29.926518794656,0.012404092980,-0.831292188740,0.000344558138
424,-29.905452981840,0.014261581567,-0.830707027273,0.000396155044
425,-29.931956854722,0.010926680778,-0.831443245965,0.000303518911
426,-29.853730469871,0.029551603576,-0.829270290830,0.000820877877
427,-29.911352573069,0.014462634614,-0.830870904807,0.000401739850
428,-29.914161178788,0.013685064894,-0.830948921633,0.000380140692
429,-29.925824745570,0.015193046030,-0.831272909599,0.000422029056
430,-29.943565879554,0.012421230874,-0.831765718877,0.000345034191
431,-29.877161092192,0.018094619806,-0.829921141450,0.000502628328
432,-29.927628200368,0.010756094488,-0.831323005566,0.000298780402
433,-29.908811895570,0.015617937248,-0.830800330433,0.000433831590
434,-29.887176447383,0.018283119416,-0.830199345761,0.000507864428
435,-29.920742442653,0.016253535085,-0.831131734518,0.000451487086
436,-29.922067384437,0.012260399120,-0.831168538457,0.000340566642
437,-29.926874553770,0.012896496462,-0.831302070938,0.000358236013
438,-29.932065323028,0.011093872130,-0.831446258973,0.000308163115
439,-29.908895039516,0.014910252024,-0.830802639987,0.000414173667
440,-29.917712057017,0.012113225167,-0.831047557139,0.000336478477
441,-29.945546048742,0.010589443729,-0.831820723576,0.000294151215
442,-29.952759776434,0.008722652332,-0.832021104901,0.000242295898
443,-29.922541567234,0.011854918674,-0.831181710201,0.000329303297
444,-29.924563674783,0.011349701843,-0.831237879855,0.000315269496
445,-29.939873085286,0.011244346717,-0.831663141258,0.000312342964
446,-29.961202268961,0.008546291034,-0.832255618582,0.000237396973
447,-29.955608996678,0.008502104883,-0.832100249908,0.000236169580
448,-29.948815319689,0.008953868767,-0.831911536658,0.000248718577
449,-29.929217032827,0.015885190823,-0.831367139801,0.000441255301
450,-29.953434121521,0.008094349104,-0.832039836709,0.000224843031
451,-29.955243408842,0.009117270299,-0.832090094690,0.000253257508
452,-29.952450170820,0.008222730715,-0.832012504745,0.000228409187
453,-29.934419731942,0.012327722876,-0.831511659221,0.000342436747
454,-29.938625617540,0.010442183403,-0.831628489376,0.000290060650
455,-29.930662914204,0.011221383332,-0.831407303172,0.000311705093
456,-29.919857630003,0.012874045984,-0.831107156389,0.000357612388
457,-29.944887263464,0.010996746572,-0.831802423985,0.000305465183
458,-29.950095347027,0.009012808298,-0.831947092973,0.000250355786
459,-29.952505118727,0.008963791680,-0.832014031076,0.000248994213
460,-29.932696188938,0.011934230233,-0.831463783026,0.000331506395
461,-29.942704712359,0.010404828700,-0.831741797566,0.000289023019
462,-29.960533665590,0.008339000211,-0.832237046266,0.000231638895
463,-29.933125191305,0.011124332889,-0.831475699758,0.000309009247
464,-29.950141873370,0.009470191645,-0.831948385371,0.000263060879
465,-29.945147626120,0.010655989927,-0.831809656281,0.000295999720
466,-29.970567019464,0.006774003127,-0.832515750541,0.000188166754
467,-29.955514367866,0.008803562081,-0.832097621330,0.000244543391
468,-29.972782639691,0.005102986393,-0.832577295547,0.000141749622
469,-29.924951621828,0.014038241607,-0.831248656162,0.000389951156
470,-29.965192772064,0.007717180409,-0.832366465891,0.000214366122
471,-29.967001451555,0.006624300670,-0.832416706988,0.000184008352
472,-29.965568124855,0.007757857248,-0.832376892357,0.000215496035
473,-29.942200696432,0.011304678386,-0.831727797123,0.000314018844
474,-29.971999809144,0.006586124554,-0.832555550254,0.000182947904
475,-29.961624460188,0.009182706783,-0.832267346116,0.000255075188
476,-29.959230466033,0.008336884201,-0.832200846279,0.000231580117
477,-29.950833641690,0.010311047144,-0.831967601158,0.000286417976
478,-29.962243580536,0.009847812939,-0.832284543904,0.000273550359
479,-29.963851099066,0.009893970508,-0.832329197196,0.000274832514
480,-29.954052236979,0.010263046654,-0.832057006583,0.000285084629
481,-29.931001387753,0.014585460292,-0.831416705215,0.000405151675
482,-29.721585271877,0.045014577122,-0.825599590885,0.001250404920
483,-29.917962262070,0.022243119808,-0.831054507280,0.000617864439
484,-29.964883896115,0.009111623089,-0.832357886003,0.000253100641
485,-29.979297369691,0.006660228165,-0.832758260269,0.000185006338
486,-29.978303205556,0.004912643631,-0.832730644599,0.000136462323
487,-29.973706811143,0.005968430796,-0.832602966976,0.000165789744
488,-29.975112461236,0.006939942680,-0.832642012812,0.000192776186
489,-29.979920202118,0.004777400965,-0.832775561170,0.000132705582
490,-29.971122095692,0.007416553377,-0.832531169325,0.000206015372
491,-29.950918411214,0.009637104917,-0.831969955867,0.000267697359
492,-29.971331701274,0.006931051569,-0.832536991702,0.000192529210
493,-29.972938432665,0.006735970645,-0.832581623130,0.000187110296
494,-29.981546299166,0.005361998917,-0.832820730532,0.000148944414
495,-29.972348047165,0.007437213509,-0.832565223532,0.000206589264
496,-29.965349293632,0.007475953010,-0.832370813712,0.000207665361
497,-29.972956924980,0.006292461666,-0.832582136805,0.000174790602
498,-29.989769874592,0.004292356643,-0.833049163183,0.000119232129
499,-29.953714941987,0.009500706481,-0.832047637277,0.000263908513
500,-29.962366363279,0.008335017580,-0.832287954536,0.000231528266
501,-29.969973431656,0.007758421761,-0.832499261990,0.000215511716
502,-29.971377667449,0.005947257594,-0.832538268540,0.000165201600
503,-29.982387724344,0.004862665446,-0.832844103454,0.000135074040
504,-29.974386800631,0.006405564696,-0.832621855573,0.000177932353
505,-29.972189693554,0.006815298177,-0.832560824821,0.000189313838
506,-29.967391303695,0.007116910150,-0.832427536214,0.000197691949
507,-29.972397312119,0.006912297276,-0.832566592003,0.000192008258
508,-29.975803018056,0.006006608245,-0.832661194946,0.000166850229
509,-29.984209821606,0.004026604287,-0.832894717267,0.000111850119
510,-29.971408625342,0.007363564026,-0.832539128482,0.000204543445
511,-29.988218727578,0.003690068656,-0.833006075766,0.000102501907
512,-29.893345494281,0.024861854206,-0.830370708174,0.000690607061
513,-29.988890891518,0.004106649718,-0.833024746987,0.000114073603
514,-29.979025374815,0.005169510549,-0.832750704856,0.000143597515
515,-29.968825626644,0.007311516930,-0.832467378518,0.000203097693
516,-29.977185968129,0.005857477957,-0.832699610226,0.000162707721
517,-29.982239547296,0.004608844520,-0.832839987425,0.000128023459
518,-29.971819016526,0.012352860737,-0.832550528237,0.000343135020
519,-29.764591734300,0.044311452220,-0.826794214842,0.001230873673
520,-29.957612777248,0.012603825558,-0.832155910479,0.000350106265
521,-29.985257787874,0.004378364737,-0.832923827441,0.000121621243
522,-29.974855469909,0.008107749622,-0.832634874164,0.000225215267
523,-29.989669298839,0.003578477711,-0.833046369412,0.000099402159
524,-29.981268685881,0.006474416971,-0.832813019052,0.000179844916
525,-29.984074356032,0.005257661623,-0.832890954334,0.000146046156
526,-29.984878782168,0.004665785444,-0.832913299505,0.000129605151
527,-29.970336529412,0.008780805524,-0.832509348039,0.000243911265
528,-29.985086304045,0.004716679379,-0.832919064001,0.000131018872
529,-29.987091322369,0.004287338403,-0.832974758955,0.000119092733
530,-29.979691722307,0.006348304743,-0.832769214509,0.000176341798
531,-29.994702307571,0.000892737781,-0.833186175210,0.000024798272
532,-29.987503104314,0.004785837238,-0.832986197342,0.000132939923
533,-29.979503104283,0.005753345302,-0.832763975119,0.000159815147
534,-29.981507216740,0.005565508255,-0.832819644909,0.000154597452
535,-29.804613136223,0.036494498182,-0.827905920451,0.001013736061
536,-29.802738476460,0.040030594857,-0.827853846568,0.001111960968
537,-29.890850572583,0.027512098653,-0.830301404794,0.000764224963
538,-29.988126037258,0.004208354404,-0.833003501035,0.000116898733
539,-29.982727001322,0.005511985237,-0.832853527815,0.000153110701
540,-29.981329638124,0.005673294596,-0.832814712170,0.000157591517
541,-29.986935507427,0.004521511816,-0.832970430762,0.000125597550
542,-29.991141227246,0.003242572890,-0.833087256312,0.000090071469
543,-29.981540291417,0.005488843123,-0.832820563650,0.000152467865
544,-29.985545139484,0.004601315876,-0.832931809430,0.000127814330
545,-29.979745393926,0.006503549225,-0.832770705387,0.000180654145
546,-29.984348576392,0.005317647056,-0.832898571566,0.000147712418
547,-29.982951702021,0.006048177403,-0.832859769501,0.000168004928
548,-29.988356963535,0.004092206855,-0.833009915654,0.000113672413
549,-29.990960150939,0.003963641566,-0.833082226415,0.000110101155
550,-29.990762194063,0.004265916203,-0.833076727613,0.000118497672
551,-29.997166304243,0.001507505147,-0.833254619562,0.000041875143
552,-29.988165270032,0.004080030215,-0.833004590834,0.000113334173
553,-29.983365391775,0.005434744246,-0.832871260883,0.000150965118
554,-29.993372414583,0.002225920352,-0.833149233738,0.000061831121
555,-29.983769843455,0.005295209227,-0.832882495652,0.000147089145
556,-29.989975332740,0.003325979099,-0.833054870354,0.000092388308
557,-29.988376626295,0.005677074775,-0.833010461842,0.000157696522
558,-29.987978196628,0.003811533324,-0.832999394351,0.000105875926
559,-29.990982626209,0.004058195682,-0.833082850728,0.000112727658
560,-29.984581284057,0.004449432754,-0.832905035668,0.000123595354
561,-29.991186583514,0.003307178645,-0.833088516209,0.000091866073
562,-29.995590217719,0.002109721110,-0.833210839381,0.000058603364
563,-29.987788855255,0.004709176458,-0.832994134868,0.000130810457
564,-29.990591932828,0.003929744472,-0.833071998134,0.000109159569
565,-29.997396989058,0.001345037091,-0.833261027474,0.000037362141
566,-29.976590156287,0.007080719088,-0.832683059897,0.000196686641
567,-29.998801314978,0.000649464296,-0.833300036527,0.000018040675
568,-29.987598167955,0.005511941160,-0.832988837999,0.000153109477
569,-29.996203665368,0.001977397125,-0.833227879594,0.000054927698
570,-29.996005632083,0.002265904302,-0.833222378669,0.000062941786
571,-29.968997070960,0.008205438231,-0.832472140860,0.000227928840
572,-29.988006125223,0.004058889563,-0.833000170145,0.000112746932
573,-29.976003840760,0.007256429687,-0.832666773354,0.000201567491
574,-29.996212839330,0.001701488598,-0.833228134426,0.000047263572
575,-29.998815585950,0.000649356677,-0.833300432943,0.000018037685
576,-29.991614526745,0.003752467775,-0.833100403521,0.000104235216
577,-29.997218301663,0.001420802351,-0.833256063935,0.000039466732
578,-29.992818133041,0.002695353998,-0.833133837029,0.000074870944
579,-29.992619307217,0.003530365775,-0.833128314089,0.000098065716
580,-29.992020818879,0.003086382332,-0.833111689413,0.000085732843
581,-29.995823872732,0.002761721931,-0.833217329798,0.000076714498
582,-29.991423365906,0.003559196038,-0.833095093497,0.000098866557
583,-29.985421884528,0.006169419701,-0.832928385681,0.000171372769
584,-29.991826668631,0.003454105717,-0.833106296351,0.000095947381
585,-29.956658366181,0.019255319891,-0.832129399061,0.000534869997
586,-29.984827154061,0.005216817634,-0.832911865391,0.000144911601
587,-29.994433667384,0.002490982358,-0.833178712983,0.000069193954
588,-29.993635095225,0.003093740072,-0.833156530423,0.000085937224
589,-29.998439114332,0.000647973696,-0.833289975398,0.000017999269
590,-29.992436697212,0.003335846717,-0.833123241589,0.000092662409
591,-29.992439888828,0.003034988824,-0.833123330245,0.000084305245
592,-29.987240158573,0.004819072684,-0.832978893294,0.000133863130
593,-29.993444853617,0.003386554595,-0.833151245934,0.000094070961
594,-29.994846998193,0.003084468248,-0.833190194394,0.000085679674
595,-29.992848172106,0.003214364006,-0.833134671447,0.000089287889
596,-29.991849608116,0.002805278721,-0.833106933559,0.000077924409
597,-29.986449155869,0.005742497197,-0.832956920996,0.000159513811
598,-29.996054996010,0.001264629006,-0.833223749889,0.000035128584
599,-29.994055687545,0.002420255332,-0.833168213543,0.000067229315
